tree
version=v4
num_class=1
num_tree_per_iteration=1
label_index=0
max_feature_idx=57
objective=regression
feature_names=age num_comorbidities charlson_score length_of_stay prior_admissions_12mo hemoglobin creatinine egfr sodium bnp systolic_bp diastolic_bp heart_rate respiratory_rate vital_instability num_medications num_high_risk_meds medication_changes lives_alone has_caregiver transportation_access follow_up_within_7_days functional_status medication_complexity severe_kidney_disease moderate_kidney_disease elevated_bnp hypertension anemia frailty_score social_isolation high_utilizer hemoglobin_missing creatinine_missing sodium_missing bnp_missing gender_male admission_diagnosis_COPD admission_diagnosis_Diabetes admission_diagnosis_MI admission_diagnosis_Pneumonia admission_diagnosis_Renal_Failure admission_diagnosis_Sepsis admission_diagnosis_Stroke discharge_disposition_Home discharge_disposition_Home_with_Services discharge_disposition_Rehabilitation discharge_disposition_SNF insurance_Medicare insurance_Private insurance_Uninsured age_group_65-80 age_group_80+ age_group_<50 race_Black race_Hispanic race_Other race_White
feature_infos=[-3.1807518997755952:2.0484693102815581] [0:10] [-1.4837280832772648:5.0923466667976136] [-1.3000365043099904:7.1104972539976279] [0:6] [-2.5590367189820209:2.5194155576745052] [-1.0452291823493955:6.2025224202386671] [-1.4391554848302837:1.4864465112782896] [-3.6558191881928122:4.7200289348819613] [-0.72839779282903439:7.0178421302173204] [-2.4913193077905111:3.5192462252513268] [-2.5136205245167904:3.3398456350315517] [-2.026775241338171:3.7266477566628611] [10:33] [0.02:10] [0:25] [0:7] [0:9] [0:1] [0:1] [0:1] [0:1] [0:6] [-1.4433429936340667:5.3792456485122768] [0:1] [0:1] [0:1] [0:1] [0:1] [-2.5677168618355588:4.3541836120509219] [-1.4028761416217892:2.7900706621972948] [0:1] [0:1] [0:1] [0:1] [0:1] [0:1] [0:1] [0:1] [0:1] [0:1] [0:1] [0:1] [0:1] [0:1] [0:1] [0:1] [0:1] [0:1] [0:1] [0:1] [0:1] [0:1] [0:1] [0:1] [0:1] [0:1] [0:1]
tree_sizes=2794 2904 2907 2922 2907 2909 2915 2882 2900 2922 2931 2937 2921 2898 2942 2930 2923 2918 2921 2909 2946 2928 2941 2840 2935 2937 2915 2924 2930 2936 2922 2955 2950 2948 2941 2938 2962 2918 2931 2955 2917 2955 2938 2949 2919 2922 2936 2977 2941 2928 2943 2919 2950 2944 2390 2928 2985 2909 2957 2262 2948 2739 2918 2122 2269 2656 2751 2974 2951 2805 2421 2960 2474 2959 2868 2951 2939 2292 2456 2935 2946 2961 2755 2389 2947 2943 2921 2240 1767 2607 2835 2321 2214 1837 2407 2916 2494 2674 2620 2239 2024 2413 2838 2413 2484 2017 2914 2152 2397 2950 2959 1866 2923 2368 2043 2960 2316 2005 2799 2134 2589 2391 2758 2957 1757 1135 2932 2971 2128 1780 2501 1948 1845 1952 2952 2260 2668 2126 2995 2685 1785 2023 1784 1890 2174 2339 2036 1616 2844 2145 2851 2033 1795 1603 1774 2162 1421 1228 2738 1696 1131 2772 2961 1789 1723 2117 2592 1778 2956 2919 1519 2932 2952 1872 2835

Tree=0
num_leaves=31
num_cat=0
split_feature=21 21 44 45 48 49 16 51 29 27 27 40 34 51 12 0 0 17 3 1 48 45 43 9 27 11 12 29 1 6
split_gain=82.9726 308.074 48.2295 107.823 23.224 55.6898 9.52559 8.60641 7.91316 7.92105 37.9155 5.89695 3.79938 4.20935 4.13995 3.54594 3.04124 4.17738 6.10993 3.00152 2.99247 2.74729 2.32444 2.07186 1.49254 1.33964 1.24681 1.06859 1.01514 0.755642
threshold=1.0000000180025095e-35 0.99988648089087229 1.0000000180025095e-35 1.0000000180025095e-35 1.0000000180025095e-35 1.0000000180025095e-35 0.99775815936918899 1.0000000180025095e-35 1.2289972040648613 0.99952829236618446 0.00092838185607260011 1.0000000180025095e-35 0.99944630601664541 1.0000000180025095e-35 0.87624090045183245 0.55372907276948358 0.75600529198806765 1.9955975600497167 -0.67331987842430296 2.999984640577309 1.0000000180025095e-35 1.0000000180025095e-35 1.0000000180025095e-35 0.17624590683429203 0.33345352170628401 0.17670042800396993 0.47311668878313201 -0.16571408544957869 2.5405190789803487 0.54277791355008242
decision_type=2 2 2 2 2 2 2 2 2 2 2 2 2 2 2 2 2 2 2 2 2 2 2 2 2 2 2 2 2 2
left_child=6 -2 8 4 7 -6 11 -4 9 10 -3 12 13 14 -1 -15 17 18 27 -13 -20 -11 25 24 -18 -19 -14 -8 -26 -10
right_child=1 2 3 -5 5 -7 16 -9 29 21 -12 19 26 15 -16 -17 23 22 20 -21 -22 -23 -24 -25 28 -27 -28 -29 -30 -31
leaf_value=0.50553931598947677 0.4750059050468467 0.50686892566325192 0.5082402603113183 0.47501743780516159 0.5005934650107694 0.47503176620076237 0.51975036710719535 0.50105287077715499 0.51870705808869455 0.51363172660035705 0.47507345739471107 0.48967452300785635 0.51803995006242198 0.49527896995708154 0.51841763942931263 0.50702167766258244 0.52078417765440665 0.51602946334619437 0.50735386549340034 0.50382215288611543 0.49773145309625999 0.50782776641672345 0.50268022181146021 0.50637707948243993 0.51751227495908347 0.51075077743225239 0.50790960451977396 0.51038647342995169 0.50793226381461676 0.51142034548944337
leaf_weight=342 1270 1142 1137 430 2182 236 68 660 160 392 102 89 80 163 77 106 144 285 159 64 163 440 54 54 61 225 53 62 56 52
leaf_count=342 1270 1142 1137 430 2182 236 68 660 160 392 102 89 80 163 77 106 144 285 159 64 163 440 54 54 61 225 53 62 56 52
internal_value=0.5 0.497645 0.501791 0.498865 0.501298 0.4981 0.508381 0.505603 0.507733 0.506789 0.504256 0.504615 0.506296 0.504789 0.507922 0.499926 0.511134 0.509787 0.506182 0.495624 0.502468 0.51057 0.512666 0.515455 0.517311 0.513713 0.51405 0.515334 0.51298 0.51695
internal_weight=10508 8203 6933 4645 4215 2418 2305 1797 2288 2076 1244 974 821 688 419 269 1331 1016 452 153 322 832 564 315 261 510 133 130 117 212
internal_count=10508 8203 6933 4645 4215 2418 2305 1797 2288 2076 1244 974 821 688 419 269 1331 1016 452 153 322 832 564 315 261 510 133 130 117 212
is_linear=0
shrinkage=1


Tree=1
num_leaves=31
num_cat=0
split_feature=57 21 21 27 27 22 14 30 30 17 17 30 30 48 35 35 16 35 35 20 51 22 10 23 29 17 1 13 22 40
split_gain=75.8366 66.9804 180.136 33.1143 110.288 16.1585 13.1283 11.8385 15.176 10.6808 21.5161 8.30223 23.0191 7.15645 6.51528 17.3956 5.68155 5.10833 26.7015 5.57021 4.5405 4.69466 3.81662 3.79062 3.60029 2.82277 2.71031 2.44826 2.27011 2.26409
threshold=1.0000000180025095e-35 1.0000000180025095e-35 0.99988648089087229 0.99952829236618446 1.0000000180025095e-35 3.0005536939833553 3.3605017695572914 -0.14763947614101694 -0.55129806481590549 1.0002211483747809 1.9955975600497167 -0.5653545488842191 -0.98346839445852663 1.0000000180025095e-35 0.99944630601664541 0.009205331465844251 1.9999417408089133 0.99944630601664541 1.0000000180025095e-35 0.99970103058260251 1.0000000180025095e-35 4.999886480890873 0.9646595201551692 -1.0559749690316218 -1.4840607490421875 1.9955975600497167 2.999984640577309 16.462252246387749 4.999886480890873 1.0000000180025095e-35
decision_type=2 2 2 2 2 2 2 2 2 2 2 2 2 2 2 2 2 2 2 2 2 2 2 2 2 2 2 2 2 2
left_child=6 16 -3 4 5 -4 7 8 11 28 -11 12 -1 23 15 -15 17 18 19 -2 24 26 -18 -9 -8 -16 -22 -19 -5 -25
right_child=1 2 3 9 -6 -7 20 13 -10 10 -12 -13 -14 14 25 -17 22 27 -20 -21 21 -23 -24 29 -26 -27 -28 -29 -30 -31
leaf_value=0.0023198538800382907 -0.0048768957677567393 -0.023743453979293158 0.0097526507847236869 0.0081286177329353403 -0.02440917946152216 -0.0013636117544018017 0.00067913631788828557 3.6238223176947389e-05 -0.024201320377046771 -0.024566944813596062 0.0037715581275571106 0.0087831130215974551 -0.024281256301496794 0.0043409991450745374 0.0050118627139062255 -0.024272734321861143 0.015574530752682973 0.015853520661813971 -0.024927030696453727 0.007656392704624604 -0.0017926776331100361 0.014946993487161626 0.0014905622469813069 0.014131381673924174 0.014487787961002413 0.016634328582263439 0.0085644238843883506 0.0070305436344683947 0.014984262113015604 0.003594343628980182
leaf_weight=598 103 1078 386 385 548 2131 52 65 60 72 939 290 94 406 101 61 243 121 78 615 145 113 61 454 610 112 111 236 181 59
leaf_count=598 103 1078 386 385 548 2131 52 65 60 72 939 290 94 406 101 61 243 121 78 615 145 113 61 454 610 112 111 236 181 59
internal_value=0 -0.00289331 -0.00533162 -0.00105439 -0.00408442 0.00033948 0.00623532 0.0041299 0.000183399 0.00483138 0.00174621 0.0016807 -0.00128935 0.00739454 0.00390564 0.000588344 0.00667549 0.00506427 0.00282607 0.00585105 0.0109265 0.00645325 0.0127663 0.0114891 0.0134109 0.0111516 0.00268016 0.0100386 0.0103321 0.0129302
internal_weight=10508 7177 5720 4642 3065 2517 3331 2300 1042 1577 1011 982 692 1258 680 467 1457 1153 796 718 1031 369 304 578 662 213 256 357 566 513
internal_count=10508 7177 5720 4642 3065 2517 3331 2300 1042 1577 1011 982 692 1258 680 467 1457 1153 796 718 1031 369 304 578 662 213 256 357 566 513
is_linear=0
shrinkage=0.05


Tree=2
num_leaves=31
num_cat=0
split_feature=57 55 21 21 27 27 14 18 18 30 30 17 46 42 23 51 0 0 13 29 11 22 4 3 8 13 2 23 9 2
split_gain=68.4493 76.9025 52.8774 160.243 27.7851 93.0681 11.8481 10.8107 23.774 9.19909 20.4093 7.28197 5.45652 4.66313 4.46686 4.09597 4.31151 3.78392 3.73518 3.24674 2.60103 2.50126 2.36073 2.11266 2.0219 3.59808 1.91516 1.63572 1.43616 0.525838
threshold=1.0000000180025095e-35 1.0000000180025095e-35 1.0000000180025095e-35 0.99988648089087229 0.99952829236618446 1.0000000180025095e-35 3.3605017695572914 0.99952829236618446 0.012366743945065652 -0.5653545488842191 -0.98346839445852663 1.0002211483747809 1.0000000180025095e-35 1.0000000180025095e-35 -0.64224477323556239 1.0000000180025095e-35 0.21397056782418214 -0.19199670092248808 12.999701030582605 -1.4840607490421875 0.17670042800396993 4.999886480890873 0.061482065958316456 0.26199533699639693 -0.49408890348847684 18.450010352300847 0.26909759697239355 -0.85950941628006472 -0.39386665478579436 0.70763904736537186
decision_type=2 2 2 2 2 2 2 2 2 2 2 2 2 2 2 2 2 2 2 2 2 2 2 2 2 2 2 2 2 2
left_child=6 2 12 -4 5 -5 7 8 9 10 -1 -6 14 -11 17 19 -17 -2 -9 -8 -14 23 -16 -18 25 -21 27 -20 -26 -28
right_child=1 -3 3 4 11 -7 15 18 -10 13 -12 -13 20 -15 22 16 21 -19 26 24 -22 -23 -24 -25 28 -27 29 -29 -30 -31
leaf_value=0.0023387311116284111 0.0095455426684108221 -0.023585548069487941 -0.02255535397370333 0.0012826079032065172 0.010259563669474388 -0.023200491713099965 0.00064524472789434918 -0.0010375461560409173 -0.023822162875056126 0.007546752974331568 -0.023071672531043138 0.0030683486774360259 0.0044283408904033121 -0.0021516780495052217 0.014604249637821649 -0.0049883735970661751 0.0096748590589434188 0.00021450039370330957 0.0025876130036563494 0.016282809680624153 -0.010505335124677509 0.015479940733824369 0.0085714755377013785 -0.00068912259425116837 0.010731164309859377 0.0017060227875984096 0.021183476491585574 0.012642397743438845 0.017339267807933486 0.014467099028887029
leaf_weight=595 183 417 934 2424 559 462 52 53 83 978 91 959 56 141 224 70 124 270 55 86 60 95 629 80 118 85 67 169 321 68
leaf_count=595 183 417 934 2424 559 462 52 53 83 978 91 959 56 141 224 70 124 270 55 86 60 95 629 80 118 85 67 169 321 68
internal_value=2.29226e-07 -0.00274852 -0.00146209 -0.00374511 0.000243454 -0.00263566 0.00592411 0.0039238 0.00231884 0.00352492 -0.00102762 0.00572029 0.00710422 0.00632015 0.00802837 0.0103808 0.00613088 0.0039963 0.0112641 0.0127409 -0.0032553 0.00875157 0.0101631 0.00558771 0.0137635 0.00907149 0.0130939 0.0101982 0.0155773 0.0178506
internal_weight=10508 7177 6760 5338 4404 2886 3331 2300 1888 1805 686 1518 1422 1119 1306 1031 369 453 412 662 116 299 853 204 610 171 359 224 439 135
internal_count=10508 7177 6760 5338 4404 2886 3331 2300 1888 1805 686 1518 1422 1119 1306 1031 369 453 412 662 116 299 853 204 610 171 359 224 439 135
is_linear=0
shrinkage=0.05


Tree=3
num_leaves=31
num_cat=0
split_feature=21 21 44 45 47 57 53 23 25 25 1 14 19 35 35 35 12 41 14 14 8 3 23 31 11 10 30 11 10 31
split_gain=62.5524 232.132 40.5489 89.8666 61.7828 24.6734 7.22045 6.86784 5.42058 26.9211 3.93757 4.37413 4.40013 4.57275 3.72221 22.5003 3.89861 3.99563 3.64447 3.05463 3.01972 2.77776 2.61322 2.28777 2.27876 1.72417 1.49413 1.36059 1.34219 2.05636
threshold=1.0000000180025095e-35 0.99988648089087229 1.0000000180025095e-35 1.0000000180025095e-35 1.0000000180025095e-35 1.0000000180025095e-35 1.0000000180025095e-35 -0.64224477323556239 0.0043101856371638011 0.99973034052983667 2.999984640577309 3.9492373842713415 1.0000000180025095e-35 0.99944630601664541 0.99944630601664541 0.022304792749224103 -0.53915331705990333 1.0000000180025095e-35 4.671153121997123 2.4708378291074911 -0.30014883978102541 0.14974252036532057 0.82281232723758724 1.0000000180025095e-35 -0.67959318110984912 -0.087526812628391196 0.27371186789599861 -0.17637953234343076 -0.98879437736403675 0.99883613163232965
decision_type=2 2 2 2 2 2 2 2 2 2 2 2 2 2 2 2 2 2 2 2 2 2 2 2 2 2 2 2 2 2
left_child=7 -2 6 4 5 -4 8 10 18 -10 11 12 -1 -14 15 16 17 -9 -3 23 27 -21 -18 -8 -16 -22 -27 -12 -26 -30
right_child=1 2 3 -5 -6 -7 19 14 9 -11 20 -13 13 -15 24 -17 22 -19 -20 21 25 -23 -24 -25 28 26 -28 -29 29 -31
leaf_value=0.0083416824663515628 -0.021695526681841007 0.0090504663826427977 0.0081164699179357321 -0.022899352728807769 -0.024038915042751338 -0.00022860096231703793 0.00095891322597501175 0.007071050425281002 -0.023870165770422419 0.0083233696235708865 -0.0050557327476435576 0.0098437283129346118 -0.0093873016393474819 0.0049193705204354371 0.019743164718211241 -0.024129297824229224 0.0095546550582311165 -0.0082718874260404116 0.016171453453663578 0.0017419633949156224 0.0056837550347786474 0.014160932728995355 0.016785929919644647 -0.0093629930436102994 0.017801677376357333 0.020083152909066454 0.0090897993113432975 0.0058475933721061748 0.0067387184868319214 0.015401328806602988
leaf_weight=76 1270 967 1328 430 231 2656 153 244 73 578 52 95 193 78 99 53 535 51 224 145 95 66 167 82 64 65 64 63 205 106
leaf_count=76 1270 967 1328 430 231 2656 153 244 73 578 52 95 193 78 99 53 535 51 224 145 95 66 167 82 64 65 64 63 205 106
internal_value=4.78984e-07 -0.002044 0.00155534 -0.00112745 0.00109295 0.00255197 0.00700383 0.00727828 0.00838638 0.00470255 0.00345491 0.000333534 -0.0022578 -0.00525078 0.009234 0.00756091 0.00925281 0.00439969 0.0103952 0.00128201 0.00750862 0.00565512 0.0112842 -0.00262396 0.0129273 0.0108906 0.0146791 0.000873844 0.0111098 0.00971132
internal_weight=10508 8203 6933 4645 4215 3984 2288 2305 1842 651 781 442 347 271 1524 1050 997 295 1191 446 339 211 702 235 474 224 129 115 375 311
internal_count=10508 8203 6933 4645 4215 3984 2288 2305 1842 651 781 442 347 271 1524 1050 997 295 1191 446 339 211 702 235 474 224 129 115 375 311
is_linear=0
shrinkage=0.05


Tree=4
num_leaves=31
num_cat=0
split_feature=35 35 57 55 44 45 46 22 22 30 14 1 1 5 0 31 37 13 3 5 43 12 2 23 5 15 10 23 0 10
split_gain=58.3005 259.85 26.3419 35.467 20.2735 38.2924 8.57242 8.06424 44.8902 8.16028 6.03606 5.93209 15.8189 4.74205 4.48894 4.40754 4.14397 3.76465 4.80691 3.3928 3.04363 2.78641 1.94158 1.70029 1.49572 1.45851 1.43541 1.40627 1.02399 0.793687
threshold=0.99944630601664541 1.0000000180025095e-35 1.0000000180025095e-35 1.0000000180025095e-35 1.0000000180025095e-35 1.0000000180025095e-35 1.0000000180025095e-35 4.999886480890873 4.0002696594701641 0.27371186789599861 4.8416606941379365 1.9997303405298366 1.000553693983355 0.39182081032581761 0.41782439755281331 0.99883613163232965 1.0000000180025095e-35 18.041124534427357 0.43975276555098036 -0.0094116015628314485 1.0000000180025095e-35 -0.60861471657810118 -0.022609111429434548 -0.68827658024923977 0.27566536910356182 6.9969080886795529 0.11314768461020012 -0.20165460307852237 0.078986063827420308 0.9646595201551692
decision_type=2 2 2 2 2 2 2 2 2 2 2 2 2 2 2 2 2 2 2 2 2 2 2 2 2 2 2 2 2 2
left_child=1 2 11 4 6 -6 -4 8 9 10 13 12 16 -2 15 -13 -1 26 19 25 23 -16 -21 -11 -12 -19 27 -9 -29 -28
right_child=7 -3 3 -5 5 -7 -8 17 -10 20 24 14 -14 -15 21 -17 -18 18 -20 22 -22 -23 -24 -25 -26 -27 29 28 -30 -31
leaf_value=0.0068783490205966691 -0.0001344094118688516 -0.022275592673287631 0.0076410362711328908 -0.021768979949189686 -1.1388364232182235e-05 -0.021656228941900751 -0.0029182121151253579 0.00605962574782694 -0.022891756311365263 0.0075380156997396641 0.015988223032084792 0.0041956247771574367 -0.02351304534577156 0.0076400276546942612 0.0063201869657747633 0.011856066685627277 -0.0040321092311821028 0.0035818220951423689 0.015616222356536501 -0.0096815805615680581 0.0011507945860419996 0.014742467807396985 0.0032080863673844225 0.012685465289794666 0.0059701949065328625 0.013365534910721578 0.01931554643798343 0.0096209710433794726 0.018697319945753459 0.012646401906552127
leaf_weight=493 705 1342 1080 184 2435 223 233 99 141 243 105 670 53 271 141 263 105 91 106 60 88 345 56 514 61 68 117 68 64 84
leaf_count=493 705 1342 1080 184 2435 223 233 99 141 243 105 670 53 271 141 263 105 91 106 60 88 345 56 514 61 68 117 68 64 84
internal_value=7.24607e-07 -0.00232064 0.00198078 -0.000313845 0.000679563 -0.00182997 0.00576334 0.00597502 0.00435225 0.00628909 0.00352559 0.00658887 0.0026254 0.00201971 0.00840337 0.0063614 0.00495392 0.0102153 0.00656386 0.00305201 0.0100171 0.0123111 -0.00341851 0.0110409 0.0123428 0.00780325 0.0134219 0.0106629 0.0140703 0.016561
internal_weight=10508 7567 6225 4155 3971 2658 1313 2941 2128 1987 1142 2070 651 976 1419 933 598 813 381 275 845 486 116 757 166 159 432 231 132 201
internal_count=10508 7567 6225 4155 3971 2658 1313 2941 2128 1987 1142 2070 651 976 1419 933 598 813 381 275 845 486 116 757 166 159 432 231 132 201
is_linear=0
shrinkage=0.05


Tree=5
num_leaves=31
num_cat=0
split_feature=21 21 44 45 47 57 16 29 25 25 40 14 14 34 51 6 14 9 8 0 11 3 45 6 23 23 12 8 5 30
split_gain=53.3719 198.051 33.5327 74.5553 52.9764 20.3081 6.80427 6.40402 5.96967 30.3975 4.66519 4.16493 4.04583 3.12238 3.48626 3.53904 3.02844 3.89579 4.52542 2.93474 2.28743 1.53888 1.70299 1.52963 1.30104 1.08387 1.07384 1.01268 0.850018 0.648762
threshold=1.0000000180025095e-35 0.99988648089087229 1.0000000180025095e-35 1.0000000180025095e-35 1.0000000180025095e-35 1.0000000180025095e-35 0.99775815936918899 1.2289972040648613 1.0000000180025095e-35 0.99973034052983667 1.0000000180025095e-35 2.2596725221233682 4.671153121997123 0.99944630601664541 1.0000000180025095e-35 0.6123124770222288 1.7495303535637619 -0.32197576468773376 0.22712142211515626 0.55372907276948358 -0.8411945216569835 -0.96249084096073501 1.0000000180025095e-35 0.30597107341437518 0.21386863743942394 0.89599567355665133 0.47311668878313201 -0.27379171707899125 -0.11479523828861719 0.27371186789599861
decision_type=2 2 2 2 2 2 2 2 2 2 2 2 2 2 2 2 2 2 2 2 2 2 2 2 2 2 2 2 2 2
left_child=6 -2 7 4 5 -4 10 8 12 -10 13 -12 -3 14 15 -1 17 23 24 -16 28 29 -23 25 -19 -8 -15 -9 -18 -22
right_child=1 2 3 -5 -6 -7 16 27 9 -11 11 -13 -14 26 19 -17 20 18 -20 -21 21 22 -24 -25 -26 -27 -28 -29 -30 -31
leaf_value=0.0045118857218367754 -0.020039212872649582 0.0062134646251763509 0.0074192367833508556 -0.02083319417891517 -0.022251930923133847 -0.00015151414238030077 0.0047992870635576012 0.0097825679983365582 -0.022563923571420754 0.0061309770953369563 -0.01109740550676811 0.0057525386280704062 0.013316100850214839 0.015762061081575542 -0.0049838278536267402 0.017167116906747517 0.011019147013096101 0.011328210428011822 -0.010710497514320055 0.0056939953234148525 0.010800288633883652 0.0097985268567862688 0.0031733286796724112 0.015629701262060931 0.00050477129774210538 0.01339207169127791 0.0063653802916604028 0.017264956486216496 0.018686869878535052 0.018330009466400083
leaf_weight=353 1270 1090 1328 430 231 2656 144 74 108 630 93 60 248 80 163 66 61 56 64 106 64 462 126 74 57 51 53 138 110 62
leaf_count=353 1270 1090 1328 430 231 2656 144 74 108 630 93 60 248 80 163 66 61 56 64 106 64 462 126 74 57 51 53 138 110 62
internal_value=9.62335e-07 -0.0018875 0.00143708 -0.0010025 0.00101982 0.00237094 0.00672356 0.00639184 0.00554212 0.00192246 0.00353892 -0.00445748 0.00753458 0.00503557 0.00366831 0.00652086 0.00904981 0.00566435 -6.89319e-05 -0.000757077 0.0107495 0.00948557 0.00838812 0.00945401 0.00591808 0.00707797 0.0120627 0.0146826 0.0159889 0.0145566
internal_weight=10508 8203 6933 4645 4215 3984 2305 2288 2076 738 974 153 1338 821 688 419 1331 446 177 269 885 714 588 269 113 195 133 212 171 126
internal_count=10508 8203 6933 4645 4215 3984 2305 2288 2076 738 974 153 1338 821 688 419 1331 446 177 269 885 714 588 269 113 195 133 212 171 126
is_linear=0
shrinkage=0.05


Tree=6
num_leaves=31
num_cat=0
split_feature=35 35 25 25 3 3 3 19 19 27 27 1 16 48 51 0 51 0 14 22 25 29 3 14 38 4 14 8 30 22
split_gain=49.8701 221.36 24.6267 111.362 11.0361 23.0372 8.63636 7.57841 24.4753 7.17899 51.3501 6.05779 4.86843 4.04621 3.80119 4.96074 3.50781 3.43137 3.14259 3.8553 3.11921 3.10051 2.77776 2.59054 1.93488 1.76393 1.30457 1.14814 0.999534 0.964511
threshold=0.99944630601664541 1.0000000180025095e-35 1.0000000180025095e-35 0.99973034052983667 -0.71980215760611366 -0.43075179080372944 -0.42904730835112309 0.99944395290190646 1.0000000180025095e-35 0.99952829236618446 1.0000000180025095e-35 2.999984640577309 0.99775815936918899 1.0000000180025095e-35 1.0000000180025095e-35 0.14098591063004298 1.0000000180025095e-35 -0.39728207209049088 2.241223374891252 4.999886480890873 0.064520720478110069 0.60646387092369258 0.14974252036532057 2.6709316133486296 1.0000000180025095e-35 0.99667128552813999 1.0879929535272674 0.2548376011455753 0.69320169128464426 3.2746350914319771
decision_type=2 2 2 2 2 2 2 2 2 2 2 2 2 2 2 2 2 2 2 2 2 2 2 2 2 2 2 2 2 2
left_child=1 2 4 -4 12 -6 -7 8 -5 10 13 -9 16 21 17 -16 -1 -15 19 20 25 22 -2 -14 29 -11 -21 -22 -23 -20
right_child=9 -3 3 7 5 6 -8 11 -10 18 -12 -13 23 14 15 -17 -18 -19 24 26 27 28 -24 -25 -26 -27 -28 -29 -30 -31
leaf_value=0.0081754469677866419 0.004455982095318692 -0.020563487504830918 -0.021601746452678226 0.0043146373155569301 -0.021399098091464334 0.010219830602021788 0.0021691962922519474 0.0030281791339423774 -0.021385683130848317 0.0011289727943879621 -0.021091585180420275 0.010127455037869507 0.0082271275877498235 0.0027346938617713685 -0.014350645252701875 0.0025401457262967022 1.6879244538230847e-05 0.010601217660718464 0.017276629732876289 0.019503166233490125 0.00065324787364986938 0.012374803667942623 0.011839462522415517 0.014646265170148807 0.0044955671981023581 0.0095683213929182546 0.0091926592013838685 -0.0088615351986742318 0.020759532871443897 0.011309170832327747
leaf_weight=320 338 1342 563 458 97 394 2176 704 116 100 189 528 341 284 52 262 226 275 86 51 84 133 208 302 96 169 86 50 53 425
leaf_count=320 338 1342 563 458 97 394 2176 704 116 100 189 528 341 284 52 262 226 275 86 51 84 133 208 302 96 169 86 50 53 425
internal_value=1.30447e-06 -0.00214564 0.00182439 -0.00218642 0.00428979 0.00250091 0.00340571 0.00386419 -0.000873267 0.00552682 0.0035465 0.00607536 0.00829761 0.00645206 0.00414205 -0.000244815 0.00480823 0.00661478 0.00861926 0.00582316 0.00334157 0.00919926 0.00727955 0.0112516 0.0110971 0.00645118 0.0130788 -0.00286372 0.0148007 0.0123264
internal_weight=10508 7567 6225 2369 3856 2667 2570 1806 574 2941 1794 1232 1189 1605 873 314 546 559 1147 540 403 732 546 643 607 269 137 134 186 511
internal_count=10508 7567 6225 2369 3856 2667 2570 1806 574 2941 1794 1232 1189 1605 873 314 546 559 1147 540 403 732 546 643 607 269 137 134 186 511
is_linear=0
shrinkage=0.05


Tree=7
num_leaves=31
num_cat=0
split_feature=21 21 44 45 47 46 16 53 1 40 1 14 34 22 14 14 9 8 14 3 17 22 30 2 1 14 6 14 9 14
split_gain=45.1224 166.431 28.3571 62.7796 44.5461 29.7653 5.85034 5.84675 4.94188 4.20213 4.12215 4.76363 2.89882 3.08659 2.69742 2.64398 3.36208 3.96769 2.58445 2.48322 2.43123 2.41742 1.92516 1.67567 1.50362 2.20544 1.36323 1.17131 1.15264 1.02746
threshold=1.0000000180025095e-35 0.99988648089087229 1.0000000180025095e-35 1.0000000180025095e-35 1.0000000180025095e-35 1.0000000180025095e-35 0.99775815936918899 1.0000000180025095e-35 4.9954634604858557 1.0000000180025095e-35 3.9893355857625767 4.7104553645614251 0.99944630601664541 5.052952076097343 2.2596725221233682 1.7495303535637619 -0.32197576468773376 0.22712142211515626 2.4708378291074911 0.14974252036532057 1.9955975600497167 4.999886480890873 -0.76477152788848279 0.36701688871662203 3.46548865907871 3.7001440277654156 0.30597107341437518 1.0111717849152724 0.35680100227968026 2.5153904573555903
decision_type=2 2 2 2 2 2 2 2 2 2 2 2 2 2 2 2 2 2 2 2 2 2 2 2 2 2 2 2 2 2
left_child=6 -2 7 4 5 -4 8 10 9 12 11 -3 13 -1 -11 16 26 27 21 -20 22 -9 -17 -24 29 -26 -8 -18 -12 -22
right_child=1 2 3 -5 -6 -7 15 18 -10 14 28 -13 -14 -15 -16 20 17 -19 19 -21 24 -23 23 -25 25 -27 -28 -29 -30 -31
leaf_value=0.0034030823229970297 -0.018374464102837339 0.0044913886773465866 0.0029107494854889479 -0.019127837864223455 -0.020414553616842326 -0.022887570960536202 0.006451560861632984 -0.005822590986887614 0.014326497745566259 -0.011192254152119364 0.012679408990520511 0.011894989572812799 0.010639194832972871 -0.0080889034197993374 0.0030163096842792747 0.012567280912036334 0.011169701451788881 -0.010114281876782732 0.0010448028020904772 0.012783417854114307 0.018498993858809529 0.0058369844748485718 0.0022244863475157457 0.011505547980742156 0.0018739107364737252 0.015398848599183815 0.014527378572143524 0.00083016160928692934 0.0043841170872042992 0.012245094763069127
leaf_weight=555 1270 1178 3869 430 231 115 195 176 91 88 346 268 122 65 53 105 50 64 145 66 91 59 201 65 76 51 74 63 50 296
leaf_count=555 1270 1178 3869 430 231 115 195 176 91 88 346 268 122 65 53 105 50 64 145 66 91 59 201 65 76 51 74 63 50 296
internal_value=1.65327e-06 -0.0017347 0.0013129 -0.000930457 0.000925202 0.00216426 0.00618295 0.00586929 0.00322942 0.00207863 0.00711326 0.00586775 0.00358646 0.0021891 -0.00581766 0.00834012 0.00517561 -0.000148731 0.000720001 0.0047446 0.00992848 -0.00287279 0.00680996 0.00451468 0.0121679 0.00735237 0.00869631 0.00545522 0.011646 0.013733
internal_weight=10508 8203 6933 4645 4215 3984 2305 2288 974 883 1842 1446 742 620 141 1331 446 177 446 211 885 235 371 266 514 127 269 113 396 387
internal_count=10508 8203 6933 4645 4215 3984 2305 2288 974 883 1842 1446 742 620 141 1331 446 177 446 211 885 235 371 266 514 127 269 113 396 387
is_linear=0
shrinkage=0.05


Tree=8
num_leaves=31
num_cat=0
split_feature=35 35 25 25 57 54 55 22 22 30 41 29 14 3 4 23 30 13 3 8 5 43 8 8 14 10 17 48 3 10
split_gain=42.6797 188.897 21.1681 95.4661 9.6616 31.0835 19.7764 6.47143 35.2681 6.64724 6.29084 5.37346 4.83645 4.6697 4.32344 3.37947 3.53248 3.06015 3.95069 2.87564 2.78431 2.49585 1.98612 1.93342 1.68713 1.17822 1.28987 1.05609 0.915625 0.740308
threshold=0.99944630601664541 1.0000000180025095e-35 1.0000000180025095e-35 0.99973034052983667 1.0000000180025095e-35 1.0000000180025095e-35 1.0000000180025095e-35 4.999886480890873 4.0002696594701641 0.27371186789599861 1.0000000180025095e-35 0.763694731470004 4.8416606941379365 -0.9876091163022146 0.99667128552813999 1.3602563643347321 -0.5653545488842191 18.041124534427357 0.43975276555098036 -0.19203110011828436 1.0000000180025095e-35 1.0000000180025095e-35 -0.24645797595712163 -0.80221652149817657 2.2814418526962394 0.11314768461020012 2.9999692811546179 1.0000000180025095e-35 0.14974252036532057 0.9646595201551692
decision_type=2 2 2 2 2 2 2 2 2 2 2 2 2 2 2 2 2 2 2 2 2 2 2 2 2 2 2 2 2 2
left_child=1 2 4 -4 15 6 -6 8 9 12 13 -12 14 -5 -2 16 -1 25 19 24 -21 23 -14 -11 -19 26 27 -9 -17 -27
right_child=7 -3 3 10 5 -7 -8 17 -10 21 11 -13 22 -15 -16 28 -18 18 -20 20 -22 -23 -24 -25 -26 29 -28 -29 -30 -31
leaf_value=0.0022113838693117753 -0.0029179707472592768 -0.018998021382784919 -0.020011655751584673 0.010459347314523229 0.0043454784592043549 -0.021300439042088528 -0.019924987895343665 0.011021588404509499 -0.020488020006770535 0.014974335593123576 -0.006677161790479974 0.011253939531087409 0.0032920687836035453 0.003460755029211145 0.0040195918196298122 0.019823365213437867 0.0082010510966301284 -0.010132040141250201 0.013824755939304774 0.0119137354503366 -0.0012177818933648964 0.0007089619807027932 0.01484649978042428 0.0084328156470322192 0.0022433690280533529 0.017302208237928982 0.015024721958327736 0.0028099546818047168 0.010680658903931987 0.010880440381420921
leaf_weight=341 349 1342 563 297 2266 134 87 77 141 142 226 51 59 1232 627 61 910 54 106 99 67 88 107 615 55 117 70 84 57 84
leaf_count=341 349 1342 563 297 2266 134 87 77 141 142 226 51 59 1232 627 61 910 54 106 99 67 88 107 615 55 117 70 84 57 84
internal_value=1.94115e-06 -0.00198417 0.00168316 -0.00203526 0.00396893 0.00210906 0.00344517 0.00511366 0.00365966 0.00537667 0.00356671 -0.00335485 0.0028821 0.00482406 0.00153368 0.00734362 0.00657268 0.00891238 0.0056185 0.00243331 0.00658602 0.00874138 0.0107744 0.00966831 -0.00384541 0.0118039 0.00930037 0.0067727 0.0154621 0.0146501
internal_weight=10508 7567 6225 2369 3856 2487 2353 2941 2128 1987 1806 277 1142 1529 976 1369 1251 813 381 275 166 845 166 757 109 432 231 161 118 201
internal_count=10508 7567 6225 2369 3856 2487 2353 2941 2128 1987 1806 277 1142 1529 976 1369 1251 813 381 275 166 845 166 757 109 432 231 161 118 201
is_linear=0
shrinkage=0.05


Tree=9
num_leaves=31
num_cat=0
split_feature=48 33 33 21 21 41 36 30 30 14 21 25 27 22 16 2 16 14 9 45 27 14 0 23 8 16 0 3 11 9
split_gain=39.8004 29.1925 57.6837 24.1615 58.3448 16.3422 11.7266 9.21184 11.5266 11.3763 6.74285 4.93063 4.76237 3.46625 3.3858 6.0148 3.24658 3.20042 2.92295 2.79377 2.50743 2.47835 2.45822 2.44653 2.16959 2.11219 1.94003 1.70589 1.65158 1.73729
threshold=1.0000000180025095e-35 0.99970103058260251 1.0000000180025095e-35 1.0000000180025095e-35 0.99988648089087229 1.0000000180025095e-35 1.0000000180025095e-35 0.69320169128464426 0.27512405679221202 4.2036404212422696 0.004092556912986601 0.058401568052404505 0.050216625111696507 4.999886480890873 0.99775815936918899 -0.022609111429434548 1.9999417408089133 2.3713253030107926 -0.3221597257535298 1.0000000180025095e-35 0.99952829236618446 3.6506248972564364 0.62223609707590999 0.040335859251777052 -0.66722017904898256 3.9929670843124594 0.14098591063004298 0.43975276555098036 -0.50617628103212586 -0.60611350463681168
decision_type=2 2 2 2 2 2 2 2 2 2 2 2 2 2 2 2 2 2 2 2 2 2 2 2 2 2 2 2 2 2
left_child=6 2 3 16 -5 -6 7 8 9 10 -1 19 -13 -11 15 20 17 -2 21 -9 27 -3 24 -14 -17 28 -18 -8 -16 -30
right_child=1 18 -4 4 5 -7 14 11 -10 13 -12 12 23 -15 25 22 26 -19 -20 -21 -22 -23 -24 -25 -26 -27 -28 -29 29 -31
leaf_value=0.004921816965011018 0.00053794466452710679 -0.00019606572319284902 -0.019770273934904443 -0.016865661108937193 0.00057278988848505894 -0.0087556133523985433 -0.0053194860652780607 0.012197516504194813 -0.019496834186834597 0.0051262039138500453 -0.0031810525751186079 0.0082959024609396952 -0.010848726442902737 0.01573627616655178 0.011091078733648597 -0.0016205995348198322 0.005663296874816641 0.0069396334581302375 0.010865365600460836 0.0025311213898492032 0.0050958662633466692 0.011789155542948048 0.016606774852690364 0.0030271308821008163 0.0090893147070763517 0.018246895142194238 0.015969107460772954 0.0040997089372384003 0.015072047626909566 0.0059161314177382657
leaf_weight=327 421 144 510 707 2724 567 196 314 75 254 1189 118 82 112 299 61 93 367 362 100 151 61 81 51 199 53 94 63 57 676
leaf_count=327 421 144 510 707 2724 567 196 314 75 254 1189 118 82 112 299 61 93 367 362 100 151 61 81 51 199 53 94 63 57 676
internal_value=2.16766e-06 -0.00263881 -0.00375636 -0.0021127 -0.00383449 -0.00103308 0.00358737 0.00143896 -0.000286276 0.000477627 -0.00142976 0.00652286 0.000970737 0.00839007 0.00665256 0.00405805 0.00494207 0.00352629 0.00815802 0.00987589 -1.091e-05 0.0033499 0.00896357 -0.00549207 0.00655772 0.00844324 0.0108762 -0.00300833 0.0079332 0.0066369
internal_weight=10508 6050 5483 4973 3998 3291 4458 2622 1957 1882 1516 665 251 366 1836 751 975 788 567 414 410 205 341 133 260 1085 187 259 1032 733
internal_count=10508 6050 5483 4973 3998 3291 4458 2622 1957 1882 1516 665 251 366 1836 751 975 788 567 414 410 205 341 133 260 1085 187 259 1032 733
is_linear=0
shrinkage=0.05


Tree=10
num_leaves=31
num_cat=0
split_feature=35 35 25 25 3 3 3 19 19 27 27 29 15 3 0 15 48 1 25 8 21 12 19 23 4 25 38 3 6 21
split_gain=37.0741 163.735 18.2585 82.8456 9.22076 18.3347 7.1246 6.27827 19.6633 5.65955 41.1834 5.06512 4.0615 3.52844 3.32078 3.01256 3.12409 2.46263 2.34004 2.28154 1.48854 1.12381 1.07504 1.61531 1.34761 2.04349 1.72956 1.20438 0.895467 0.800237
threshold=0.99944630601664541 1.0000000180025095e-35 1.0000000180025095e-35 0.99973034052983667 -0.71980215760611366 -0.43075179080372944 -0.42904730835112309 0.99944395290190646 1.0000000180025095e-35 0.99952829236618446 1.0000000180025095e-35 0.27387793519223713 5.9977844502453452 -0.72164220609890262 1.4371698099231185 6.9969080886795529 1.0000000180025095e-35 0.99952829236618446 0.010836341618995151 -0.58706051993296315 0.99988648089087229 -0.070477596389988184 0.026688791096054404 0.28675723964879152 0.99667128552813999 0.99973034052983667 1.0000000180025095e-35 -0.43075179080372944 -0.21406693632547552 1.0000000180025095e-35
decision_type=2 2 2 2 2 2 2 2 2 2 2 2 2 2 2 2 2 2 2 2 2 2 2 2 2 2 2 2 2 2
left_child=1 2 4 -4 12 -6 -7 8 -5 10 14 -9 13 -1 15 16 -2 28 -17 -14 29 -16 23 27 25 -24 -26 -19 -11 -3
right_child=9 20 3 7 5 6 -8 11 -10 17 -12 -13 19 -15 21 18 -18 22 -20 -21 -22 -23 24 -25 26 -27 -28 -29 -30 -31
leaf_value=0.0014911748929514253 0.0064102685539185328 -0.019942203819127906 -0.018633842367174105 0.0036682326846756647 -0.019268006052587848 0.0090496017708448073 0.0017373800580375892 0.002982115392871838 -0.019366913728422384 0.0047132082356398826 -0.019056278794988134 0.0097186387553067927 0.015328834765706491 0.0099151272036451486 0.0083063974277695456 0.0099236114765487646 0.00025431963869902284 0.0024483468330416553 0.0035931037672424157 0.0083372673040279632 -0.019243478307114537 0.017663386507248226 0.0012352125303505635 0.016364590178626948 0.0099341857293821743 0.011270836053542722 0.001859473895639665 0.011079515969528712 -0.0046932258232387008 -0.014931437216493683
leaf_weight=380 367 105 563 458 97 394 2176 801 116 51 189 431 160 186 66 391 474 63 238 463 733 69 176 93 440 72 80 122 50 504
leaf_count=380 367 105 563 458 97 394 2176 801 116 51 189 431 160 186 66 391 474 63 238 463 733 69 176 93 440 72 80 122 50 504
internal_value=2.39395e-06 -0.00184866 0.00156564 -0.00188769 0.00368854 0.00205326 0.00286065 0.00333071 -0.000980807 0.00476664 0.0030079 0.00534346 0.00735189 0.00426957 0.00561025 0.00491492 0.00294707 0.00751258 0.00753718 0.0101431 -0.0176889 0.0131354 0.00823245 0.0109344 0.00724662 0.0041723 0.00870213 0.00817018 7.06555e-06 -0.0158067
internal_weight=10508 7567 6225 2369 3856 2667 2570 1806 574 2941 1794 1232 1189 566 1605 1470 841 1147 629 623 1342 135 1046 278 768 248 520 185 101 609
internal_count=10508 7567 6225 2369 3856 2667 2570 1806 574 2941 1794 1232 1189 566 1605 1470 841 1147 629 623 1342 135 1046 278 768 248 520 185 101 609
is_linear=0
shrinkage=0.05


Tree=11
num_leaves=31
num_cat=0
split_feature=57 55 44 45 46 21 30 30 29 46 45 25 25 45 51 1 31 0 27 14 30 40 55 14 0 15 30 9 23 45
split_gain=34.9721 42.2913 24.9826 38.5719 20.9383 18.6978 7.27007 18.2616 6.89294 6.39653 7.36577 4.46711 24.2385 4.25847 3.91885 3.4511 3.34877 2.91905 3.29911 3.82951 2.89065 2.67248 3.94282 2.49977 2.45834 2.32608 2.25087 2.16268 1.81275 1.80657
threshold=1.0000000180025095e-35 1.0000000180025095e-35 1.0000000180025095e-35 1.0000000180025095e-35 1.0000000180025095e-35 1.0000000180025095e-35 -0.5653545488842191 -0.98346839445852663 0.67219146107939587 1.0000000180025095e-35 1.0000000180025095e-35 0.017156789767456552 0.99973034052983667 1.0000000180025095e-35 1.0000000180025095e-35 2.999984640577309 0.99883613163232965 0.62223609707590999 0.16005876126865323 1.5900974369819874 -1.4026254290491655 1.0000000180025095e-35 1.0000000180025095e-35 3.9100418165681963 -0.8045405082316901 6.9969080886795529 -0.98761927137592953 -0.40202546578538562 0.1647225216473108 1.0000000180025095e-35
decision_type=2 2 2 2 2 2 2 2 2 2 2 2 2 2 2 2 2 2 2 2 2 2 2 2 2 2 2 2 2 2
left_child=6 2 8 4 5 -4 7 14 9 13 -11 17 -13 -2 23 28 20 21 -19 -20 -16 22 -8 26 -17 -23 -1 29 -14 -10
right_child=1 -3 3 -5 -6 -7 11 -9 27 10 -12 12 15 -15 16 24 -18 18 19 -21 -22 25 -24 -25 -26 -27 -28 -29 -30 -31
leaf_value=0.0006817194617931106 0.0070210332736660459 -0.017414378536116215 0.0058358612936488963 -0.016449339500207473 -0.01912564115344853 -0.0025556334799150824 0.0092612844447462535 -0.018433079878524626 0.0093687149340899601 -0.00062350606363634263 -0.020161632717923914 -0.018664231065801107 0.00056890270596763172 0.0012368131771466815 0.0019876285168113671 0.0014161588363750008 0.0078485803387839097 0.01473294293117643 -0.0059511809886810549 0.010021502067176224 -0.009537971059606359 -0.0043176305282906216 0.0024798175260601196 0.01277454189665906 0.01245521938712545 0.0081778004478447915 0.0079624772532461609 0.010960970948629063 0.0074040646395722998 -0.0026055004128055902
leaf_weight=238 513 417 840 482 162 3161 628 112 61 232 61 114 261 845 94 65 71 239 50 146 127 107 329 100 243 57 194 339 156 64
leaf_count=238 513 417 840 482 162 3161 628 112 61 232 61 114 261 845 94 65 71 239 50 146 127 107 329 100 243 57 194 339 156 64
internal_value=2.62261e-06 -0.00196201 -0.00100782 -0.00305944 -0.00150757 -0.000792509 0.00423706 0.000494617 0.00349554 0.00197815 -0.00471372 0.0056975 0.00274673 0.00342591 0.00307531 0.00612243 -0.00156524 0.00728506 0.010776 0.00592038 -0.00461438 0.00592512 0.00693566 0.00563158 0.010143 0 0.00396398 0.00888231 0.00313909 0.00320077
internal_weight=10508 7177 6760 4645 4163 4001 3331 936 2115 1651 293 2395 839 1358 824 725 292 1556 435 196 221 1121 957 532 308 164 432 464 417 125
internal_count=10508 7177 6760 4645 4163 4001 3331 936 2115 1651 293 2395 839 1358 824 725 292 1556 435 196 221 1121 957 532 308 164 432 464 417 125
is_linear=0
shrinkage=0.05


Tree=12
num_leaves=31
num_cat=0
split_feature=48 49 27 27 18 18 3 3 57 54 55 5 17 17 29 17 14 44 7 13 2 8 6 30 0 13 8 11 8 57
split_gain=32.2567 72.2754 19.5139 69.9238 13.1895 28.0314 10.1408 10.2457 7.98444 24.4998 15.0561 4.49261 4.29144 10.9757 4.33526 3.74152 3.08512 2.71335 2.56965 2.1947 1.78015 2.0845 1.63067 1.23856 1.01081 0.943874 0.785493 0.701524 0.335502 0.194831
threshold=1.0000000180025095e-35 1.0000000180025095e-35 0.99952829236618446 1.0000000180025095e-35 0.99952829236618446 1.0000000180025095e-35 -1.0096175689182696 -0.72164220609890262 1.0000000180025095e-35 1.0000000180025095e-35 1.0000000180025095e-35 -1.3134941908767213 2.0011858512989225 2.9999692811546179 0.90266096837645993 0.99833302829423731 2.5153904573555903 1.0000000180025095e-35 -0.66093226546064188 20.003775506955364 -0.36344296943083859 -0.10600626290973668 1.5942063407431983 1.7787629547228412 -0.19286645823768292 18.874028157483814 0.32720284292884333 0.16193763905999106 -0.022596676758315497 1.0000000180025095e-35
decision_type=2 2 2 2 2 2 2 2 2 2 2 2 2 2 2 2 2 2 2 2 2 2 2 2 2 2 2 2 2 2
left_child=4 2 3 6 5 8 17 -8 15 10 -10 27 14 -14 -13 19 -17 -2 22 -1 21 -20 25 24 -22 28 -23 -4 -6 -5
right_child=1 -3 11 29 18 -7 7 -9 9 -11 -12 12 13 -15 -16 16 -18 -19 20 -21 23 26 -24 -25 -26 -27 -28 -29 -30 -31
leaf_value=0.0038718754159102094 0.012520831440151401 -0.017693252440925365 0.0078997428626445942 -0.019457617386340321 0.014505443793453582 -0.018333497065257911 -0.018979896615207117 2.5620692054199295e-05 0.0033837428938488841 -0.019063308800994119 -0.017267898514656498 0.0034643442355060902 -0.01812673836515705 0.0022405838723278024 0.011902022099507886 0.0047752039788773208 0.010278388579417829 0.0045747315211809546 -0.0028810684302921757 -0.007293563719822916 0.0080046607021674251 0.012277385808250442 0.0054892402706724231 0.004689301356417621 0.015080335562123542 0.010944291712575011 0.0034901024804141257 0.015137115055121889 0.020386050187160429 -0.016829715346263957
leaf_weight=118 171 683 62 123 51 162 73 2353 2082 140 92 904 76 505 184 544 488 298 80 70 106 51 56 99 106 83 55 86 75 532
leaf_count=118 171 683 62 123 51 162 73 2353 2082 140 92 904 76 505 184 544 488 298 80 70 106 51 56 99 106 83 55 86 75 532
internal_value=2.63252e-06 -0.00237488 -0.000424251 -0.00258202 0.00323028 0.00199355 0.000754343 -0.000544966 0.00292725 0.0011988 0.00250675 0.00378869 0.00304389 -0.000417701 0.00489686 0.00620118 0.00738307 0.00748463 0.00922132 -0.000260555 0.00707691 0.00316446 0.0132201 0.009399 0.0115715 0.0152639 0.00777266 0.0121464 0.0180588 -0.0173337
internal_weight=10508 6050 5367 3550 4458 3696 2895 2426 3534 2314 2174 1817 1669 581 1088 1220 1032 469 762 188 497 186 265 311 212 209 106 148 126 655
internal_count=10508 6050 5367 3550 4458 3696 2895 2426 3534 2314 2174 1817 1669 581 1088 1220 1032 469 762 188 497 186 265 311 212 209 106 148 126 655
is_linear=0
shrinkage=0.05


Tree=13
num_leaves=31
num_cat=0
split_feature=35 35 3 3 25 25 3 22 22 30 3 3 14 5 13 3 8 5 23 43 13 12 22 8 14 21 29 8 17 21
split_gain=30.5156 133.958 15.3244 23.4457 14.5058 51.8597 8.99125 5.14312 27.0577 5.03105 4.54506 22.017 4.00091 4.29145 2.47753 3.33554 2.30344 2.3039 2.29671 2.03894 2.00816 2.00707 1.86032 1.57042 1.40553 1.27257 1.01755 0.948952 0.890583 0.785695
threshold=0.99944630601664541 1.0000000180025095e-35 -1.0096175689182696 -0.72164220609890262 1.0000000180025095e-35 0.99973034052983667 -0.71980215760611366 4.999886480890873 4.0002696594701641 0.27371186789599861 -1.0124444037409732 -1.299348666904341 3.6299277071812006 0.39182081032581761 18.041124534427357 0.43975276555098036 -0.19203110011828436 1.0000000180025095e-35 0.18672339940496499 1.0000000180025095e-35 22.994348731705493 -1.0838634341527265 3.2984678164659464 -0.80221652149817657 2.2814418526962394 0.99988648089087229 -0.97272647384474786 -0.96428623650059997 1.9955975600497167 1.0000000180025095e-35
decision_type=2 2 2 2 2 2 2 2 2 2 2 2 2 2 2 2 2 2 2 2 2 2 2 2 2 2 2 2 2 2
left_child=1 2 10 -4 6 -6 -5 8 9 12 11 18 13 -2 26 16 24 -18 -1 23 21 -12 -14 -11 -16 29 28 -28 -9 -3
right_child=7 25 3 4 5 -7 -8 14 -10 19 20 -13 22 -15 15 -17 17 -19 -20 -21 -22 -23 -24 -25 -26 -27 27 -29 -30 -31
leaf_value=0.0057022794430845484 -0.0015319709118634074 -0.01834351941305155 -0.01910730445724225 0.0093815937085203853 -0.016891173246137658 0.0021989632605853423 0.0018495957618363821 0.0012765625674070185 -0.018121645575842057 0.013081417607640314 0.016693953075014405 -0.019707710720537414 0.014754572952721437 0.0063625171874461678 -0.0095362424960638813 0.012285584481002924 0.010386547211681679 -0.0015570068945650196 0.013993715656370429 0.00019795042161367812 0.017721804465681276 0.0074713245941490621 0.0051957399590817493 0.0071831479254359639 0.0017498682339264996 -0.01744303304791987 0.0053611791478897532 0.01308308559420108 0.010037021226277537 -0.013397943185769102
leaf_weight=268 620 105 151 466 474 1424 2667 52 141 142 70 85 68 238 54 106 99 67 124 88 74 422 216 615 55 733 50 260 70 504
leaf_count=268 620 105 151 466 474 1424 2667 52 141 142 70 85 68 238 54 106 99 67 124 88 74 422 216 615 55 733 50 260 70 504
internal_value=2.74785e-06 -0.00167657 0.00141162 0.00029759 0.000881369 -0.00256655 0.00297176 0.00432514 0.00302863 0.00453283 0.00694119 0.00332902 0.0023619 0.000652535 0.00771178 0.00474636 0.00181875 0.00553782 0.00834073 0.00746026 0.00997541 0.00879677 0.00750646 0.00829775 -0.0037992 -0.0160042 0.0103138 0.0118559 0.00634811 -0.0142617
internal_weight=10508 7567 6225 5182 5031 1898 3133 2941 2128 1987 1043 477 1142 858 813 381 275 166 392 845 566 492 284 757 109 1342 432 310 122 609
internal_count=10508 7567 6225 5182 5031 1898 3133 2941 2128 1987 1043 477 1142 858 813 381 275 166 392 845 566 492 284 757 109 1342 432 310 122 609
is_linear=0
shrinkage=0.05


Tree=14
num_leaves=31
num_cat=0
split_feature=57 54 55 27 27 33 54 55 1 1 14 49 48 9 41 40 27 30 27 30 23 24 14 11 12 21 29 21 48 21
split_gain=27.8153 68.6662 41.6393 15.7719 65.8262 9.19204 7.15015 26.2464 5.3854 7.0714 4.74023 3.83951 13.4342 3.51714 3.42198 3.36413 3.28324 2.84898 2.78777 3.91835 2.22658 2.42336 2.3087 1.21901 1.10907 0.978336 0.927718 0.649779 0.51404 0.269165
threshold=1.0000000180025095e-35 1.0000000180025095e-35 1.0000000180025095e-35 0.99952829236618446 1.0000000180025095e-35 0.99970103058260251 1.0000000180025095e-35 1.0000000180025095e-35 1.9997303405298366 1.000553693983355 1.3111081026073432 1.0000000180025095e-35 1.0000000180025095e-35 0.67266329869566599 1.0000000180025095e-35 1.0000000180025095e-35 0.99952829236618446 -0.14763947614101694 0.043933829422397062 -0.5653545488842191 1.188227484125244 0.99782258833717463 3.4333904655916974 0.7456265005156707 -0.070477596389988184 0.99988648089087229 0.32494460632320099 1.0000000180025095e-35 1.0000000180025095e-35 0.99988648089087229
decision_type=2 2 2 2 2 2 2 2 2 2 2 2 2 2 2 2 2 2 2 2 2 2 2 2 2 2 2 2 2 2
left_child=6 2 3 4 5 -2 10 8 9 13 18 14 -13 -8 -5 17 -17 -10 19 -1 21 22 -12 -20 -23 27 -21 -3 -22 -4
right_child=1 25 29 11 -6 -7 7 -9 15 -11 20 12 -14 -15 -16 16 -18 -19 23 26 28 24 -24 -25 -26 -27 -28 -29 -30 -31
leaf_value=-0.0066020924926037429 0.00088690384785302149 -0.020239535075123025 -0.013820500989688435 0.006558414165773286 -0.015896296819333085 0.0096380124983049681 -0.00018131688646215647 -0.018346643551121863 0.0033959465648376527 -0.017908327738893007 0.0036281009941075883 0.0038655359820757604 -0.017226908476563465 0.01319571777285768 -0.00043537881986788668 -0.0067084535387190508 0.0071103657667453482 0.0089643399545062917 -0.0076192061808775585 0.0061602425249888378 0.01663115598966794 0.016180310881232566 0.0091987975723294198 0.0013671970172159016 0.0086591893572520659 -0.019018170422179639 0.014652836311966884 -0.013828221078659062 0.010318955678421672 -0.016706974955853774
leaf_weight=51 2969 53 179 1323 627 334 448 150 400 53 492 565 87 55 200 102 74 552 89 86 77 88 304 64 123 355 55 247 68 238
leaf_count=51 2969 53 179 1323 627 334 448 150 400 53 492 565 87 55 200 102 74 552 89 86 77 88 304 64 123 355 55 247 68 238
internal_value=2.86757e-06 -0.00174919 -0.00019842 0.000845042 -0.00104455 0.0017736 0.00377931 0.00168254 0.00347057 -0.000548636 0.00634448 0.00426154 0.00104118 0.00127377 0.00563674 0.00545597 -0.000869137 0.00663053 0.00118565 0.00520771 0.00788487 0.0070392 0.00576277 -0.00382909 0.0118258 -0.0171806 0.00951643 -0.0149839 0.0137146 -0.0154835
internal_weight=10508 7177 6522 6105 3930 3303 3331 1834 1684 556 1497 2175 652 503 1523 1128 176 952 345 192 1152 1007 796 153 211 655 141 300 145 417
internal_count=10508 7177 6522 6105 3930 3303 3331 1834 1684 556 1497 2175 652 503 1523 1128 176 952 345 192 1152 1007 796 153 211 655 141 300 145 417
is_linear=0
shrinkage=0.05


Tree=15
num_leaves=31
num_cat=0
split_feature=35 35 41 4 4 34 51 0 33 33 34 16 48 14 14 41 44 14 30 4 30 23 0 24 21 1 54 13 2 21
split_gain=26.2486 114.038 13.298 9.19406 56.9531 8.36622 7.16315 6.44647 4.58888 20.0044 4.47872 4.22587 3.74305 3.67442 3.6551 4.94807 4.5453 3.64197 3.61772 2.79971 2.26256 2.04386 1.8525 1.28564 1.15274 1.09331 1.25524 1.06644 0.797161 0.666865
threshold=0.99944630601664541 1.0000000180025095e-35 1.0000000180025095e-35 1.0000000180025095e-35 0.99667128552813999 1.0000000180025095e-35 1.0000000180025095e-35 0.62223609707590999 0.99970103058260251 1.0000000180025095e-35 0.99944630601664541 1.9999417408089133 1.0000000180025095e-35 2.6123340344983421 2.7908216544385636 1.0000000180025095e-35 1.0000000180025095e-35 3.6299277071812006 0.27371186789599861 2.0004422967495619 0.3943496811330276 -0.73717446139403686 -0.6685460514007513 0.28625118785155745 0.99988648089087229 3.9893355857625767 1.0000000180025095e-35 17.976033820462973 -0.31637755565932396 1.0000000180025095e-35
decision_type=2 2 2 2 2 2 2 2 2 2 2 2 2 2 2 2 2 2 2 2 2 2 2 2 2 2 2 2 2 2
left_child=1 2 3 11 -5 7 -6 13 9 14 -7 17 -12 -4 15 18 -17 -1 -2 22 -9 -21 -16 -13 29 26 27 -10 -29 -3
right_child=8 24 5 4 6 10 -8 20 25 -11 12 23 -14 -15 19 16 -18 -19 -20 21 -22 -23 -24 -25 -26 -27 -28 28 -30 -31
leaf_value=0.0022807192526634826 0.001417650352936557 -0.016885604135883525 0.00079343432941008914 -0.018620336367919602 0.0047261201038332609 -0.018026478476620388 0.00013014104137755892 0.012136043632291364 0.0057109780539831194 -0.0186367530074272 0.0038782967187685085 0.013002191663624582 -0.01138124460886381 -0.0074261341571438023 0.003582584015118009 0.007230644472567581 -0.0095439703090353656 0.0086511675590952384 0.0068042510305338774 -0.0078764039956167077 -0.00044491114813953697 0.0042002244821198543 0.009050215948376069 0.0050683775401840006 -0.016143821008719913 0.014208373427391053 0.001762152641105928 0.0086317054210687076 0.017486619745517171 -0.012316693507461552
leaf_weight=685 737 105 254 335 2180 129 1391 105 96 100 64 228 106 290 211 56 142 336 544 50 53 116 623 69 733 88 69 55 54 504
leaf_count=685 737 105 254 335 2180 129 1391 105 96 100 64 228 106 290 211 56 142 336 544 50 53 116 623 69 733 88 69 55 54 504
internal_value=2.75553e-06 -0.0015547 0.00129459 0.00230681 0.00108671 -0.00398263 0.00293732 -0.000991079 0.00401161 0.00326841 -0.0109869 0.00591852 -0.00560818 -0.00357969 0.00415477 0.0025702 -0.00477314 0.0043827 0.00370942 0.00649286 0.00788661 0.000530031 0.00767351 0.0111781 -0.0147743 0.0092902 0.00768779 0.00965606 0.0130764 -0.0131153
internal_weight=10508 7567 6225 5224 3906 1001 3571 702 2941 2579 299 1318 170 544 2479 1479 198 1021 1281 1000 158 166 834 297 1342 362 274 205 109 609
internal_count=10508 7567 6225 5224 3906 1001 3571 702 2941 2579 299 1318 170 544 2479 1479 198 1021 1281 1000 158 166 834 297 1342 362 274 205 109 609
is_linear=0
shrinkage=0.05


Tree=16
num_leaves=31
num_cat=0
split_feature=48 49 27 27 18 18 36 21 21 21 21 5 29 13 22 23 0 7 6 6 13 13 0 6 6 2 13 11 21 21
split_gain=24.4295 54.0663 14.4304 51.6599 10.3386 21.7316 8.99132 8.44999 24.4218 6.56691 17.1816 3.85126 3.65997 3.65571 3.61416 3.47192 2.84384 2.22405 1.89596 1.70587 1.81945 2.85939 1.56567 1.45081 1.1029 0.880403 0.84098 0.629543 0.383961 0.497632
threshold=1.0000000180025095e-35 1.0000000180025095e-35 0.99952829236618446 1.0000000180025095e-35 0.99952829236618446 1.0000000180025095e-35 1.0000000180025095e-35 1.0000000180025095e-35 0.99988648089087229 1.0000000180025095e-35 0.99988648089087229 -1.3134941908767213 1.1497413604815343 18.996156716355113 4.999886480890873 0.82281232723758724 0.48605161637078836 -0.66093226546064188 -0.81305629605695395 -0.96789938435202849 18.345201347068702 15.989473677927331 -0.94094313275373953 1.5942063407431983 0.28338625926505173 -0.074004983473272681 18.874028157483814 0.16193763905999106 0.99988648089087229 1.0000000180025095e-35
decision_type=2 2 2 2 2 2 2 2 2 2 2 2 2 2 2 2 2 2 2 2 2 2 2 2 2 2 2 2 2 2
left_child=4 2 3 7 5 6 9 13 -9 22 -11 27 14 -2 -13 16 -8 23 -17 -19 21 -21 -1 26 -14 -22 -6 -4 29 -3
right_child=1 28 11 -5 17 -7 15 8 -10 10 -12 12 24 -15 -16 18 -18 19 -20 20 25 -23 -24 -25 -26 -27 -28 -29 -30 -31
leaf_value=0.012717554621653835 0.0026278989333217975 -0.018529978966529904 0.0069578059101642236 -0.01491426413176788 0.016399871156765864 -0.016180665181567095 0.0028080448206706382 -0.014324542443450669 0.0012041386950844089 -0.014655909624127767 0.00087132281720634025 0.00013960522375547137 0.011384072445606174 0.01049252027680711 0.0056635840628020424 0.0022143803908677394 0.0080421545471965686 0.012023767910138389 0.013269962723053903 0.0013795282319556594 -0.0023853399301418782 0.012835021281321121 0.004411068562362265 0.0045439492519314074 0.0030882866299898693 0.0046995085314120852 0.0096845912624926051 0.013813057441467748 -0.016440321127800656 -0.012820787566166399
leaf_weight=67 367 52 62 655 126 162 835 290 1988 204 1399 1059 139 250 412 50 380 99 193 101 96 121 406 56 59 80 83 86 385 246
leaf_count=67 367 52 62 655 126 162 835 290 1988 204 1399 1059 139 250 412 50 380 99 193 101 96 121 406 56 59 80 83 86 385 246
internal_value=2.80496e-06 -0.00206618 -0.00037894 -0.0022346 0.00281175 0.00171662 0.00253888 0.00063289 -0.000771082 0.000422658 -0.00110237 0.00324376 0.00255399 0.00582382 0.00169045 0.00554845 0.00444969 0.00811609 0.0110176 0.00612059 0.004637 0.00764877 0.00560068 0.011836 0.00894014 0.000807493 0.0137629 0.0109817 -0.0153151 -0.0138397
internal_weight=10508 6050 5367 3550 4458 3696 3534 2895 2278 2076 1603 1817 1669 617 1471 1458 1215 762 243 497 398 222 473 265 198 176 209 148 683 298
internal_count=10508 6050 5367 3550 4458 3696 3534 2895 2278 2076 1603 1817 1669 617 1471 1458 1215 762 243 497 398 222 473 265 198 176 209 148 683 298
is_linear=0
shrinkage=0.05


Tree=17
num_leaves=31
num_cat=0
split_feature=33 33 21 21 48 49 18 11 30 40 14 7 8 37 15 0 2 7 0 0 14 2 10 21 21 17 35 35 14 25
split_gain=22.698 66.8846 18.2427 71.0343 11.6582 34.5505 6.08583 3.07581 2.43016 2.36682 3.3891 2.14187 2.26065 2.66671 1.89118 1.50484 1.0948 1.02286 0.805557 0.739991 0.947202 0.733182 0.700306 0.594893 0.656449 0.59064 0.483726 0.565935 0.372695 0.350335
threshold=0.99970103058260251 1.0000000180025095e-35 1.0000000180025095e-35 0.99988648089087229 1.0000000180025095e-35 1.0000000180025095e-35 0.99952829236618446 -1.1739349892178808 0.69320169128464426 1.0000000180025095e-35 2.1614062580215139 1.4864198913646518 0.44793355536638241 1.0000000180025095e-35 4.9874721042351693 0.28226036112787173 -0.074004983473272681 -0.73422909189705055 -0.60083681521545329 0.41782439755281331 3.260891014181261 0.50463784235087661 0.46158982225886475 0.99988648089087229 0.004092556912986601 1.9955975600497167 1.0000000180025095e-35 0.99944630601664541 2.6310123377804771 1.0000000180025095e-35
decision_type=2 2 2 2 2 2 2 2 2 2 2 2 2 2 2 2 2 2 2 2 2 2 2 2 2 2 2 2 2 2
left_child=1 2 7 26 6 -6 -5 14 11 17 -11 12 13 21 -1 16 -14 -9 -10 20 -20 -2 -13 24 -3 -16 29 -28 -21 -4
right_child=8 23 3 4 5 -7 -8 9 18 10 -12 22 15 -15 25 -17 -18 -19 19 28 -22 -23 -24 -25 -26 -27 27 -29 -30 -31
leaf_value=0.0034469371058593735 0.0065050079955467901 -0.018631676004322275 -0.015901070072350695 0.0027036706495653373 0.0010339826884307138 -0.01590588592933349 0.009209398278248692 0.0065707391066138592 0.015135797058098047 -0.0073766732081054637 0.0051384906677848967 0.013556011125329599 -0.0091361191980341549 -0.002113368623563264 0.0089793773601159112 0.0054686728894427165 0.00054462835974297956 0.0036975359013170952 0.0025455777972895866 0.014691359743871108 0.011492278714326431 0.011902331043153381 0.0062017909558274107 -0.017485739675657391 -0.013002353892099659 0.015158967641168954 -0.011089084338200328 -0.015121868221784572 0.0088067140928178075 -0.01292547532351433
leaf_weight=83 238 74 231 2123 2956 335 434 461 77 106 110 90 56 80 71 63 59 1000 73 64 52 91 56 351 246 105 400 125 59 239
leaf_count=83 238 74 231 2123 2956 335 434 461 77 106 110 90 56 80 71 63 59 1000 73 64 52 91 56 351 246 105 400 125 59 239
internal_value=3.02206e-06 -0.000774081 0.000388376 -0.000823348 0.00127725 -0.000689285 0.00381016 0.00467375 0.00694821 0.00388513 -0.000980644 0.00533748 0.00397477 0.00602264 0.00975717 -0.0007034 -0.00412988 0.00460795 0.0105629 0.00911738 0.00631358 0.00801624 0.0107756 -0.0159883 -0.0143252 0.012701 -0.0131733 -0.0120615 0.0119187 -0.0144017
internal_weight=10508 9450 8779 6843 5848 3291 2557 1936 1058 1677 216 733 587 409 259 178 115 1461 325 248 125 329 146 671 320 176 995 525 123 470
internal_count=10508 9450 8779 6843 5848 3291 2557 1936 1058 1677 216 733 587 409 259 178 115 1461 325 248 125 329 146 671 320 176 995 525 123 470
is_linear=0
shrinkage=0.05


Tree=18
num_leaves=31
num_cat=0
split_feature=35 35 3 3 3 3 3 3 33 33 3 3 13 30 14 23 13 36 12 55 21 29 12 8 29 21 45 27 27 27
split_gain=21.3957 92.0844 12.1505 17.6753 10.7319 25.8905 3.61658 16.7582 3.53904 15.9687 3.46621 10.1508 4.37928 2.30301 4.09579 1.95475 1.80456 1.79795 1.78995 1.60446 1.41894 1.039 0.923517 0.881345 1.08509 0.816085 0.492823 0.198277 0.141257 0.150922
threshold=0.99944630601664541 1.0000000180025095e-35 -1.0096175689182696 -0.72164220609890262 -0.71980215760611366 -0.43075179080372944 -1.0124444037409732 -1.299348666904341 0.99970103058260251 1.0000000180025095e-35 0.14974252036532057 -0.12178727426138213 17.128769008892807 -0.14763947614101694 3.5213086549779464 0.18672339940496499 22.994348731705493 1.0000000180025095e-35 -1.0838634341527265 1.0000000180025095e-35 0.99988648089087229 0.93628001984578135 0.79639832972346869 0.61589927366288066 0.142843552366378 1.0000000180025095e-35 1.0000000180025095e-35 0.032737465714435761 0.00092838185607260011 0.99952829236618446
decision_type=2 2 2 2 2 2 2 2 2 2 2 2 2 2 2 2 2 2 2 2 2 2 2 2 2 2 2 2 2 2
left_child=1 2 6 -4 17 -6 7 15 9 10 11 12 -2 14 -12 -1 18 -5 -8 -15 25 22 23 24 -10 -3 28 -28 -22 -30
right_child=8 20 3 4 5 -7 16 -9 21 -11 13 -13 -14 19 -16 -17 -18 -19 -20 -21 26 -23 -24 -25 -26 -27 27 -29 29 -31
leaf_value=0.0047958201895850396 0.0063844011411555608 -0.015577777550971362 -0.01668334152034227 0.0042459758216081651 -0.016161582253375821 0.00069609565408646228 0.015125754041950646 -0.017238633250587838 0.01320727245053354 -0.016600826110218191 0.00048237756986773035 -0.018424886519875502 0.00076145847437452145 0.0092422926722032731 0.011471873410466855 0.012445612922971236 0.016128411494929461 0.0094897577396585442 0.0064188760985726002 0.00072705570881526679 -0.016911860605837895 0.013568453814154778 0.0011727407196451564 0.0032532356530656837 0.0044081200759337304 -0.010585094644268505 -0.01466332443530383 -0.011474573438486898 -0.013500676796217637 -0.016467543135187782
leaf_weight=268 587 105 151 381 241 4115 70 85 108 100 326 57 850 480 115 124 74 294 422 64 223 75 59 65 55 504 112 144 146 108
leaf_count=268 587 105 151 381 241 4115 70 85 108 100 326 57 850 480 115 124 74 294 422 64 223 75 59 65 55 504 112 144 146 108
internal_value=3.068e-06 -0.00140302 0.00115729 0.000165217 0.000672224 -0.000235774 0.006081 0.00285737 0.00362246 0.00296938 0.00376148 0.00223783 0.00306214 0.00606694 0.00336141 0.00723096 0.00878791 0.00653841 0.00767064 0.00825001 -0.0132822 0.00825926 0.00685019 0.00829627 0.0102734 -0.0114565 -0.0147904 -0.0128944 -0.0157946 -0.0147878
internal_weight=10508 7567 6225 5182 5031 4356 1043 477 2941 2579 2479 1494 1437 985 441 392 566 675 492 544 1342 362 287 228 163 609 733 256 477 254
internal_count=10508 7567 6225 5182 5031 4356 1043 477 2941 2579 2479 1494 1437 985 441 392 566 675 492 544 1342 362 287 228 163 609 733 256 477 254
is_linear=0
shrinkage=0.05


Tree=19
num_leaves=31
num_cat=0
split_feature=33 33 41 22 22 14 16 44 30 40 36 25 38 14 30 0 11 8 37 0 15 15 29 0 5 5 21 14 21 21
split_gain=19.355 56.6316 16.4299 13.2073 54.6011 8.76118 7.65339 4.58707 3.73153 3.26875 2.56443 2.44748 2.23545 2.18796 2.13796 2.07159 1.85976 1.85529 2.16067 1.54023 1.51541 1.23019 0.93684 1.33151 1.06101 1.03692 0.78896 0.723189 0.492349 0.582167
threshold=0.99970103058260251 1.0000000180025095e-35 1.0000000180025095e-35 4.999886480890873 4.0002696594701641 3.9492373842713415 1.9999417408089133 1.0000000180025095e-35 -1.4026254290491655 1.0000000180025095e-35 1.0000000180025095e-35 1.0000000180025095e-35 1.0000000180025095e-35 4.3597486431231802 0.69320169128464426 0.010757482348109302 -1.2718797051074906 0.44793355536638241 1.0000000180025095e-35 0.41782439755281331 11.913866637711058 6.2916081165167173 1.1264888206878403 -0.60083681521545329 0.48763970989283861 -0.34845447759711806 0.99988648089087229 4.9719011822284029 0.99988648089087229 1.0000000180025095e-35
decision_type=2 2 2 2 2 2 2 2 2 2 2 2 2 2 2 2 2 2 2 2 2 2 2 2 2 2 2 2 2 2
left_child=1 2 3 4 5 -1 7 13 -9 12 15 -11 -5 -4 16 -8 -2 18 27 21 -12 -19 23 -16 25 -25 -6 -18 29 -3
right_child=14 28 6 9 26 -7 10 8 -10 11 20 -13 -14 -15 22 -17 17 19 -20 -21 -22 -23 -24 24 -26 -27 -28 -29 -30 -31
leaf_value=0.00054499138458727673 0.013694183361084068 -0.01732502335814266 -0.0028310511508001217 0.0065834195549369055 -0.012693663903377167 0.0056618792469467771 -0.0060876763916516904 0.0031151437874187252 -0.0088498968815032778 0.0034053285008634952 0.0035604311023167746 -0.0058827793247246728 0.0022162027635526794 0.0080785438391826597 0.01452223826492054 0.0068428567669670788 0.0064832454894987457 0.0013578614443717758 -0.0010337517058024946 0.0074771200598087069 0.016032269594079242 -0.0078832181707480502 0.015800203199692588 0.0034600665253234964 0.00016095481541243716 0.012127927800642627 -0.016775415495472318 0.012423310162682617 -0.016083297458122137 -0.011965631551557086
leaf_weight=3711 56 72 252 1328 216 1081 76 70 832 193 50 112 381 56 70 52 324 84 91 52 50 62 56 61 52 86 319 64 351 248
leaf_count=3711 56 72 252 1328 216 1081 76 70 832 193 50 112 381 56 70 52 324 84 91 52 50 62 56 61 52 86 319 64 351 248
internal_value=3.03343e-06 -0.000714528 0.000355081 0.00131296 7.96668e-06 0.00170042 -0.00453118 -0.00611613 -0.00791556 0.004762 0.00385723 0 0.00561292 -0.000829282 0.00641644 -0.000794374 0.00490496 0.00416864 0.00585134 7.17125e-05 0.00985609 -0.00253492 0.00980748 0.00853593 0.00639885 0.00856985 -0.0151395 0.00747888 -0.0147141 -0.0131922
internal_weight=10508 9450 8779 7341 5327 4792 1438 1210 902 2014 228 305 1709 308 1058 128 733 677 479 198 100 146 325 269 199 147 535 388 671 320
internal_count=10508 9450 8779 7341 5327 4792 1438 1210 902 2014 228 305 1709 308 1058 128 733 677 479 198 100 146 325 269 199 147 535 388 671 320
is_linear=0
shrinkage=0.05


Tree=20
num_leaves=31
num_cat=0
split_feature=57 55 35 35 34 34 46 1 1 40 53 35 14 2 3 13 6 30 37 30 42 51 55 33 48 9 0 23 21 15
split_gain=19.4493 23.0323 14.2933 50.1327 10.0494 31.9197 6.84877 4.7144 13.491 3.99586 3.57413 3.55261 3.53152 3.05632 3.76004 2.95012 2.90626 2.80641 2.35214 2.56519 2.13067 2.03104 1.92524 1.85377 1.85363 1.70328 1.33101 1.15403 1.04984 0.839846
threshold=1.0000000180025095e-35 1.0000000180025095e-35 0.99944630601664541 1.0000000180025095e-35 1.0000000180025095e-35 0.99944630601664541 1.0000000180025095e-35 1.9997303405298366 1.000553693983355 1.0000000180025095e-35 1.0000000180025095e-35 0.99944630601664541 4.8416606941379365 1.535803093545195 0.14974252036532057 17.128769008892807 0.3183475257517181 -0.14763947614101694 1.0000000180025095e-35 -0.5653545488842191 1.0000000180025095e-35 1.0000000180025095e-35 1.0000000180025095e-35 0.99970103058260251 1.0000000180025095e-35 -0.51145097781653071 -0.32831836336696146 -0.10335856495560673 0.99988648089087229 5.3158804765470373
decision_type=2 2 2 2 2 2 2 2 2 2 2 2 2 2 2 2 2 2 2 2 2 2 2 2 2 2 2 2 2 2
left_child=7 2 3 4 6 -6 -2 8 12 10 17 25 18 14 15 -4 -16 21 23 -20 24 -9 -19 -1 -12 -11 -27 -15 -5 -14
right_child=1 -3 13 28 5 -7 -8 9 -10 11 20 -13 29 27 16 -17 -18 22 19 -21 -22 -23 -24 -25 -26 26 -28 -29 -30 -31
leaf_value=0.001427710582074246 0.0024071051309558292 -0.012865627266411243 0.0037462216187683808 -0.010568061979080499 -0.016930206366291507 0.0025124142743748793 -0.0063545346734002819 0.0063188202576487818 -0.015512482748760398 0.0037639596199585223 0.0071822130033742234 0.0074496205108774962 0.014408072194521518 0.01493775528784836 0.0033132642012462703 -0.0017191717330538423 0.01073522543609306 0.0097396253921095133 -0.012645417110747601 0.00047269888681949768 -0.0065805450359609904 0.00068710870579879882 0.0046918968659688653 0.0091677250826398479 -0.00066009699535965569 0.00023043604135055689 -0.0091948168645564505 0.0055875767739795258 -0.013980326614809274 0.0062244952540391127
leaf_weight=569 2798 417 417 436 323 608 242 370 118 53 135 95 60 67 492 604 182 624 58 102 75 286 278 90 168 52 125 70 521 73
leaf_count=569 2798 417 417 436 323 608 242 370 118 53 135 95 60 67 492 604 182 624 58 102 75 286 278 90 168 52 125 70 521 73
internal_value=3.08928e-06 -0.00146191 -0.000757532 -0.00215993 0.000314658 -0.00422871 0.0017078 0.00316103 0.000421454 0.00445522 0.00531669 -0.000661153 0.00240313 0.00301204 0.0024272 0.000508273 0.00532613 0.00637539 0.00116846 -0.00425632 0.000939317 0.00387163 0.00819013 0.00249359 0.00281872 -0.00403477 -0.00639902 0.0102043 -0.0124322 0.00996195
internal_weight=10508 7177 6760 4928 3971 931 3040 3331 1070 2261 1936 325 952 1832 1695 1021 674 1558 819 160 378 656 902 659 303 230 177 137 957 133
internal_count=10508 7177 6760 4928 3971 931 3040 3331 1070 2261 1936 325 952 1832 1695 1021 674 1558 819 160 378 656 902 659 303 230 177 137 957 133
is_linear=0
shrinkage=0.05


Tree=21
num_leaves=31
num_cat=0
split_feature=57 54 55 27 27 29 54 55 17 17 14 1 1 9 17 27 40 27 15 5 30 23 13 0 29 29 30 21 35 21
split_gain=17.5571 47.6802 26.2058 10.4308 42.653 7.61507 5.21539 18.22 4.15189 11.662 3.8849 3.85225 4.36439 2.82284 2.4849 4.33625 2.32711 2.38134 2.19092 2.07596 1.93572 1.83677 1.57466 1.38513 1.26142 1.76961 1.09902 1.04225 0.880525 0.615227
threshold=1.0000000180025095e-35 1.0000000180025095e-35 1.0000000180025095e-35 0.99952829236618446 1.0000000180025095e-35 1.2289972040648613 1.0000000180025095e-35 1.0000000180025095e-35 1.0002211483747809 1.9955975600497167 1.3111081026073432 1.9997303405298366 1.000553693983355 0.67266329869566599 0.99833302829423731 0.31096125236972721 1.0000000180025095e-35 0.99952829236618446 11.913866637711058 -0.11479523828861719 -0.14763947614101694 -0.98105073699395406 23.996526308798625 -0.46445104986873292 -0.30346334861149876 0.34230889773546069 -0.14429265770524644 0.99988648089087229 0.0043935834348633506 1.0000000180025095e-35
decision_type=2 2 2 2 2 2 2 2 2 2 2 2 2 2 2 2 2 2 2 2 2 2 2 2 2 2 2 2 2 2
left_child=6 2 3 4 5 -2 10 11 18 -10 14 12 13 -8 -1 19 20 -18 -5 -16 -13 24 23 -23 -12 -26 -17 29 -6 -3
right_child=1 27 -4 8 28 -7 7 -9 9 -11 21 16 -14 -15 15 26 17 -19 -20 -21 -22 22 -24 -25 25 -27 -28 -29 -30 -31
leaf_value=-0.008986573498011052 0.00069531779888492868 -0.017072734054311294 -0.012222500106851652 0.0053919096686617192 -0.014743638983126809 0.0089899928505910633 -0.00056891785558380471 -0.015474979976548266 -0.016084064639553201 0.00302150986400409 0.008400186771404243 0.002689786658707752 -0.014333451683799651 0.011417633414052143 0.00016791285057898657 -0.00023087009924626698 -0.0058511364281936453 0.0059151692871461841 0.013487710677374165 0.012332091092120058 0.007283664645491854 0.0040542079444675005 0.014820898546346309 0.0082342309440704732 -0.0070052377452826933 0.005168599839259754 -0.0095278950962578348 -0.016127467298341518 -0.010874534214531738 -0.010887062612307406
leaf_weight=57 2998 53 417 707 304 305 448 150 85 1287 50 400 53 55 55 76 102 74 96 101 552 302 68 613 61 58 56 355 323 247
leaf_count=57 2998 53 417 707 304 305 448 150 85 1287 50 400 53 55 55 76 102 74 96 101 552 302 68 613 61 58 56 355 323 247
internal_value=3.12896e-06 -0.00138875 -9.63813e-05 0.000731257 -0.000805227 0.00146301 0.00300354 0.00121241 0.00350973 0.00183313 0.00519432 0.00270262 -0.000695786 0.000733809 0.000523932 0.00242604 0.00438207 -0.000874997 0.00636756 0.00807832 0.0053592 0.0065885 0.00741785 0.00686065 0.00173344 -0.00103043 -0.00421714 -0.0142476 -0.0127605 -0.0120019
internal_weight=10508 7177 6522 6105 3930 3303 3331 1834 2175 1372 1497 1684 556 503 345 288 1128 176 803 156 952 1152 983 915 169 119 132 655 627 300
internal_count=10508 7177 6522 6105 3930 3303 3331 1834 2175 1372 1497 1684 556 503 345 288 1128 176 803 156 952 1152 983 915 169 119 132 655 627 300
is_linear=0
shrinkage=0.05


Tree=22
num_leaves=31
num_cat=0
split_feature=25 25 16 16 51 14 34 34 34 34 2 32 40 13 43 11 22 9 30 12 9 29 14 5 11 29 2 48 13 21
split_gain=16.3483 72.8616 10.3247 22.4518 8.16948 5.84488 5.6387 12.8278 5.63264 16.5796 4.69262 3.76649 3.03132 2.57086 2.48899 2.49137 2.41496 2.36019 2.53618 2.26131 2.06773 2.05166 2.43424 2.02937 1.87696 1.75525 1.63479 1.53784 1.35402 0.991412
threshold=1.0000000180025095e-35 0.99973034052983667 1.9999417408089133 1.0057895030182598 1.0000000180025095e-35 4.522979066056533 0.99944630601664541 0.010358234114822602 1.0000000180025095e-35 0.99944630601664541 0.46454862166374045 0.0017674004598431001 1.0000000180025095e-35 17.976033820462973 1.0000000180025095e-35 -0.22308661527264298 2.1525239949879462 -0.36233692723811811 0.3696943697645706 -1.0123043995598136 -0.4401152924171961 -0.4499487074607193 3.4557298620114354 -0.070062526775956938 -0.67959318110984912 -0.72841809713093408 0.41060908299264098 1.0000000180025095e-35 13.977424317793856 0.99988648089087229
decision_type=2 2 2 2 2 2 2 2 2 2 2 2 2 2 2 2 2 2 2 2 2 2 2 2 2 2 2 2 2 2
left_child=2 29 3 4 5 11 7 -6 10 -10 12 -1 16 -14 15 21 -3 27 -19 -12 -8 22 -4 25 -21 -17 -7 -11 -25 -2
right_child=1 8 14 -5 6 26 20 -9 9 17 19 -13 13 -15 -16 23 -18 18 -20 24 -22 -23 -24 28 -26 -27 -28 -29 -30 -31
leaf_value=0.0029918948203969493 -0.011572617951844694 0.011628530295100768 6.1605380853746276e-05 -0.014422288319572827 -0.00078175528924182979 0.0057854949934026401 -0.0013033610261814544 -0.015071162521447679 -0.014847087635531796 0.0022244152469239192 0.014382832762453888 -0.0015334975637038904 -0.0096822612554713968 0.0011238553759615011 -0.0014893375554812843 0.0083511022985845364 0.0018147450395563866 0.0083636027438613991 -0.00065004708880286952 0.00024513911393826465 0.0082894048871060607 0.012069099311155218 0.013662351962335097 0.01452892696905041 0.0069947204241273655 -0.0013073311753101738 0.011783828240500237 -0.0079365154128369746 0.0056473102983458654 -0.014668141500160435
leaf_weight=1929 482 66 98 237 1535 383 78 175 190 77 80 602 105 114 106 62 1312 206 124 138 193 275 50 50 425 192 166 71 350 637
leaf_count=1929 482 66 98 237 1535 383 78 175 190 77 80 602 105 114 106 62 1312 206 124 138 193 275 50 50 425 192 166 71 350 637
internal_value=2.94969e-06 -0.00249847 0.00155801 0.00061388 0.00131926 0.00293077 -0.00118376 -0.00224784 0.0016721 -0.00235316 0.00287477 0.00191353 0.00141845 -0.00403639 0.0057816 0.00650193 0.00228922 0.00260465 0.00496234 0.00648324 0.00551048 0.00950304 0.00469634 0.00455204 0.00534951 0.00103292 0.00761012 -0.00261839 0.00677336 -0.0133404
internal_weight=10508 4027 6481 5298 5061 3080 1981 1710 2908 668 2240 2531 1597 219 1183 1077 1378 478 330 643 271 423 148 654 563 254 549 148 400 1119
internal_count=10508 4027 6481 5298 5061 3080 1981 1710 2908 668 2240 2531 1597 219 1183 1077 1378 478 330 643 271 423 148 654 563 254 549 148 400 1119
is_linear=0
shrinkage=0.05


Tree=23
num_leaves=30
num_cat=0
split_feature=33 33 41 21 21 18 16 34 29 48 12 11 36 29 8 12 14 11 7 9 17 30 21 21 27 27 57 57 27
split_gain=15.2844 44.6256 13.0057 9.17737 44.3898 6.37042 6.13012 4.24882 3.89983 2.75731 2.35987 2.54703 2.03207 1.81369 1.67406 1.37321 1.37221 1.31997 1.3597 0.806974 0.743338 0.575861 0.419934 0.493976 0.290526 0.228525 0.152213 0.112896 0.0163333
threshold=0.99970103058260251 1.0000000180025095e-35 1.0000000180025095e-35 1.0000000180025095e-35 0.99988648089087229 0.99952829236618446 1.9999417408089133 1.0000000180025095e-35 1.1616847488074769 1.0000000180025095e-35 1.3555947649311981 -1.1739349892178808 1.0000000180025095e-35 1.1084665987981819 1.2814957575028596 0.2173221893247089 6.3732018913059614 -1.0915918928019011 -0.32989823621859032 -0.30647639960239764 1.9955975600497167 0.27371186789599861 0.99988648089087229 1.0000000180025095e-35 1.0000000180025095e-35 0.9872736820026331 1.0000000180025095e-35 1.0000000180025095e-35 0.96962416881468483
decision_type=2 2 2 2 2 2 2 2 2 2 2 2 2 2 2 2 2 2 2 2 2 2 2 2 2 2 2 2 2
left_child=1 2 3 10 26 -6 7 8 -4 -9 11 -1 15 14 16 -8 17 -2 -19 -12 -14 -15 23 -3 -24 -26 -5 -25 -29
right_child=13 22 6 4 5 -7 12 9 -10 -11 19 -13 20 21 -16 -17 -18 18 -20 -21 -22 -23 24 27 25 -27 -28 28 -30
leaf_value=0.0091837183129842431 0.010588379239111221 -0.015464477360909921 -0.0044313473416693009 -0.013153763175525995 0.0011391749763273002 0.0059992728695566957 0.0036453735217273479 -0.0028374117892996822 0.0078108137334617052 -0.01218880882308126 0.013227106455585589 0.0030416436102157531 0.0043390763347258355 0.0076380909199863902 -0.0012739488841576386 -0.0068497314375672641 0.012533737938912187 0.0019119664457883665 0.0064656391766605816 0.0053780295326617206 0.013170844997593507 0.014413894501591556 -0.016038970503098177 -0.013016386252796342 -0.011156230928760349 -0.015085987505804139 -0.010782673703113074 -0.0093255662776222919 -0.011320422101996378
leaf_weight=195 94 72 736 104 4127 807 75 110 71 293 96 1312 50 67 97 53 67 330 334 54 50 69 161 50 110 80 646 148 50
leaf_count=195 94 72 736 104 4127 807 75 110 71 293 96 1312 50 67 97 53 67 330 334 54 50 69 161 50 110 80 646 148 50
internal_value=2.91388e-06 -0.00063469 0.000314732 0.00116703 0.000211557 0.00193521 -0.00403255 -0.00545121 -0.00334725 -0.00965006 0.00444135 0.00384028 0.00347345 0.00570221 0.00489642 -0.000663179 0.00562803 0.00500947 0.00421068 0.0104402 0.00881366 0.0111206 -0.0130621 -0.0116538 -0.014328 -0.0128442 -0.0111198 -0.0105215 -0.00986002
internal_weight=10508 9450 8779 7341 5684 4934 1438 1210 807 403 1657 1507 228 1058 922 128 825 758 664 150 100 136 671 320 351 190 750 248 198
internal_count=10508 9450 8779 7341 5684 4934 1438 1210 807 403 1657 1507 228 1058 922 128 825 758 664 150 100 136 671 320 351 190 750 248 198
is_linear=0
shrinkage=0.05


Tree=24
num_leaves=31
num_cat=0
split_feature=35 35 3 3 3 3 22 48 49 3 3 10 12 2 19 19 47 12 23 38 12 21 5 6 23 21 5 45 21 33
split_gain=14.4179 61.9253 9.39231 12.9265 7.99357 18.7046 3.50662 2.90525 8.88819 2.80309 12.4482 2.57752 2.85414 2.56533 2.45083 6.79136 2.18798 2.0077 1.70239 1.63042 1.56095 1.30806 1.29402 0.973046 0.885182 0.774397 0.559621 0.433965 0.114457 0.088513
threshold=0.99944630601664541 1.0000000180025095e-35 -1.0096175689182696 -0.72164220609890262 -0.71980215760611366 -0.43075179080372944 5.9996751502361008 1.0000000180025095e-35 1.0000000180025095e-35 -1.0124444037409732 -1.299348666904341 -1.1883660384305235 0.81616269860959112 -0.46098246993500164 0.026688791096054404 0.99944395290190646 1.0000000180025095e-35 -0.070477596389988184 0.18672339940496499 1.0000000180025095e-35 -1.0838634341527265 0.99988648089087229 0.25669626390922823 -0.7060809371856398 -0.40604600445700134 1.0000000180025095e-35 -0.43536213044461863 1.0000000180025095e-35 0.99988648089087229 0.070331818950602323
decision_type=2 2 2 2 2 2 2 2 2 2 2 2 2 2 2 2 2 2 2 2 2 2 2 2 2 2 2 2 2 2
left_child=1 2 9 28 19 -6 7 11 14 10 18 24 16 -14 17 -16 -13 -9 -1 -5 -11 25 26 -22 -2 -3 -8 29 -4 -23
right_child=6 21 3 4 5 -7 22 8 -10 20 -12 12 13 -15 15 -17 -18 -19 -20 -21 23 27 -24 -25 -26 -27 -28 -29 -30 -31
leaf_value=0.003935151701429716 0.0055614255579458103 -0.013138463687715249 -0.012279807592563438 0.0066976526797170215 -0.013810513078647252 0.00051783474191597072 0.0083361363049355968 0.0018487113523111395 -0.013934241630593126 0.014233484521376349 -0.014880491607547789 0.0057445429763131554 -0.0087974876611866763 0.0024504974506181325 -0.016263341941547913 0.0017604573809470205 -0.0012969363320860241 0.0095317204433320781 0.011072765532085534 0.00016167584669885221 0.010304970407331381 -0.013658225478370374 0.0040922833015883345 0.0051943923023703795 0.013579380569486797 -0.0083002865986972069 0.01551327148191476 -0.010565634741535506 -0.015769752327151745 -0.011297169278437429
leaf_weight=268 60 105 64 558 241 4115 51 173 93 79 85 750 80 137 55 1006 128 171 124 117 131 397 74 356 91 504 72 256 87 80
leaf_count=268 60 105 64 558 241 4115 51 173 93 79 85 750 80 137 55 1006 128 171 124 117 131 397 74 356 91 504 72 256 87 80
internal_value=2.78131e-06 -0.00115138 0.000948069 7.57296e-05 0.000509455 -0.000274046 0.00297401 0.00250871 0.00102042 0.00527695 0.00243726 0.00429376 0.00344181 -0.00167534 0.00201479 0.000819985 0.00471227 0.00568407 0.00620797 0.00557235 0.00766044 -0.010893 0.00942527 0.0065812 0.0104323 -0.00914468 0.0125872 -0.0123373 -0.0143328 -0.0132752
internal_weight=10508 7567 6225 5182 5031 4356 2941 2744 1498 1043 477 1246 1095 217 1405 1061 878 344 392 675 566 1342 197 487 151 609 123 733 151 477
internal_count=10508 7567 6225 5182 5031 4356 2941 2744 1498 1043 477 1246 1095 217 1405 1061 878 344 392 675 566 1342 197 487 151 609 123 733 151 477
is_linear=0
shrinkage=0.05


Tree=25
num_leaves=31
num_cat=0
split_feature=57 55 27 27 4 4 31 31 14 34 34 14 30 22 22 13 1 27 9 14 10 25 41 27 0 22 30 35 30 35
split_gain=13.7197 16.0893 10.4823 35.9698 7.69364 24.7136 3.6733 16.8693 3.55529 3.42667 11.8188 3.34439 3.35578 3.26608 8.14841 3.16365 2.62147 1.67076 1.9361 1.84567 2.28169 1.55329 1.51427 1.45657 1.16264 1.5703 1.40645 1.14312 0.919655 0.870599
threshold=1.0000000180025095e-35 1.0000000180025095e-35 0.99952829236618446 1.0000000180025095e-35 1.0000000180025095e-35 0.99667128552813999 0.99883613163232965 0.017265924094630205 3.5633075288194864 1.0000000180025095e-35 0.99944630601664541 4.801870606571085 0.69320169128464426 4.999886480890873 4.0002696594701641 21.001079250879307 0.99952829236618446 0.055012662626252061 0.35680100227968026 1.4403499564651174 0.61059392160590786 0.15855737791576771 1.0000000180025095e-35 0.2965228739287748 -0.39728207209049088 3.997867226025662 -0.5653545488842191 0.0043935834348633506 -0.14763947614101694 0.99944630601664541
decision_type=2 2 2 2 2 2 2 2 2 2 2 2 2 2 2 2 2 2 2 2 2 2 2 2 2 2 2 2 2 2
left_child=6 2 3 4 8 -6 7 11 -2 13 -11 12 16 14 -4 -15 -1 24 19 -19 -21 -14 -12 -13 -8 -26 -27 -5 -25 -29
right_child=1 -3 9 27 5 -7 17 -9 -10 10 22 23 21 15 -16 -17 -18 18 -20 20 -22 -23 -24 28 25 26 -28 29 -30 -31
leaf_value=-0.0057380885008179432 0.0021712118756261434 -0.010758937669154754 0.0027641124124808572 -0.013221036242394818 -0.014929545853493018 0.00047944924213187885 0.010731828539637368 -0.015616662686969877 0.0092881596895826573 -0.013392504210203465 0.0047792275570152365 0.010831859869079785 0.0074527474318067432 0.0085592847950971777 -0.013779812372100037 -0.0010840556826912054 0.0013284088876708549 -0.004495453673283612 0.012130068204640876 -0.0017928879789675047 0.0072554248891250443 0.0016702734666572728 -0.0040635446690009906 -0.0008346681215005389 -0.00073509609103986073 0.0014053413855251715 0.0095188412940067288 -0.0080082707491527672 0.0068954353307416703 -0.013097370768784509
leaf_weight=146 587 417 1242 417 291 2448 164 134 252 149 301 157 321 398 79 107 1279 90 51 114 176 186 57 60 76 75 200 309 102 123
leaf_count=146 587 417 1242 417 291 2448 164 134 252 149 301 157 321 398 79 107 1279 90 51 114 176 186 57 60 76 75 200 309 102 123
internal_value=2.72149e-06 -0.00122763 -0.000638789 -0.00206865 0.000125489 -0.00115631 0.00265511 0.00160626 0.00431565 0.00207228 -0.00155753 0.0026344 0.0018476 0.00308289 0.00176998 0.00650633 0.000600542 0.00529366 0.00297592 0.00173131 0.00368187 0.00534197 0.0033566 0.00738184 0.0072227 0.00556628 0.00732556 -0.0113204 0.00400284 -0.00947152
internal_weight=10508 7177 6760 4427 3578 2739 3331 2385 839 2333 507 2251 1932 1826 1321 505 1425 946 431 380 290 507 358 319 515 351 275 849 162 432
internal_count=10508 7177 6760 4427 3578 2739 3331 2385 839 2333 507 2251 1932 1826 1321 505 1425 946 431 380 290 507 358 319 515 351 275 849 162 432
is_linear=0
shrinkage=0.05


Tree=26
num_leaves=31
num_cat=0
split_feature=25 25 19 19 22 22 4 19 19 29 10 14 3 45 48 29 15 16 0 38 9 9 6 6 10 6 12 35 21 21
split_gain=12.8654 56.7065 9.08977 44.3552 7.54715 22.9807 5.05434 4.91292 14.1716 3.88891 3.44573 3.5114 2.8831 2.04621 2.05178 2.04365 2.16256 1.96955 1.80146 1.79314 1.62798 1.32031 1.61445 2.27128 1.85752 1.23079 1.36703 1.07591 1.04261 1.56214
threshold=1.0000000180025095e-35 0.99973034052983667 1.0000000180025095e-35 0.99944395290190646 4.999886480890873 4.0002696594701641 0.99667128552813999 0.99944395290190646 1.0000000180025095e-35 0.32494460632320099 -1.5376952068814576 6.0824165712211498 -0.42904730835112309 1.0000000180025095e-35 1.0000000180025095e-35 -1.4840607490421875 7.9999846405773098 1.9999417408089133 0.41782439755281331 1.0000000180025095e-35 -0.44850365031234124 0.083461972092500211 -0.23354412821500733 -1.0451002194295131 0.20213756140583658 -0.63937193800956293 -0.10851701792563088 1.0000000180025095e-35 0.99988648089087229 1.0000000180025095e-35
decision_type=2 2 2 2 2 2 2 2 2 2 2 2 2 2 2 2 2 2 2 2 2 2 2 2 2 2 2 2 2 2
left_child=2 28 17 27 5 6 -5 8 13 10 -9 -12 -11 20 -15 16 -6 21 -14 -17 -3 22 23 -1 -24 -23 -27 -4 29 -2
right_child=1 7 3 4 15 -7 -8 9 -10 12 11 -13 18 14 -16 19 -18 -19 -20 -21 -22 25 24 -25 -26 26 -28 -29 -30 -31
leaf_value=0.0071587043750294737 -0.015638621684490855 -0.0016206105941177591 -0.016425499934842543 -0.0010096682973648986 -0.0046867093346656041 -0.013335267204648719 0.0033353950893900575 0.011250265792066665 -0.012959147288310194 0.0098011837810931899 -0.00010551272827302454 0.009699358014478212 0 0.003510214647023543 -0.00805107973815305 0.0068124397200404838 0.0076894327105714285 0.0089166163140491292 0.0071345647218009241 0.0014161740412277567 0.0046994272570230096 0.0142101275889552 0.0088633760991866425 -0.00021175053527119076 0.002171352020148812 0.010716517998938828 -0.00060415044988167046 -0.011609190449715553 -0.013136312140821664 -0.0084975393186098487
leaf_weight=138 99 132 227 994 98 269 2039 82 210 287 1151 99 205 65 92 942 55 257 154 187 431 57 221 425 200 52 53 267 637 383
leaf_count=138 99 132 227 994 98 269 2039 82 210 287 1151 99 205 65 92 942 55 257 154 187 431 57 221 425 200 52 53 267 637 383
internal_value=2.57386e-06 -0.0022164 0.00138213 0.000396765 0.00193186 0.000665932 0.00190976 0.0014627 -0.00153087 0.00287273 0.00132377 0.000667747 0.00605811 0.00179677 -0.00323354 0.00518827 -0.000202994 0.00494469 0.00304992 0.00592327 0.00320874 0.00404889 0.00335106 0.00158693 0.00569741 0.008252 0.00495956 -0.0138353 -0.0117812 -0.00997759
internal_weight=10508 4027 6481 5078 4584 3302 3033 2908 930 1978 1332 1250 646 720 157 1282 153 1403 359 1129 563 1146 984 563 421 162 105 494 1119 482
internal_count=10508 4027 6481 5078 4584 3302 3033 2908 930 1978 1332 1250 646 720 157 1282 153 1403 359 1129 563 1146 984 563 421 162 105 494 1119 482
is_linear=0
shrinkage=0.05


Tree=27
num_leaves=31
num_cat=0
split_feature=33 33 21 21 22 22 13 11 12 40 30 7 8 37 14 29 12 23 35 23 35 29 0 5 19 10 11 35 35 25
split_gain=12.1299 34.158 9.78288 39.1323 7.66489 8.85548 2.70215 2.18751 2.31083 2.07032 1.54163 1.57833 1.58588 1.6743 1.40024 1.28879 1.10325 0.938609 0.851529 0.784773 0.694336 0.64752 1.16094 0.91687 0.90349 0.642561 0.62434 0.590291 0.916529 0.489654
threshold=0.99970103058260251 1.0000000180025095e-35 1.0000000180025095e-35 0.99988648089087229 5.9996751502361008 5.0045029240548375 15.989473677927331 -1.1739349892178808 1.2855116931041721 1.0000000180025095e-35 0.69320169128464426 1.4864198913646518 0.44793355536638241 1.0000000180025095e-35 3.9492373842713415 0.19534305532849514 -0.070477596389988184 -0.7914195788603543 0.013772275336770601 -0.64224477323556239 0.99019700833590363 1.1264888206878403 -0.60083681521545329 0.48763970989283861 0.99944395290190646 0.46158982225886475 -0.23002047978205967 1.0000000180025095e-35 0.99944630601664541 1.0000000180025095e-35
decision_type=2 2 2 2 2 2 2 2 2 2 2 2 2 2 2 2 2 2 2 2 2 2 2 2 2 2 2 2 2 2
left_child=1 2 7 27 5 -5 -6 14 9 -9 11 12 13 26 17 16 -14 -1 -3 -10 -20 22 -12 24 -24 -13 -2 29 -29 -4
right_child=10 18 3 4 6 -7 -8 8 19 -11 21 25 15 -15 -16 -17 -18 -19 20 -21 -22 -23 23 -25 -26 -27 -28 28 -30 -31
leaf_value=-0.00016505451637921809 0.0086704556259602928 -0.013237980215420567 -0.01282455723834265 0.00070737048194393368 0.014438451091852815 -0.015362712682730571 0.0050981788536365799 0.0028442104119779528 0.0031671150439872668 -0.0026386651024789391 0.012479198244685963 0.011110163006216256 -0.0094290173941142807 -0.0020978848660334519 0.013715465199176102 0.0039495731290754002 0.00061289503010447156 0.0075951476733742782 -0.0079790448780496376 0.010837218482098072 -0.013084088262247176 0.012956649338604083 0.0033403033678772683 -0.00071593409193225661 0.011355348933951648 0.0041022171576817834 0.0041219570558110449 -0.0073865715893796898 -0.012388650888352276 -0.0094382482580451094
leaf_weight=53 129 340 231 5368 108 87 285 1319 51 197 70 90 58 80 71 70 50 135 229 110 102 56 82 52 65 56 200 400 125 239
leaf_count=53 129 340 231 5368 108 87 285 1319 51 197 70 90 58 80 71 70 50 135 229 110 102 56 82 52 65 56 200 400 125 239
internal_value=2.45344e-06 -0.000565505 0.000265067 -0.000622115 0.000936788 0.000449881 0.00768071 0.00340336 0.0027379 0.0021283 0.00507972 0.00379488 0.00262453 0.00434153 0.00769012 -0.00129284 -0.00473746 0.00538192 -0.0114381 0.00844207 -0.00957078 0.00796011 0.00689693 0.00490292 0.00692367 0.00846105 0.0059227 -0.00978859 -0.0085892 -0.0111156
internal_weight=10508 9450 8779 6843 5848 5455 393 1936 1677 1516 1058 733 587 409 259 178 108 188 671 161 331 325 269 199 147 146 329 995 525 470
internal_count=10508 9450 8779 6843 5848 5455 393 1936 1677 1516 1058 733 587 409 259 178 108 188 671 161 331 325 269 199 147 146 329 995 525 470
is_linear=0
shrinkage=0.05


Tree=28
num_leaves=31
num_cat=0
split_feature=48 49 34 34 41 18 18 4 4 36 14 42 29 4 23 29 9 29 7 22 9 7 23 7 7 13 11 21 14 21
split_gain=11.296 26.0022 8.15873 23.8139 5.92355 5.64019 11.9379 5.37585 25.568 5.28624 4.93904 4.73107 4.18431 2.43513 2.31659 2.06369 1.98881 1.90585 1.74951 1.72574 1.47101 1.37851 1.4053 1.25912 1.1884 1.13107 1.03114 0.926231 0.880328 0.734706
threshold=1.0000000180025095e-35 1.0000000180025095e-35 1.0000000180025095e-35 0.99944630601664541 1.0000000180025095e-35 0.99952829236618446 1.0000000180025095e-35 1.0000000180025095e-35 0.99667128552813999 1.0000000180025095e-35 3.9100418165681963 1.0000000180025095e-35 1.6660843737837878 0.0092324066708639515 1.2623021712548401 0.54924835712851927 -0.37088949052308567 0.42006318945604482 -0.66093226546064188 5.9996751502361008 -0.3279895083230015 0.26821282542345515 -0.7914195788603543 -1.1437310618892202 -0.73422909189705055 18.345201347068702 -0.42432273942586091 0.99988648089087229 3.3903365234949638 0.99988648089087229
decision_type=2 2 2 2 2 2 2 2 2 2 2 2 2 2 2 2 2 2 2 2 2 2 2 2 2 2 2 2 2 2
left_child=5 2 7 27 16 6 9 15 29 10 12 -10 -1 -12 17 19 -5 -11 23 -2 -6 22 -20 -7 -17 -24 -23 -4 -25 -9
right_child=1 -3 3 4 20 18 -8 8 11 14 13 -13 -14 -15 -16 24 -18 -19 21 -21 -22 26 25 28 -26 -27 -28 -29 -30 -31
leaf_value=-0.0018057464438966777 0.0018837750199642506 -0.010592403155746756 -0.0094889089304583171 -0.0005080125504331336 -0.012999939800940464 0.0040576234771399549 -0.012160802091587333 -0.010325497663154477 0.0022148548420657835 0.0021169679014726257 0.010116786664633053 -0.0039842771976716434 0.011327292771328082 0.0022600274942598656 0.010301766310673345 0.013159343144035216 0.0059623212890789808 0.0062542663442159939 -0.0052568988548363097 0.010380839465155004 -0.0025815250869558968 0.002176623476768291 0.0074659172499888949 0.01402535620552614 0.0056498503313458775 -0.000619314911340825 0.0088126641040176135 -0.013909213790516659 0.0063568976375253869 -0.015089067374888347
leaf_weight=1515 666 683 218 162 62 86 162 163 2422 921 137 352 63 361 134 76 431 403 61 66 78 92 89 120 188 82 173 295 59 188
leaf_count=1515 666 683 218 162 62 86 162 163 2422 921 137 352 63 361 134 76 431 403 61 66 78 92 89 120 188 82 173 295 59 188
internal_value=2.43752e-06 -0.00140431 -0.000233931 -0.00377983 0.00199713 0.00191266 0.00110338 0.000837037 -0.000180988 0.00171316 9.00598e-05 0.00142631 -0.00127757 0.00443306 0.00402064 0.00403586 0.00418649 0.00338043 0.00583074 0.00265805 -0.00723707 0.00406178 0.00122004 0.00912674 0.00783477 0.00356147 0.00652938 -0.0120428 0.0115306 -0.0128947
internal_weight=10508 6050 5367 1246 733 4458 3696 4121 3125 3534 2076 2774 1578 498 1458 996 593 1324 762 732 140 497 232 265 264 171 265 513 179 351
internal_count=10508 6050 5367 1246 733 4458 3696 4121 3125 3534 2076 2774 1578 498 1458 996 593 1324 762 732 140 497 232 265 264 171 265 513 179 351
is_linear=0
shrinkage=0.05


Tree=29
num_leaves=31
num_cat=0
split_feature=25 25 19 19 22 22 4 19 19 23 29 10 14 8 3 8 57 33 16 31 8 23 55 3 21 21 14 35 4 15
split_gain=10.6272 46.4821 7.62512 36.9595 6.30795 19.144 4.31466 4.16679 11.5676 3.61683 3.30979 3.00625 3.05217 2.69407 2.52768 1.99457 1.76365 1.69986 1.68219 1.41221 1.56712 1.72224 1.33421 1.40282 1.12114 1.56328 0.982158 0.917927 0.871709 0.709985
threshold=1.0000000180025095e-35 0.99973034052983667 1.0000000180025095e-35 0.99944395290190646 4.999886480890873 4.0002696594701641 0.99667128552813999 0.99944395290190646 1.0000000180025095e-35 1.1538877882354668 0.32494460632320099 -1.5376952068814576 6.0824165712211498 1.229522633286106 -0.42904730835112309 -0.74352927289767157 1.0000000180025095e-35 0.0074657909811619511 1.9999417408089133 0.012465157553514251 -0.58706051993296315 0.059184268461248406 1.0000000180025095e-35 0.14974252036532057 0.99988648089087229 1.0000000180025095e-35 1.9702199861125289 1.0000000180025095e-35 0.87515147835411278 6.9969080886795529
decision_type=2 2 2 2 2 2 2 2 2 2 2 2 2 2 2 2 2 2 2 2 2 2 2 2 2 2 2 2 2 2
left_child=2 24 18 27 5 6 -5 8 15 13 11 -9 -13 -6 -12 29 -17 -16 19 22 -21 -22 23 -1 25 -2 -20 -4 -24 -3
right_child=1 7 3 4 9 -7 -8 10 -10 -11 14 12 -14 -15 17 16 -18 -19 26 20 21 -23 28 -25 -26 -27 -28 -29 -30 -31
leaf_value=0.0040005766746695655 -0.01446494630093411 0.0037623633204105071 -0.0150333544704448 -0.00096412172449023632 0.0030036538774496171 -0.012181289852861578 0.0030502387260780937 0.010457655223002533 -0.011765359197767618 0.012361397636528069 0.009058836352135901 -0.00014782687243785838 0.0089934822649335045 0.011288956351284584 0.004317024273428601 0.004040471702058711 -0.0016639171069765799 -0.0047503297623612845 0.0038854709765424214 0.0070346806786962014 0.0019277274272452066 -0.0062061869916768091 -0.0049276504078192155 0.0089752096474696383 -0.012073899025115471 -0.0073336557769349085 0.010477717163711162 -0.010577394299903687 0.0043943985909996874 0.011434975934529681
leaf_weight=366 99 70 227 994 1034 269 2039 82 210 139 287 1151 99 109 297 209 384 62 90 98 257 87 50 238 637 383 167 267 50 57
leaf_count=366 99 70 227 994 1034 269 2039 82 210 139 287 1151 99 109 297 209 384 62 90 98 257 87 50 238 637 383 167 267 50 57
internal_value=2.42281e-06 -0.00201428 0.00125629 0.000353715 0.00175509 0.000597596 0.00173298 0.00131652 -0.00144014 0.00473222 0.00261516 0.00118584 0.000572827 0.00379906 0.00555391 0.00156566 0.000338479 0.00273626 0.00451925 0.00369083 0.00145931 -0.000116071 0.00508435 0.00597022 -0.010674 -0.00881145 0.00819101 -0.0126377 -0.000216942 0.0072516
internal_weight=10508 4027 6481 5078 4584 3302 3033 2908 930 1282 1978 1332 1250 1143 646 720 593 359 1403 1146 442 344 704 604 1119 482 257 494 100 127
internal_count=10508 4027 6481 5078 4584 3302 3033 2908 930 1282 1978 1332 1250 1143 646 720 593 359 1403 1146 442 344 704 604 1119 482 257 494 100 127
is_linear=0
shrinkage=0.05


Tree=30
num_leaves=31
num_cat=0
split_feature=33 33 41 3 4 4 4 4 4 4 29 46 11 17 1 1 29 8 14 11 7 35 35 0 35 21 21 27 3 48
split_gain=10.0642 27.4855 8.89798 8.15039 10.1586 28.1652 4.83641 4.52894 5.92855 3.66051 2.45816 2.33773 2.19495 1.96407 2.2257 1.86674 1.3311 1.30078 1.05128 1.11227 1.0584 0.768585 0.628959 0.530775 0.22775 0.216698 0.318734 0.114899 0.111245 0.0523929
threshold=0.99970103058260251 1.0000000180025095e-35 1.0000000180025095e-35 -1.0096175689182696 1.0000000180025095e-35 0.99667128552813999 0.99667128552813999 1.0000582591910869 1.996291213216461 1.0000000180025095e-35 0.51442290141240121 1.0000000180025095e-35 0.078433581872870958 2.0011858512989225 4.9954634604858557 3.1672292555498207 1.1084665987981819 1.2814957575028596 6.3732018913059614 -1.0915918928019011 -0.32989823621859032 0.013772275336770601 0.99019700833590363 0.41782439755281331 0.0043935834348633506 0.99988648089087229 0.048885481892206956 0.012633620696579202 -0.43075179080372944 1.0000000180025095e-35
decision_type=2 2 2 2 2 2 2 2 2 2 2 2 2 2 2 2 2 2 2 2 2 2 2 2 2 2 2 2 2 2
left_child=1 2 3 13 11 -6 9 12 -9 10 -4 -5 -8 14 -1 -15 17 18 19 -2 -21 25 29 -18 -11 26 -3 -24 -27 -23
right_child=16 21 6 4 5 -7 7 8 -10 24 -12 -13 -14 15 -16 -17 23 -19 -20 20 -22 22 27 -25 -26 28 -28 -29 -30 -31
leaf_value=0.0052622978776182168 0.0091575398201896845 -0.014086983571509401 -0.0058949654594570742 0.0043608413151813895 -0.01197214339068042 0.0004238268908628353 -0.00029836485775337139 -0.01281059867776743 -0.00069473280289326271 -0.013883662829928804 0.0043517777250338197 -0.0028063223062493184 0.0075908789857268557 0.0037373434314033832 0.014052442734103316 -0.0045457228725539851 0.005742707144817347 -0.0015012182256956916 0.010627653828409854 0.0012765524482878726 0.0052941364177916082 -0.0087231103447493741 -0.013839661050402 0.012236187487799885 -0.010280459606480004 -0.011466145322072976 -0.0089984374356985499 -0.0097881877834188283 -0.014673449321603922 -0.0064480863185570033
leaf_weight=717 94 50 285 1387 515 4146 188 139 372 105 73 123 164 283 81 89 63 97 67 330 334 51 50 73 112 72 119 52 99 178
leaf_count=717 94 50 285 1387 515 4146 188 139 372 105 73 123 164 283 81 89 63 97 67 330 334 51 50 73 112 72 119 52 99 178
internal_value=2.40652e-06 -0.000514891 0.000230096 0.000935161 0.000208851 -0.000944975 -0.0033656 -0.000991685 -0.00400208 -0.00691906 -0.00379095 0.00377357 0.00336422 0.00476136 0.00616244 0.00174152 0.00462722 0.00393583 0.00458126 0.00403889 0.00330547 -0.0102679 -0.00849437 0.00927135 -0.0120526 -0.0119768 -0.0105409 -0.0118348 -0.0133597 -0.00698016
internal_weight=10508 9450 8779 7341 6171 4661 1438 863 511 575 358 1510 352 1170 798 372 1058 922 825 758 664 671 331 136 217 340 169 102 171 229
internal_count=10508 9450 8779 7341 6171 4661 1438 863 511 575 358 1510 352 1170 798 372 1058 922 825 758 664 671 331 136 217 340 169 102 171 229
is_linear=0
shrinkage=0.05


Tree=31
num_leaves=31
num_cat=0
split_feature=35 35 16 16 44 45 22 53 0 34 34 22 45 44 3 27 47 6 13 29 21 34 7 3 23 13 21 21 27 27
split_gain=9.39255 40.7529 6.52688 13.1572 7.36113 9.72059 2.33037 2.2876 4.32009 2.97304 10.472 2.88646 2.26184 2.68278 1.99861 2.03604 1.99067 1.83628 1.83338 1.266 1.23073 1.00594 0.784673 0.7143 0.688363 0.676328 0.668448 0.645631 0.560599 0.316582
threshold=0.99944630601664541 1.0000000180025095e-35 1.9999417408089133 1.0057895030182598 1.0000000180025095e-35 1.0000000180025095e-35 5.9996751502361008 1.0000000180025095e-35 -1.0075450277420936 0.99944630601664541 0.0040539372249490009 3.0486771474882572 1.0000000180025095e-35 1.0000000180025095e-35 0.15016896982863767 0.00092838185607260011 1.0000000180025095e-35 -0.54220535250914659 10.992819584532826 0.8417510906932556 0.99988648089087229 0.15099955785481087 -0.54892331996466759 -0.43075179080372944 -0.76191252540402465 17.976033820462973 1.0000000180025095e-35 0.99988648089087229 0.032737465714435761 0.99952829236618446
decision_type=2 2 2 2 2 2 2 2 2 2 2 2 2 2 2 2 2 2 2 2 2 2 2 2 2 2 2 2 2 2
left_child=1 2 3 4 18 -6 7 9 11 10 16 -9 14 21 19 -16 -2 -13 -1 -4 26 -14 25 -24 -8 -11 -3 -5 -22 -30
right_child=6 20 12 27 5 -7 24 8 -10 22 -12 17 13 -15 15 -17 -18 -19 -20 -21 28 -23 23 -25 -26 -27 -28 -29 29 -31
leaf_value=-0.0053091668386749816 0.0035167118107117599 -0.010840888012672016 0.0059749353500318843 -0.0094060494436137149 -0.00013686252645017484 -0.011112059311736987 0.0028361121733770866 0.0095575052476875623 -0.013058921611067288 0.0083406437799813573 -0.014485093394656394 -0.005477295032108434 0.0041675532702588136 -0.0101665063829955 0.0057377685796576768 -0.0024675976057612044 -0.0011807970620130374 0.0015281038786703035 0.0036361371888224345 0.012047673425500201 -0.011778752133250237 -0.0031692979376942865 0.0046992481332244545 0.011198335126949198 0.0095385501363191259 0.0013702493231251556 -0.0063582029704287576 -0.015615339516545755 -0.0076666960713132927 -0.010727549526534553
leaf_weight=59 1488 105 470 79 3054 216 56 78 64 59 92 144 201 50 170 135 264 265 1515 108 337 60 67 133 141 90 504 108 239 157
leaf_count=59 1488 105 470 79 3054 216 56 78 64 59 92 144 201 50 170 135 264 265 1515 108 337 60 67 133 141 90 504 108 239 157
internal_value=2.1108e-06 -0.000929353 0.000773653 -1.41132e-05 0.000487404 -0.000863676 0.00240036 0.00202059 -0.000852502 0.00274475 0.00193986 0.000743714 0.00409687 0.000412337 0.00538874 0.00208988 0.00280599 -0.000926859 0.00329734 0.00712017 -0.00883211 0.0024612 0.00698141 0.00904956 0.00766106 0.00416762 -0.00714094 -0.0130253 -0.0102292 -0.00889524
internal_weight=10508 7567 6225 5031 4844 3270 2941 2744 551 2193 1844 487 1194 311 883 305 1752 409 1574 578 1342 261 349 200 197 149 609 187 733 396
internal_count=10508 7567 6225 5031 4844 3270 2941 2744 551 2193 1844 487 1194 311 883 305 1752 409 1574 578 1342 261 349 200 197 149 609 187 733 396
is_linear=0
shrinkage=0.05


Tree=32
num_leaves=31
num_cat=0
split_feature=57 54 55 32 32 15 15 31 54 55 25 25 30 1 27 27 17 11 15 11 11 13 29 30 46 21 2 42 21 21
split_gain=8.80663 27.4757 13.2248 6.32725 30.9734 4.57978 5.91238 4.18327 3.1756 10.887 2.44913 5.70375 1.8178 1.68194 1.62698 5.66331 2.86338 1.79881 1.57134 1.45232 1.43782 1.37525 1.22471 1.23444 1.17908 1.13166 1.13071 1.12804 0.793875 0.602431
threshold=1.0000000180025095e-35 1.0000000180025095e-35 1.0000000180025095e-35 1.0000000180025095e-35 0.99967515023610021 6.9969080886795529 6.0002696594701641 0.0022949545664656501 1.0000000180025095e-35 1.0000000180025095e-35 0.017156789767456552 0.99973034052983667 -0.14763947614101694 3.9893355857625767 1.0000000180025095e-35 0.99952829236618446 0.99833302829423731 0.49656797127856972 10.994642351152322 1.7530551427828962 -0.67959318110984912 15.104804227696059 0.32494460632320099 -0.5653545488842191 1.0000000180025095e-35 0.99988648089087229 -0.26585671196784283 1.0000000180025095e-35 0.99988648089087229 1.0000000180025095e-35
decision_type=2 2 2 2 2 2 2 2 2 2 2 2 2 2 2 2 2 2 2 2 2 2 2 2 2 2 2 2 2 2
left_child=8 2 3 5 28 6 -2 -7 14 10 12 -12 13 -10 16 -16 20 18 -17 -19 -1 -13 26 -24 -6 29 -18 -14 -5 -3
right_child=1 25 -4 4 24 7 -8 -9 9 -11 11 21 27 -15 15 17 22 19 -20 -21 -22 -23 23 -25 -26 -27 -28 -29 -30 -31
leaf_value=-0.0080040929685284215 0.00055225609681175045 -0.013384924687290821 -0.0086170639153467232 -0.009319067946324238 0.0037891679541962077 0.0051525602664056289 -0.01277323267601093 0.00050961371228316421 -0.00030295597765003801 -0.0121698937247905 -0.011024501040495939 0.0060905670997760701 0.0059033241378939616 0.0075376009425640704 -0.012770935824982406 -0.0013222065848952453 0.0068910743944893939 0.0075036481731487531 0.0077549411110989066 -0.0014765724315257171 0.0028727366734972947 3.0918031091421421e-05 0.0030558710487035667 0.011428785913453136 -0.0034675399695606604 -0.012685791522781679 0.0016800040447162629 -0.00096070764870939392 -0.013236126384519015 -0.0073395702800212572
leaf_weight=52 2501 53 417 244 876 1208 86 815 404 150 109 127 534 82 59 229 290 268 60 53 72 362 60 187 59 355 167 66 316 247
leaf_count=52 2501 53 417 244 876 1208 86 815 404 150 109 127 534 82 59 229 290 268 60 53 72 362 60 187 59 355 167 66 316 247
internal_value=1.88403e-06 -0.000983761 -2.52624e-06 0.000585199 -0.00223996 0.0015025 0.000106866 0.00328466 0.00212703 0.000728808 0.00188137 -0.000681268 0.003297 0.00101093 0.00383651 0.00199031 0.00532173 0.00342809 0.000547058 0.00600536 -0.001651 0.00161584 0.00655704 0.00941717 0.00332559 -0.010745 0.00499853 0.00513991 -0.0115403 -0.00842835
internal_weight=10508 7177 6522 6105 1495 4610 2587 2023 3331 1834 1684 598 1086 486 1497 669 828 610 289 321 124 489 704 247 935 655 457 600 560 300
internal_count=10508 7177 6522 6105 1495 4610 2587 2023 3331 1834 1684 598 1086 486 1497 669 828 610 289 321 124 489 704 247 935 655 457 600 560 300
is_linear=0
shrinkage=0.05


Tree=33
num_leaves=31
num_cat=0
split_feature=33 33 41 4 4 45 4 4 31 4 16 8 1 11 11 37 8 25 15 21 23 12 14 35 35 23 35 21 21 27
split_gain=8.21683 22.2823 7.37911 6.51571 29.4638 4.79791 4.154 3.74302 5.76736 2.88455 2.49519 2.33672 2.19686 1.91689 1.33142 1.23555 1.79227 1.75256 1.49095 1.16513 0.826058 1.08162 0.970352 0.816867 0.63492 0.573426 0.249317 0.185566 0.290272 0.105467
threshold=0.99970103058260251 1.0000000180025095e-35 1.0000000180025095e-35 1.0000000180025095e-35 0.99667128552813999 1.0000000180025095e-35 0.99667128552813999 1.0000582591910869 0.99883613163232965 1.0000000180025095e-35 1.9999417408089133 -0.63238879280165394 3.9893355857625767 0.078433581872870958 0.58011876648189675 1.0000000180025095e-35 1.2814957575028596 0.0043101856371638011 2.9997010305826026 0.99988648089087229 -0.43003234791149397 0.52668441856806603 3.4557298620114354 0.009205331465844251 0.99019700833590363 0.090597166922541314 0.0043935834348633506 0.99988648089087229 0.063427422638238418 0.012633620696579202
decision_type=2 2 2 2 2 2 2 2 2 2 2 2 2 2 2 2 2 2 2 2 2 2 2 2 2 2 2 2 2 2
left_child=1 2 3 10 19 -6 9 13 -9 12 11 -1 -4 -8 -12 16 18 25 -2 -5 22 -22 -20 27 -25 -17 -11 28 -3 -26
right_child=15 23 6 4 5 -7 7 8 -10 26 14 -13 -14 -15 -16 17 -18 -19 20 -21 21 -23 -24 24 29 -27 -28 -29 -30 -31
leaf_value=0.0062012584573065089 0.012025093837924626 -0.01294610869003578 -0.005169935543446795 -0.0083968981807237449 0.0020735862963096045 -0.0015903821188745237 -0.00033072242429128422 -0.01165312115357604 -8.6058912146496527e-05 -0.012805275075655115 0.0089659521248134418 0.0013958489667506727 0.0060837960736956189 0.0070406803928229379 0.002461057959640679 0.00092483967126248613 -0.0017873180651637361 -0.0048064327206720908 3.7624111938605348e-05 -0.013109875685429899 0.0077396501905013992 0.0025686572189365774 0.0072134588078493411 -0.0059232014908120589 -0.012692256030922165 0.0085134317870418467 -0.009101114089016692 -0.012291488311086656 -0.0081378128594565662 -0.008821275315449472
leaf_weight=327 85 52 308 250 3774 1169 188 155 356 105 267 1138 50 164 115 50 87 85 148 301 329 151 70 230 50 53 112 171 116 52
leaf_count=327 85 52 308 250 3774 1169 188 155 356 105 267 1138 50 164 115 50 87 85 148 301 329 151 70 230 50 53 112 171 116 52
internal_value=1.71459e-06 -0.000465656 0.000205064 0.000847186 -1.56243e-05 0.00120605 -0.00306933 -0.000868819 -0.00360604 -0.00636259 0.00341623 0.00247222 -0.00358296 0.0030905 0.00702191 0.00418062 0.00497545 0.000475121 0.00573339 -0.0109825 0.00495843 0.00612423 0.00236697 -0.00924715 -0.0074327 0.00488262 -0.0109216 -0.0110067 -0.00966266 -0.0107784
internal_weight=10508 9450 8779 7341 5494 4943 1438 863 511 575 1847 1465 358 352 382 1058 870 188 783 551 698 480 218 671 332 103 217 339 168 102
internal_count=10508 9450 8779 7341 5494 4943 1438 863 511 575 1847 1465 358 352 382 1058 870 188 783 551 698 480 218 671 332 103 217 339 168 102
is_linear=0
shrinkage=0.05


Tree=34
num_leaves=31
num_cat=0
split_feature=22 22 44 45 47 46 12 2 24 24 45 4 4 6 4 42 4 21 51 22 4 22 21 29 35 21 27 8 8 6
split_gain=8.16827 34.8952 6.8713 11.321 11.6709 6.40321 4.25216 3.4559 2.5749 6.06373 2.97902 2.27096 6.36159 2.21621 2.44078 2.42967 2.17835 1.72424 1.60878 2.0358 1.59833 1.49688 1.35899 0.758037 0.743517 0.731479 0.563696 0.528138 0.677815 0.713638
threshold=4.999886480890873 4.0002696594701641 1.0000000180025095e-35 1.0000000180025095e-35 1.0000000180025095e-35 1.0000000180025095e-35 0.40926984427491747 1.143829463081409 0.99782258833717463 0.017585254461456205 1.0000000180025095e-35 0.99667128552813999 1.0000000180025095e-35 0.28338625926505173 0.99667128552813999 1.0000000180025095e-35 0.020066192876236403 0.99988648089087229 1.0000000180025095e-35 5.052952076097343 1.0091863786178232 5.9996751502361008 0.99988648089087229 1.4175976998640929 1.0000000180025095e-35 0.004092556912986601 0.067350517774027854 0.44793355536638241 -0.49408890348847684 1.9028268933258834
decision_type=2 2 2 2 2 2 2 2 2 2 2 2 2 2 2 2 2 2 2 2 2 2 2 2 2 2 2 2 2 2
left_child=1 2 6 4 5 -4 7 17 9 10 11 12 -2 15 -15 -8 -12 -1 27 -20 -13 -18 25 -9 -24 -3 -26 28 -10 -30
right_child=8 22 3 -5 -6 -7 13 23 18 -11 16 20 -14 14 -16 -17 21 -19 19 -21 -22 -23 24 -25 26 -27 -28 -29 29 -31
leaf_value=-0.0021536508012335608 0.0029556331275920156 -0.012318673483955052 0.0011152388940792897 -0.0086316251415205197 -0.0099998099155258896 -0.011224579963588418 0.008829717624363239 0.0034350853920415616 0.0095625968489014071 -0.010283180642385257 0.0043975581089688376 0.0062584561144673799 -0.011392263333272153 -0.0059142655839509103 0.0053430193007460332 -0.0015064540020932624 -0.0051151961554694375 0.0016032043902485243 0.0057377765196277557 -0.0042328000274877977 0.0023906728723684743 0.0027395320532000336 -0.013869475239368007 0.010934749446148537 -0.012060220080365582 -0.0066161666345056188 -0.0075935461049415516 0.010305681800541849 0.0064313596552890958 -0.00057089616047035965
leaf_weight=457 453 72 3759 411 269 108 456 55 89 103 121 581 93 73 140 64 273 918 132 83 505 77 226 98 160 318 145 111 104 54
leaf_count=457 453 72 3759 411 269 108 456 55 89 103 121 581 93 73 140 64 273 918 132 83 505 77 226 98 160 318 145 111 104 54
internal_value=1.50686e-06 -0.000833925 0.000401117 -0.000718148 6.72055e-05 0.00076903 0.00265417 0.00114812 0.00232677 0.00154775 0.00213004 0.0031419 0.000500966 0.00578624 0.00146046 0.00754791 -0.00136531 0.00035086 0.00531639 0.00186525 0.00446489 -0.00337259 -0.00996779 0.00827545 -0.0116335 -0.00768464 -0.00995629 0.00737394 0.00603256 0.00400771
internal_weight=10508 7729 6808 4547 4136 3867 2261 1528 2779 2206 2103 1632 546 733 213 520 471 1375 573 215 1086 350 921 153 531 390 305 358 247 158
internal_count=10508 7729 6808 4547 4136 3867 2261 1528 2779 2206 2103 1632 546 733 213 520 471 1375 573 215 1086 350 921 153 531 390 305 358 247 158
is_linear=0
shrinkage=0.05


Tree=35
num_leaves=31
num_cat=0
split_feature=22 22 22 22 53 51 0 0 19 19 32 32 1 1 15 19 19 21 14 14 22 4 21 35 35 38 35 21 2 2
split_gain=7.37419 31.5015 6.28161 40.4432 6.54975 5.2584 6.85019 5.10002 2.65238 3.54848 2.41991 9.95214 2.39802 4.89572 2.39657 2.32445 4.1125 2.47673 2.22938 1.64344 1.57351 1.48346 1.22484 0.77211 1.19138 0.678519 0.668487 0.658889 0.581824 1.38311
threshold=4.999886480890873 4.0002696594701641 3.997867226025662 3.0005536939833553 1.0000000180025095e-35 1.0000000180025095e-35 0.078986063827420308 -1.0075450277420936 0.99944395290190646 1.0000000180025095e-35 0.99967515023610021 1.0000000180025095e-35 1.9997303405298366 1.000553693983355 6.9969080886795529 0.99944395290190646 1.0000000180025095e-35 0.99988648089087229 1.2501302023126077 1.6100188986350663 2.0086302295448077 2.2911927912053387 0.99988648089087229 0.0043935834348633506 0.99944630601664541 1.0000000180025095e-35 1.0000000180025095e-35 0.004092556912986601 -1.0464139331050368 -0.6558056502382873
decision_type=2 2 2 2 2 2 2 2 2 2 2 2 2 2 2 2 2 2 2 2 2 2 2 2 2 2 2 2 2 2
left_child=1 2 3 8 5 19 -7 18 9 -1 11 12 13 14 -2 16 -14 -17 -6 -4 -10 25 27 -5 -25 28 -24 -3 -12 -30
right_child=10 22 4 23 7 6 -8 -9 20 -11 21 -13 15 -15 -16 17 -18 -19 -20 -21 -22 -23 26 24 -26 -27 -28 -29 29 -31
leaf_value=0.0017260237454326663 -0.0013568654278106459 -0.011703594059175742 0.0021547481271696756 -0.013261912548381076 -0.0054918669142395432 -0.011076332588558342 0.001314201810782659 -0.01127009669938288 0.007534597443186017 -0.0088098984083432585 0.01219222538462408 -0.010611827183991463 0.0025775203993043008 -0.011605598873995088 0.0051782030788777317 0.0012997415588870624 -0.010596503904580902 0.0065335346638150287 0.00072551112170806623 0.0053283710701175387 0.0030051381113658086 -0.0018058882797603326 -0.013176308160055428 -0.0080757228144527037 -0.01491260479312018 0.0015283299205095871 -0.0094596191601212954 -0.0062854623403728093 -0.0011019826883416689 0.0078941324217491546
leaf_weight=412 316 72 615 370 188 120 1561 134 251 99 54 157 381 81 251 338 70 699 614 1251 849 61 226 255 89 62 305 318 50 259
leaf_count=412 316 72 615 370 188 120 1561 134 251 99 54 157 381 81 251 338 70 699 614 1251 849 61 226 255 89 62 305 318 50 259
internal_value=1.36423e-06 -0.000792397 0.000381018 -0.00172691 0.00147537 0.00245779 0.00042611 -0.00224207 0.00266081 -0.000306724 0.00221073 0.00152829 0.00242341 -0.000107811 0.00152767 0.00352901 0.000519792 0.00483274 -0.000726198 0.00428525 0.00404381 0.00541932 -0.00947077 -0.0116329 -0.00986292 0.00646829 -0.0110531 -0.00730129 0.0072976 0.00642239
internal_weight=10508 7729 6808 2325 4483 3547 1681 936 1611 511 2779 2293 2136 648 567 1488 451 1037 802 1866 1100 486 921 714 344 425 531 390 363 309
internal_count=10508 7729 6808 2325 4483 3547 1681 936 1611 511 2779 2293 2136 648 567 1488 451 1037 802 1866 1100 486 921 714 344 425 531 390 363 309
is_linear=0
shrinkage=0.05


Tree=36
num_leaves=31
num_cat=0
split_feature=25 25 19 19 30 30 30 10 36 29 41 53 17 15 27 7 39 16 27 9 8 6 6 10 35 35 21 21 2 29
split_gain=6.95091 29.8282 5.37892 25.1103 4.14111 11.1322 4.37329 3.43111 3.27302 3.00318 2.87789 2.84821 1.82373 1.65747 1.31706 2.16367 1.6502 1.22661 1.1135 1.10947 1.36015 1.24479 1.76433 1.53593 1.05564 0.826634 0.77262 0.792026 0.696998 1.19834
threshold=1.0000000180025095e-35 0.9939756296395621 1.0000000180025095e-35 0.99944395290190646 -0.14763947614101694 -0.56337380373074819 -0.5653545488842191 -1.4336421725895765 1.0000000180025095e-35 1.2289972040648613 1.0000000180025095e-35 1.0000000180025095e-35 3.0981399393821563 1.9944202706518317 0.99952829236618446 -0.41771443211544196 1.0000000180025095e-35 1.9999417408089133 0.36862434815418627 0.083461972092500211 0.022662994879913152 -0.23354412821500733 -1.0451002194295131 0.20213756140583658 0.99944630601664541 1.0000000180025095e-35 0.99988648089087229 1.0000000180025095e-35 -0.12772970151360871 0.5661832549876149
decision_type=2 2 2 2 2 2 2 2 2 2 2 2 2 2 2 2 2 2 2 2 2 2 2 2 2 2 2 2 2 2
left_child=2 24 17 25 5 6 -5 28 9 10 -9 13 -13 -6 15 -10 -16 19 -11 21 -21 22 -1 -23 26 -4 27 -2 -3 -30
right_child=1 7 3 4 11 -7 -8 8 14 18 -12 12 -14 -15 16 -17 -18 -19 -20 20 -22 23 -24 -25 -26 -27 -28 -29 29 -31
leaf_value=0.0057726828366582768 -0.010682233966173833 0.010523741432983668 -0.012717537386941619 -0.00023899554158901049 -0.0027634098739320982 -0.010692375550078605 0.0041366661300052451 -0.00053398574242100787 -0.00057732803535329288 0.011971325695845206 -0.0065846464973253116 0.00088765882606947665 -0.0088228175961830094 0.0047403005577829442 0.0060016691523723624 0.0058671152845543436 -0.0028586799908001687 0.0068930002190940622 0.0024200222878522078 0.011664598499080131 0.0024024541703507965 0.0073437444811787133 -0.00072603306935285577 0.0012609823622267468 -0.012294201961962826 -0.0085012756350290857 -0.0092188248870419178 -0.0051678095439786735 -0.00089004003896638614 0.0098610099222795379
leaf_weight=138 84 95 227 1814 77 215 832 1269 460 54 233 263 59 1324 384 181 60 257 74 78 84 221 425 200 168 267 526 337 51 51
leaf_count=138 84 95 227 1814 77 215 832 1269 460 54 233 263 59 1324 384 181 60 257 74 78 84 221 425 200 168 267 526 337 51 51
internal_value=1.15726e-06 -0.00162975 0.00101531 0.000257079 0.00141234 0.000244182 0.00113509 0.00103155 0.000567106 -0.000846936 -0.00147631 0.00334901 -0.000878254 0.00432415 0.00269592 0.00123523 0.00479269 0.00375585 0.00649471 0.00304742 0.0068973 0.00240788 0.000858765 0.00446693 -0.00858409 -0.010451 -0.0079194 -0.00628222 0.00740347 0.00444091
internal_weight=10508 4027 6481 5078 4584 2861 2646 2912 2715 1630 1502 1723 322 1401 1085 641 444 1403 128 1146 162 984 563 421 1115 494 947 421 197 102
internal_count=10508 4027 6481 5078 4584 2861 2646 2912 2715 1630 1502 1723 322 1401 1085 641 444 1403 128 1146 162 984 563 421 1115 494 947 421 197 102
is_linear=0
shrinkage=0.05


Tree=37
num_leaves=31
num_cat=0
split_feature=18 18 36 21 21 44 23 0 10 29 19 19 3 22 17 0 21 57 17 9 29 5 5 29 30 3 12 5 5 7
split_gain=6.43257 27.1107 6.02831 5.58797 10.5602 5.24112 3.74515 2.4709 2.27195 2.19659 2.10517 3.39518 1.78736 1.71023 1.88573 1.52964 1.50861 1.49401 2.03853 1.37 1.19512 1.30713 3.52688 1.52451 1.61939 1.10666 1.94153 0.880187 0.875581 0.801534
threshold=0.99952829236618446 1.0000000180025095e-35 1.0000000180025095e-35 1.0000000180025095e-35 0.99988648089087229 1.0000000180025095e-35 1.558110646641621 0.62223609707590999 -1.7868160344929198 -0.58981866886110568 0.99944395290190646 0.035159735095039911 1.0229793560471123 5.1007379579899483 1.9955975600497167 0.48605161637078836 0.99988648089087229 1.0000000180025095e-35 2.0142179103795104 0.032228340364137707 -0.78109196339136877 0.18202795398810473 0.80654300999246942 -1.1275351785005752 1.5151272509324478 -0.40294399112961216 0.79639832972346869 -0.62382547398340205 -0.020039357899577347 -0.80869184229985958
decision_type=2 2 2 2 2 2 2 2 2 2 2 2 2 2 2 2 2 2 2 2 2 2 2 2 2 2 2 2 2 2
left_child=1 2 3 13 -5 -6 7 8 -4 20 11 17 -9 14 -1 25 -3 -11 -19 -17 21 23 -23 24 -2 28 -27 -8 -12 -29
right_child=9 16 6 4 5 -7 27 12 -10 10 15 -13 -14 -15 -16 19 -18 18 -20 -21 -22 22 -24 -25 -26 26 -28 29 -30 -31
leaf_value=0.00047615806075319844 -0.0052731241522118921 -0.0074017733546909081 0.0092313475414165444 -0.0073608678738355058 0.0025477212708337354 -0.0018156281551377159 0.013958352263623602 0.0049312297000997304 0.00031742371600937972 0.0077701793160222816 0.009980920901507569 -0.0099383841117816549 -0.0018457548710114919 -0.0037543854506251529 0.005103373801459728 0.0095553053328501919 -0.012151157138581557 0.0042525664520478628 -0.0059182799160098915 0.0014731363694554115 -0.0042478027935894053 -0.0098801153180328952 0.0060494721073159436 0.0079533746028461506 0.0063131427588612662 0.0036396077923089888 -0.0066264328163892485 0.011735473493015697 0.0036224251277719279 0.0041697653741436949
leaf_weight=381 68 313 74 676 987 2270 52 656 2089 106 90 61 113 98 530 270 382 133 78 67 124 74 65 111 54 206 59 51 146 124
leaf_count=381 68 313 74 676 987 2270 52 656 2089 106 90 61 113 98 530 270 382 133 78 67 124 74 65 111 54 206 59 51 146 124
internal_value=1.05108e-06 -0.000544253 0.000268254 -0.000821519 -0.00167387 -0.000491788 0.00197467 0.0014934 0.000625109 0.00280553 0.00394929 0.000835704 0.00392878 0.00249575 0.00317392 0.00534752 -0.0100208 0.0029272 0.00046802 0.00796421 0 0.00141834 -0.00239609 0.00371541 -0.000102856 0.00357617 0.00133346 0.00816548 0.00607165 0.00640863
internal_weight=10508 8796 8101 4942 3933 3257 3159 2932 2163 1712 1216 378 769 1009 911 838 695 317 211 337 496 372 139 233 122 501 265 227 236 175
internal_count=10508 8796 8101 4942 3933 3257 3159 2932 2163 1712 1216 378 769 1009 911 838 695 317 211 337 496 372 139 233 122 501 265 227 236 175
is_linear=0
shrinkage=0.05


Tree=38
num_leaves=31
num_cat=0
split_feature=22 22 22 22 53 51 0 0 8 42 7 14 7 45 7 16 23 47 4 29 14 22 48 21 17 1 0 21 21 11
split_gain=6.22414 25.8202 5.27127 33.8397 5.47675 4.46138 5.68 4.14909 2.71993 2.29097 2.7627 1.9229 1.94215 2.04062 2.26953 2.03059 1.8624 1.86196 1.4684 1.46418 1.44872 1.42258 1.1792 1.10155 0.90655 0.802662 0.822169 0.77253 1.29478 0.752632
threshold=4.999886480890873 4.0002696594701641 3.997867226025662 3.0005536939833553 1.0000000180025095e-35 1.0000000180025095e-35 0.078986063827420308 -1.0075450277420936 -0.7143172349743323 1.0000000180025095e-35 0.22615324350457477 0.63002562433882392 -0.96302096729522346 1.0000000180025095e-35 1.4864198913646518 1.9999417408089133 -0.68827658024923977 1.0000000180025095e-35 0.020066192876236403 1.1497413604815343 3.3903365234949638 5.9996751502361008 1.0000000180025095e-35 0.99988648089087229 2.0335674660142495 2.999984640577309 0.078986063827420308 0.99988648089087229 0.0087913067792129013 0.66363626720202051
decision_type=2 2 2 2 2 2 2 2 2 2 2 2 2 2 2 2 2 2 2 2 2 2 2 2 2 2 2 2 2 2
left_child=1 2 3 9 5 19 -7 8 -6 16 -11 -2 20 14 15 -14 -1 -16 -15 -4 22 -20 29 -3 -24 26 -22 28 -5 -13
right_child=11 23 4 27 7 6 -8 -9 -10 10 -12 12 13 18 17 -17 -18 -19 21 -21 25 -23 24 -25 -26 -27 -28 -29 -30 -31
leaf_value=0.00049532065941584001 0.0079291720684958999 -0.0065273570737717215 0.003315097651372334 -0.015052500289108227 0.0050820187149588922 -0.010110130764070595 0.0011725235566916606 -0.010205717515172597 -0.0021649024185940325 0.0019905566499777904 -0.010087474436914053 0.0086426710042188763 -3.948627348619263e-05 0.0031013577502064988 0.0069190732144859676 0.005048721135960531 0.0043880123204518709 -0.0027808649301939289 -0.0049529130794993964 0.0072183480593241232 0.0095181947427226046 0.0024685264323428551 0.002244499368119492 -0.0100853065281345 -0.0052862948515844839 0.012124576846919401 0.00088147153138264404 -0.012163234780277768 -0.0070725866529718941 0.00087250502345090862
leaf_weight=458 132 390 1579 66 162 120 1561 134 640 124 76 90 1040 117 310 241 953 58 290 287 57 82 123 531 59 74 56 397 251 50
leaf_count=458 132 390 1579 66 162 120 1561 134 640 124 76 90 1040 117 310 241 953 58 290 287 57 82 123 531 59 74 56 397 251 50
internal_value=1.15881e-06 -0.000728046 0.000334232 -0.00159667 0.00133678 0.00223519 0.000363571 -0.00206233 -0.000694376 0.00241667 -0.00257686 0.00203099 0.00173468 0.00107067 0.00191329 0.000914196 0.00312814 0.00537636 -0.00176039 0.00391847 0.00451319 -0.00330334 0.00245667 -0.00858498 -0.000170907 0.00802443 0.00528682 -0.0106581 -0.00875401 0.0059059
internal_weight=10508 7729 6808 2325 4483 3547 1681 936 802 1611 200 2779 2647 2138 1649 1281 1411 368 489 1866 509 372 322 921 182 187 113 714 317 140
internal_count=10508 7729 6808 2325 4483 3547 1681 936 802 1611 200 2779 2647 2138 1649 1281 1411 368 489 1866 509 372 322 921 182 187 113 714 317 140
is_linear=0
shrinkage=0.05


Tree=39
num_leaves=31
num_cat=0
split_feature=33 33 41 4 4 45 4 16 57 46 16 4 29 0 13 21 37 8 25 15 47 9 2 35 35 35 45 21 6 21
split_gain=5.74842 15.0033 5.16749 4.6803 20.5534 3.48019 3.20445 2.83338 2.54512 2.10419 2.159 1.75112 1.77254 1.59088 1.20811 1.05636 1.00355 1.51626 1.37585 1.34753 1.23252 1.25494 0.895407 0.671319 0.573556 0.204916 0.157499 0.201977 0.109218 0.104457
threshold=0.99970103058260251 1.0000000180025095e-35 1.0000000180025095e-35 1.0000000180025095e-35 0.99667128552813999 1.0000000180025095e-35 0.99667128552813999 1.9999417408089133 1.0000000180025095e-35 1.0000000180025095e-35 1.9999417408089133 1.0000000180025095e-35 0.51442290141240121 0.078986063827420308 18.195767729310717 0.99988648089087229 1.0000000180025095e-35 1.2814957575028596 0.0043101856371638011 2.9997010305826026 1.0000000180025095e-35 1.9112219963316928 0.074726202376511064 0.009205331465844251 0.99019700833590363 0.0043935834348633506 1.0000000180025095e-35 0.95232341538052423 -0.21406693632547552 0.37300514546298952
decision_type=2 2 2 2 2 2 2 2 2 2 2 2 2 2 2 2 2 2 2 2 2 2 2 2 2 2 2 2 2 2
left_child=1 2 3 9 15 -6 11 8 -8 10 -1 12 -4 -9 -11 -5 17 19 22 -2 21 -21 -18 26 -25 -13 27 29 -26 -3
right_child=16 23 6 4 5 -7 7 13 -10 14 -12 25 -14 -15 -16 -17 18 -19 -20 20 -22 -23 -24 24 28 -27 -28 -29 -30 -31
leaf_value=0.0024625180320168214 0.010888516768095217 -0.0098924677879790885 -0.005087617167684251 -0.0067352315659535344 0.0017261025470021564 -0.0013942144805895755 0.0030865125804498978 0.0016055885735448538 -0.0036949373874490122 0.0013681362917874395 0.0069008299755295797 -0.010732968244169947 0.0036080083354961046 0.012534836642512993 -0.0077559307595050295 -0.011214576658663815 -0.00037397589611692841 -0.0020069101990022016 -0.0045218323743721573 0.0057041612823021132 -0.0013481172796095007 -0.0019621937684778912 0.0088627280946263296 -0.0045197840217193926 -0.0071911122641864014 -0.007377966875098247 -0.0074074571210870329 -0.011421459692217971 -0.011008714507529122 -0.0061968814442213069
leaf_weight=1357 85 52 285 250 3774 1169 186 90 533 76 346 105 73 54 68 301 53 87 85 553 87 58 50 230 52 112 108 129 50 50
leaf_count=1357 85 52 285 250 3774 1169 186 90 533 76 346 105 73 54 68 301 53 87 85 553 87 58 50 230 52 112 108 129 50 50
internal_value=1.18979e-06 -0.000389648 0.00016062 0.000698058 -3.30687e-05 0.000987135 -0.00257938 -0.000646012 -0.00193349 0.00287542 0.00336754 -0.00547181 -0.00330001 0.00574461 -0.00290815 -0.00919287 0.00349656 0.00421257 0.000156069 0.00491018 0.00417354 0.00496804 0.00406561 -0.00759546 -0.0059506 -0.00902858 -0.00918938 -0.00999728 -0.00912041 -0.00813772
internal_weight=10508 9450 8779 7341 5494 4943 1438 863 719 1847 1703 575 358 144 144 551 1058 870 188 783 698 611 103 671 332 217 339 231 102 102
internal_count=10508 9450 8779 7341 5494 4943 1438 863 719 1847 1703 575 358 144 144 551 1058 870 188 783 698 611 103 671 332 217 339 231 102 102
is_linear=0
shrinkage=0.05


Tree=40
num_leaves=31
num_cat=0
split_feature=3 3 35 35 0 51 34 3 3 34 34 1 23 10 4 8 0 10 23 14 13 29 6 12 21 7 0 12 29 21
split_gain=5.47632 8.26066 6.2747 18.2417 4.14126 4.38559 4.05146 3.39187 8.21676 2.10235 6.83966 2.06103 1.78476 1.91591 1.65235 1.66355 1.4939 1.35835 1.24306 1.16824 1.03689 1.27683 1.50817 0.992633 0.810369 0.807782 0.743 0.701074 0.519311 0.495306
threshold=-1.0096175689182696 -0.72164220609890262 0.99944630601664541 1.0000000180025095e-35 0.55372907276948358 1.0000000180025095e-35 0.024647434767210905 -1.0124444037409732 -1.299348666904341 0.99944630601664541 0.010358234114822602 2.999984640577309 0.21282696900511913 0.4822470668469433 0.99667128552813999 -0.93745059495729344 -0.73643772566398802 -1.4893913237223022 0.50562626481201367 1.9398599513439609 22.994348731705493 0.18254751106725228 0.26903429229655768 -0.013061512502024648 0.99988648089087229 0.21256190904185243 0.28226036112787173 -0.80878788954755609 0.8417510906932556 1.0000000180025095e-35
decision_type=2 2 2 2 2 2 2 2 2 2 2 2 2 2 2 2 2 2 2 2 2 2 2 2 2 2 2 2 2 2
left_child=7 -2 3 4 5 -3 -6 8 11 10 17 12 13 -1 15 -9 -11 -4 25 28 21 22 -16 -23 29 -17 -21 -18 -13 -5
right_child=1 2 9 24 6 -7 -8 14 -10 16 -12 19 -14 -15 20 18 27 -19 -20 26 -22 23 -24 -25 -26 -27 -28 -29 -30 -31
leaf_value=0.0011477218375215217 -0.0080988618113910504 0.00056739451164508614 0.0067340709580587721 -0.0086697578061011773 0.0041229281371026709 -0.0031238396000454393 -0.002198054188239006 0.0098801540400453684 -0.0091736629443832842 -0.00015427913144648947 -0.011731655311258559 -0.00085223736225430212 0.0062534429270462684 -0.008605813932845147 0.0057228003936132931 -0.004859499869040499 0.0021888977971421665 0.0016215017612375992 0.0055616904285335691 0.012242790269660075 0.011785883259043077 0.012393531712918794 -0.0016888156409190233 0.0053678058515877454 -0.0081202889707924688 0.0024248880551673087 0.0050869079785375 0.0084809190763777617 0.0060339064803903927 -0.0045495997190885306
leaf_weight=155 343 2463 141 94 1040 1194 334 50 179 89 95 58 92 74 217 114 58 1773 68 87 75 92 99 120 602 56 68 226 50 402
leaf_count=155 343 2463 141 94 1040 1194 334 50 179 89 95 58 92 74 217 114 58 1773 68 87 75 92 99 120 602 56 68 226 50 402
internal_value=8.6237e-07 -0.000492016 -0.000184775 -0.00103167 0.000241748 -0.000636468 0.0025827 0.00264217 0.000188454 0.00199217 0.00134865 0.00306765 0.000362077 -0.00198463 0.00473753 0.00159776 0.00544349 0.00200108 -0.00012466 0.00634948 0.00622831 0.00542734 0.00338519 0.00844469 -0.00687045 -0.00243053 0.00914098 0.00721475 0.00229217 -0.0053421
internal_weight=10508 8854 8511 6129 5031 3657 1374 1654 763 2382 2009 584 321 229 891 288 373 1914 238 263 603 528 316 212 1098 170 155 284 108 496
internal_count=10508 8854 8511 6129 5031 3657 1374 1654 763 2382 2009 584 321 229 891 288 373 1914 238 263 603 528 316 212 1098 170 155 284 108 496
is_linear=0
shrinkage=0.05


Tree=41
num_leaves=31
num_cat=0
split_feature=22 22 44 47 51 0 4 14 54 6 32 32 17 17 5 9 30 20 32 40 14 17 35 40 35 14 0 19 21 23
split_gain=5.24218 21.2113 4.65721 6.68352 4.2622 6.68918 3.43247 2.72349 2.69376 2.32192 1.89556 7.41365 2.02185 5.31312 2.16744 1.88361 1.73971 1.69761 1.62976 1.31779 1.30753 1.30565 1.12218 0.70177 0.653823 0.597833 0.477175 0.853789 0.463579 0.418444
threshold=4.999886480890873 4.0002696594701641 1.0000000180025095e-35 1.0000000180025095e-35 1.0000000180025095e-35 0.078986063827420308 0.99667128552813999 1.5101401298790933 1.0000000180025095e-35 -0.21406693632547552 0.99967515023610021 1.0000000180025095e-35 1.0205700559797268 1.9955975600497167 1.1777496693530438 -0.3221597257535298 -0.56337380373074819 0.99970103058260251 0.0017674004598431001 1.0000000180025095e-35 1.2501302023126077 2.9999692811546179 1.0000000180025095e-35 1.0000000180025095e-35 0.99944630601664541 2.9054205422331734 -0.60083681521545329 0.20391608115756452 0.99988648089087229 -0.17774311603950047
decision_type=2 2 2 2 2 2 2 2 2 2 2 2 2 2 2 2 2 2 2 2 2 2 2 2 2 2 2 2 2 2
left_child=1 2 7 4 6 -6 -4 9 16 20 11 12 14 -14 17 -15 -9 -2 -11 -10 -1 23 28 26 -24 -16 -12 -28 -3 -23
right_child=10 22 3 -5 5 -7 -8 8 19 18 21 -13 13 15 25 -17 -18 -19 -20 -21 -22 29 24 -25 -26 -27 27 -29 -30 -31
leaf_value=0.0039171597496400479 -0.0028573308669667657 -0.0077884824657059332 -0.0013477831111737839 -0.0082702420744491193 -0.010210093610729812 -0.00087163202091998884 0.0024943939722015082 0.0067062697566602414 0.00074185439110357868 -0.0016990403498802213 0.00038268089284241289 -0.0092178806702871378 -0.010942315658518897 -0.00088114450352492135 0.0065538124678886107 0.0031427607767975023 0.0028492701515810525 0.0040541055350286357 -0.010359883557452244 -0.007706663416020311 -0.002990649382120692 0.0054397128736710593 -0.0050780117991669951 -0.0023743301540791635 -0.0091533914666565453 0.014318751096194227 0.010372000512075506 0.0032421852624035978 -0.011336911633039822 0.011234050071083204
leaf_weight=269 104 181 892 269 220 1504 1662 489 311 229 73 157 89 453 51 804 746 579 72 54 91 59 373 50 141 56 58 166 226 80
leaf_count=269 104 181 892 269 220 1504 1662 489 311 229 73 157 89 453 51 804 746 579 72 54 91 59 373 50 141 56 58 166 226 80
internal_value=9.31451e-07 -0.000668245 0.0002945 -0.000626819 -0.000144851 -0.00206674 0.00115053 0.00214948 0.00326526 -0.000543848 0.00186381 0.00125953 0.00203237 0.000849036 0.00404185 0.00168869 0.00438092 0.00299412 -0.0037901 -0.000496137 0.00215679 0.00470375 -0.00778951 0.00303993 -0.00620725 0.010674 0.00396875 0.00511441 -0.00977345 0.00881621
internal_weight=10508 7729 6808 4547 4278 1724 2554 2261 1600 661 2779 2293 2136 1346 790 1257 1235 683 301 365 360 486 921 347 514 107 297 224 407 139
internal_count=10508 7729 6808 4547 4278 1724 2554 2261 1600 661 2779 2293 2136 1346 790 1257 1235 683 301 365 360 486 921 347 514 107 297 224 407 139
is_linear=0
shrinkage=0.05


Tree=42
num_leaves=31
num_cat=0
split_feature=40 32 32 29 45 44 47 41 4 16 53 28 18 29 30 33 29 3 11 38 13 20 2 13 20 21 14 27 21 8
split_gain=4.91361 4.38491 27.6545 3.77528 3.48946 5.87571 4.40317 3.27774 3.03742 2.54117 2.49785 2.1521 2.01557 2.63103 1.88527 1.95802 1.4145 1.24622 1.24012 2.59993 1.40516 1.22972 1.08826 1.00717 0.824311 0.655743 0.634615 0.562571 0.472943 0.404906
threshold=1.0000000180025095e-35 0.99967515023610021 1.0000000180025095e-35 1.6660843737837878 1.0000000180025095e-35 1.0000000180025095e-35 1.0000000180025095e-35 1.0000000180025095e-35 0.99667128552813999 1.9999417408089133 1.0000000180025095e-35 0.99808485474983877 0.99952829236618446 0.071107811337424068 -1.4026254290491655 0.99970103058260251 -0.19523921411939835 0.14974252036532057 0.58011876648189675 1.0000000180025095e-35 18.76076702893954 0.99970103058260251 -0.022609111429434548 18.996156716355113 0.067741217836178771 0.99988648089087229 2.0004804192279839 0.40929337649013081 0.060918531892445553 0.088417022210149618
decision_type=2 2 2 2 2 2 2 2 2 2 2 2 2 2 2 2 2 2 2 2 2 2 2 2 2 2 2 2 2 2
left_child=1 2 4 9 7 6 -6 11 -9 12 18 -1 14 -14 -2 -16 17 -12 19 24 -21 -20 -23 26 -3 28 -11 -25 -4 -28
right_child=3 10 25 -5 5 -7 -8 8 -10 23 16 -13 13 -15 15 -17 -18 -19 21 20 -22 22 -24 27 -26 -27 29 -29 -30 -31
leaf_value=0.0018100749181824049 0.0023366189219985751 0.0093223604317828924 -0.011462175843057421 0.010183660736483476 0.0014439557473595098 -0.0065843671712446858 -0.01047125339673924 -0.0048182204643293794 0.0012022612453724 -0.0052114213922023513 -0.0018880452365935354 0.0051970946052282566 -0.004396483665582619 0.0093140283200990187 -0.0058641313870587573 0.0017266031524548701 -0.0060230597596160704 0.0067430517705986169 -0.00012182672313683261 0.0014614486673872422 -0.0082674632789826973 0.0050332701018595688 0.011372886732145626 0.0091740192484831857 0.003688035976654565 -0.01010530059480759 0.0041527502322104629 0.0015314896522227398 -0.006234207410369997 -0.0019421525743832724
leaf_weight=3681 89 75 55 56 1148 365 83 339 546 57 107 540 78 63 968 92 99 68 55 80 68 152 129 50 569 458 58 50 280 50
leaf_count=3681 89 75 55 56 1148 365 83 339 546 57 107 540 78 63 968 92 99 68 55 80 68 152 129 50 569 458 58 50 280 50
internal_value=7.76566e-07 0.000461343 -1.80918e-05 -0.00253954 0.00102601 -0.00101266 0.000635728 0.00166423 -0.00109852 -0.00300158 0.00302775 0.00224468 -0.00391869 0.00169631 -0.00461218 -0.0052005 -0.00124003 0.00143913 0.00406888 0.00297692 -0.0029774 0.00662626 0.00796443 0.00144378 0.00435332 -0.00884757 -0.000930341 0.00540805 -0.00711062 0.0012856
internal_weight=10508 8897 7495 1611 6702 1596 1231 5106 885 1555 1402 4221 1290 141 1149 1060 274 175 1128 792 148 336 281 265 644 793 165 100 335 108
internal_count=10508 8897 7495 1611 6702 1596 1231 5106 885 1555 1402 4221 1290 141 1149 1060 274 175 1128 792 148 336 281 265 644 793 165 100 335 108
is_linear=0
shrinkage=0.05


Tree=43
num_leaves=31
num_cat=0
split_feature=48 34 34 0 41 17 17 35 18 18 36 14 29 17 4 55 35 17 4 9 44 23 13 15 23 2 7 9 29 5
split_gain=4.60784 4.20103 9.79666 3.62649 3.61375 3.21375 4.41835 3.21023 2.83097 5.26086 2.67267 3.33364 2.6313 2.61955 2.21155 2.19016 1.99348 1.87692 1.66043 1.51811 1.87506 1.82191 1.40329 1.40006 1.36093 1.32893 1.27765 1.26057 1.23093 1.20178
threshold=1.0000000180025095e-35 1.0000000180025095e-35 0.99944630601664541 0.62223609707590999 1.0000000180025095e-35 1.0000000180025095e-35 0.99833302829423731 1.0000000180025095e-35 0.99952829236618446 1.0000000180025095e-35 1.0000000180025095e-35 3.9100418165681963 1.6660843737837878 1.0002211483747809 1.996291213216461 1.0000000180025095e-35 0.9923024588066145 0.99833302829423731 0.0092324066708639515 -0.37762683314609735 1.0000000180025095e-35 0.0174092522328213 17.976033820462973 9.9939861466636604 1.2623021712548401 0.46454862166374045 -0.66093226546064188 -0.3279895083230015 0.42006318945604482 0.7188446466785462
decision_type=2 2 2 2 2 2 2 2 2 2 2 2 2 2 2 2 2 2 2 2 2 2 2 2 2 2 2 2 2 2
left_child=8 3 -3 5 19 14 -7 15 9 10 11 12 -1 -8 25 17 -9 -5 -13 20 -4 -21 -17 -18 28 -2 -10 -6 -12 -28
right_child=1 2 4 7 27 6 13 16 26 -11 24 18 -14 -15 -16 22 23 -19 -20 21 -22 -23 -24 -25 -26 -27 29 -29 -30 -31
leaf_value=-0.0016448758181224516 -0.0012107607267849835 -0.0075432712763796221 0.0052477404264463564 -0.0004351724029211558 -0.011128288948544424 -0.0090475257283304401 0.0016065440674043663 -0.006352624274285467 0.0068113192010942104 -0.0081571190381395497 0.0011854530404434181 0.0081600312320182656 0.0087663083394809316 -0.0018089856600078929 0.010351429386391017 -0.007977260932504773 -0.00062294660644160687 0.0073353020294045007 0.0016689797827643318 0.0065782237374420981 -0.005843386332984115 0.00010052473402638059 0.0034586285464400374 0.0068245326539776085 0.0075089047535820564 0.0080714426118217112 0.0012586285352476001 -0.0020047846322708293 0.0045103993047679383 0.0074856941827048246
leaf_weight=1515 155 693 60 93 70 179 746 120 265 162 921 137 63 2254 94 50 269 438 361 262 103 188 57 82 134 51 400 86 403 97
leaf_count=1515 155 693 60 93 70 179 746 120 265 162 921 137 63 2254 94 50 269 438 361 262 103 188 57 82 134 51 400 86 403 97
internal_value=7.86421e-07 -0.000897507 -0.00323162 -0.000152581 0.00064789 -0.000947277 -0.00141531 0.00233578 0.00122098 0.000647209 0.00105244 -9.75812e-05 -0.00122552 -0.000957965 0.00399444 0.00464803 -0.000786014 0.00596513 0.00346599 0.00238297 -0.00172939 0.00388372 -0.00184102 0.00110413 0.00269324 0.0010658 0.00399701 -0.0061352 0.00220154 0.00248529
internal_weight=10508 6050 1462 4588 769 3479 3179 1109 4458 3696 3534 2076 1578 3000 300 638 471 531 498 613 163 450 107 351 1458 206 762 156 1324 497
internal_count=10508 6050 1462 4588 769 3479 3179 1109 4458 3696 3534 2076 1578 3000 300 638 471 531 498 613 163 450 107 351 1458 206 762 156 1324 497
is_linear=0
shrinkage=0.05


Tree=44
num_leaves=31
num_cat=0
split_feature=3 3 25 25 19 19 3 3 14 10 36 1 0 9 23 6 7 4 2 14 23 13 0 12 9 30 35 35 16 0
split_gain=4.41435 6.415 5.01326 15.0948 3.9397 14.5109 2.84716 6.44196 2.70479 2.06709 2.34726 1.75602 1.59448 1.52335 1.496 1.43979 1.43444 1.3853 1.24625 1.01552 0.977686 0.930831 1.06165 1.33091 0.845907 1.00399 0.800797 0.766053 0.763897 0.699104
threshold=-1.0096175689182696 -0.72164220609890262 1.0000000180025095e-35 0.9908725821050044 1.0000000180025095e-35 0.99944395290190646 -1.0124444037409732 -1.299348666904341 6.3150000000000004 -1.4336421725895765 1.0000000180025095e-35 2.999984640577309 -0.39728207209049088 -0.057805565014664891 -0.10335856495560673 -0.23354412821500733 0.32551444645884214 0.99667128552813999 -0.12772970151360871 1.9398599513439609 0.50562626481201367 22.994348731705493 -0.26094298374484115 0.87624090045183245 -0.33786694624946839 0.27371186789599861 1.0000000180025095e-35 0.99944630601664541 0.19329187772002518 0.28226036112787173
decision_type=2 2 2 2 2 2 2 2 2 2 2 2 2 2 2 2 2 2 2 2 2 2 2 2 2 2 2 2 2 2
left_child=6 -2 4 27 13 26 7 11 -7 18 -11 12 -1 15 -14 -3 -15 20 -5 -13 24 22 28 -24 -8 -26 -6 -4 -19 -21
right_child=1 2 3 9 5 8 17 -9 -10 10 -12 19 14 16 -16 -17 -18 21 -20 29 -22 -23 23 -25 25 -27 -28 -29 -30 -31
leaf_value=-0.0053636167837503041 -0.0071450750025132299 0.00078827131289771262 -0.006507512871112283 0.011054669503882723 -0.011196079601460299 0.00068049028859722474 0.0042755400544982102 -0.0081651281975725163 0.0059455454675179835 -0.0012549308479060696 0.0021075899333834482 0.0019175379710215095 -0.00085519966034233611 0.003495558739534459 0.0073579860319273232 0.0047774281367806287 0.011787771873889035 0.0057175746454359204 0.0017682678039113884 0.011309887359322965 0.0061127425374907368 0.010922875424993339 0.0082070682185256746 0.0005134280052459028 -0.0061235022084466968 0.0023585789472923666 -0.0066861894026613716 -0.010602418183589049 -0.00074223719062042708 0.0043760196381028363
leaf_weight=92 343 536 780 69 194 3422 66 179 263 1355 841 108 137 121 92 396 95 76 79 87 80 75 267 73 83 59 220 140 112 68
leaf_count=92 343 536 780 69 194 3422 66 179 263 1355 841 108 137 121 92 396 95 76 79 87 80 75 267 73 83 59 220 140 112 68
internal_value=8.58027e-07 -0.000441609 -0.000170786 -0.00170982 0.000785663 5.93275e-05 0.00237233 0.000123762 0.00105777 0.000418448 3.05711e-05 0.00267389 0.000175751 0.0033745 0.00242437 0.00248893 0.0071695 0.00429202 0.00613604 0.00570271 0.00141539 0.00565719 0.00489783 0.00657054 -0.000369331 -0.00256489 -0.00881379 -0.00713717 0.00184425 0.00830495
internal_weight=10508 8854 8511 3264 5247 4099 1654 763 3685 2344 2196 584 321 1148 229 932 216 891 148 263 288 603 528 340 208 142 414 920 188 155
internal_count=10508 8854 8511 3264 5247 4099 1654 763 3685 2344 2196 584 321 1148 229 932 216 891 148 263 288 603 528 340 208 142 414 920 188 155
is_linear=0
shrinkage=0.05


Tree=45
num_leaves=31
num_cat=0
split_feature=40 20 20 0 28 28 13 9 14 8 11 14 15 1 26 10 6 10 0 23 9 33 14 3 27 35 35 35 33 27
split_gain=4.14085 3.60573 17.2206 3.15027 2.98282 7.34577 2.26815 2.15637 2.08885 1.80566 1.78366 1.58259 1.62483 1.56096 1.52593 1.42884 1.19957 1.16363 1.09136 1.76467 1.11486 0.97188 0.866346 0.709742 0.733057 0.681675 0.471665 0.874245 0.254924 0.152685
threshold=1.0000000180025095e-35 1.0000000180025095e-35 0.99791866160774123 0.48605161637078836 0.99808485474983877 1.0000000180025095e-35 14.00218444525056 -0.58623586871305011 1.3111081026073432 -0.022501199788506145 -1.0915918928019011 4.801870606571085 6.9969080886795529 2.1635849888994163 0.99062878869563853 1.1155192141304224 0.15997611989857102 -0.23671824720502282 0.62223609707590999 -0.88293138434784846 -0.31482120746636394 0.97023635982623235 2.1614062580215139 -0.43075179080372944 0.12594761625099798 0.070073466287762315 0.98936791663484891 0.0043935834348633506 0.066924670417868662 0.097906469083833908
decision_type=2 2 2 2 2 2 2 2 2 2 2 2 2 2 2 2 2 2 2 2 2 2 2 2 2 2 2 2 2 2
left_child=1 14 26 4 5 -4 13 22 -6 -8 23 12 21 -5 15 18 25 -14 20 -20 -1 -12 -2 -9 -25 -13 27 28 -3 -29
right_child=7 2 3 6 8 -7 9 10 -10 -11 11 16 17 -15 -16 -17 -18 -19 19 -21 -22 -23 -24 24 -26 -27 -28 29 -30 -31
leaf_value=0.0037112900680443257 -0.00025548746850259771 -0.011190408336774505 5.8136806029496213e-05 0.008932692361624698 -0.0029728247642968643 -0.0095471092933007498 0.0028798551794659497 -0.0027371176660566008 0.0055265803483004576 -0.00024594282397455311 -0.0062169656134088199 0.0070333377664961519 0.0018316617134715284 0.0025896583148312859 0.0092882066634300386 -0.0028811437583023264 -0.0043355717675231317 -0.0036698332014981913 -0.00073670008669668766 0.0096937882940945751 -0.0014540029553945987 0 0.0086278540460575578 0.0077824931205272138 -0.00011426393213483456 -0.00016226887338511323 -0.012857864812749684 -0.0071877323622985328 -0.0071752593188206164 -0.0041053902217789394
leaf_weight=369 50 185 4556 192 89 208 1055 53 369 817 647 67 150 202 99 100 77 263 56 139 144 68 58 64 52 62 69 87 62 99
leaf_count=369 50 185 4556 192 89 208 1055 53 369 817 647 67 150 202 99 100 77 263 56 139 144 68 58 64 52 62 69 87 62 99
internal_value=1.02489e-06 0.000423865 8.40689e-05 0.000685758 9.21196e-06 -0.000360378 0.00224258 -0.00233095 0.00386375 0.00151305 -0.00282342 -0.00343786 -0.0041743 0.00569485 0.00341137 0.00268406 0.000570536 -0.00165965 0.00347746 0.0066739 0.00225164 -0.00561939 0.00447251 0.00199624 0.00420245 0.00353881 -0.00887931 -0.00823095 -0.0102061 -0.00557709
internal_weight=10508 8897 7990 7488 5222 4764 2266 1611 458 1872 1503 1334 1128 394 907 808 206 413 708 195 513 715 108 169 116 129 502 433 247 186
internal_count=10508 8897 7990 7488 5222 4764 2266 1611 458 1872 1503 1334 1128 394 907 808 206 413 708 195 513 715 108 169 116 129 502 433 247 186
is_linear=0
shrinkage=0.05


Tree=46
num_leaves=31
num_cat=0
split_feature=32 32 2 14 20 20 35 53 10 4 30 29 54 26 3 0 10 35 35 11 38 10 4 42 12 25 25 2 30 30
split_gain=4.05561 24.706 3.59301 3.85035 3.44534 11.9309 2.52632 2.30107 1.79333 1.96262 1.62499 1.4887 1.36933 1.33751 1.45302 1.27297 1.11182 1.0734 1.0732 1.0552 1.34931 1.04795 1.04758 0.939974 0.788704 0.692533 0.75699 0.594977 0.573804 0.568372
threshold=0.99967515023610021 1.0000000180025095e-35 1.535803093545195 6.0107970907264008 0.99970103058260251 1.0000000180025095e-35 0.99944630601664541 1.0000000180025095e-35 -0.53992808778725621 1.996291213216461 0.35006128892436988 -1.1127402696877786 1.0000000180025095e-35 0.99062878869563853 0.73203171781148224 -0.39728207209049088 -0.15505178281314796 1.0000000180025095e-35 0.99944630601664541 1.0808550927864808 1.0000000180025095e-35 0.54341513787558215 1.3902439812467431 1.0000000180025095e-35 0.54354995442756382 1.0000000180025095e-35 0.99973034052983667 -0.46098246993500164 -0.14763947614101694 -0.14763947614101694
decision_type=2 2 2 2 2 2 2 2 2 2 2 2 2 2 2 2 2 2 2 2 2 2 2 2 2 2 2 2 2 2
left_child=1 2 3 4 5 -1 -6 13 29 10 -10 -9 23 14 19 -16 -13 25 -19 20 -2 -18 -17 -5 -21 -3 -27 -14 -15 -4
right_child=7 17 8 12 6 -7 -8 11 9 -11 -12 16 27 28 15 22 21 18 -20 24 -22 -23 -24 -25 -26 26 -28 -29 -30 -31
leaf_value=0.0013752072365280409 0.0038189270911264464 -0.01179768694845329 0.0058185624256870397 0.0062313019211919689 -0.00026425218488281341 -0.0089393038523425863 0.0020478184436429517 0.0043066659072586643 0.0035675704911890798 0.0084389851059727735 -0.0046990887724160839 0.0011489686239882866 -0.004588030854872781 0.0043814736307198569 0.0059191947985076151 -0.0002286225406889544 -0.0091449521036711199 -0.0048326179193961573 -0.010002039404696308 0.010017575304034259 -0.0012121724052809356 -0.00077097046140303899 -0.0087152751816732162 -0.00054636662189837303 0.0022678392490590145 -0.0058744595834288498 -0.011529942555600475 0.0025780147527862582 0.011492035545969524 0.012933842489793471
leaf_weight=739 663 204 53 405 3917 451 1690 83 158 111 95 85 53 56 50 107 97 387 140 99 165 63 56 57 52 180 94 63 65 70
leaf_count=739 663 204 53 405 3917 451 1690 83 158 111 95 85 53 56 50 107 97 387 140 99 165 63 56 57 52 180 94 63 65 70
internal_value=8.24141e-07 -0.000421282 0.000521783 0.000246364 -8.60939e-05 -0.00253013 0.000431759 0.00228457 0.00468148 0.00289679 0.000443104 -0.00145066 0.0041639 0.00322151 0.00270635 -0.00101765 -0.00342246 -0.00780306 -0.00621702 0.0035217 0.00281029 -0.00588147 -0.00317849 0.00538434 0.00738515 -0.00953956 -0.0078364 -0.000654192 0.00824882 0.00991574
internal_weight=10508 8867 7862 7375 6797 1190 5607 1641 487 364 253 328 578 1313 1192 213 245 1005 527 979 828 160 163 462 151 478 274 116 121 123
internal_count=10508 8867 7862 7375 6797 1190 5607 1641 487 364 253 328 578 1313 1192 213 245 1005 527 979 828 160 163 462 151 478 274 116 121 123
is_linear=0
shrinkage=0.05


Tree=47
num_leaves=31
num_cat=0
split_feature=51 0 52 53 0 16 16 11 25 25 12 10 16 14 6 45 44 0 40 30 0 1 29 27 8 14 35 35 11 29
split_gain=3.8396 12.8378 10.374 4.01067 5.40569 3.37026 4.22687 2.82189 2.41333 6.96178 2.38575 2.18107 2.04605 1.92676 2.3885 1.87901 2.18585 1.74274 2.1427 1.72653 1.67714 1.65431 1.44886 1.25615 1.22567 0.783124 0.697759 0.808612 0.48612 0.464415
threshold=1.0000000180025095e-35 0.078986063827420308 1.0000000180025095e-35 1.0000000180025095e-35 -1.0075450277420936 0.99775815936918899 0.031711922076316755 -1.1147944654339927 1.0000000180025095e-35 0.98615733068541755 -1.1464259485170294 -0.78812947635010222 2.9798674223998245 1.2311355277503253 0.26903429229655768 1.0000000180025095e-35 1.0000000180025095e-35 -0.46445104986873292 1.0000000180025095e-35 -0.97175322691899824 -1.0109819031364127 0.022972089240489251 0.10978444087426127 0.14101585788426771 -0.82666341386824027 3.2203420021221576 1.0000000180025095e-35 0.99944630601664541 0.32650262320318724 -0.70782900002829674
decision_type=2 2 2 2 2 2 2 2 2 2 2 2 2 2 2 2 2 2 2 2 2 2 2 2 2 2 2 2 2 2
left_child=3 26 5 8 13 6 7 -3 12 -10 25 -12 15 14 22 21 -17 24 -19 23 -21 -1 -5 -15 -11 -7 -2 -28 -14 -16
right_child=1 2 -4 4 -6 10 -8 -9 9 17 11 -13 28 19 29 16 -18 18 -20 20 -22 -23 -24 -25 -26 -27 27 -29 -30 -31
leaf_value=0.0077258932472064794 -0.010186475042342949 0.006366381318768018 -0.0090261361280030341 -0.0025393120202921123 -0.0075843602501646755 0.0051377076430881201 -0.0095345892331189994 -0.0009835039865887824 -0.0066563559291581186 0.0059133223624634884 0.0052045083735271598 0.00058298761840003754 0.010512122676892856 0.0077097773788956147 -0.0060932150420469414 0.0010854443992842975 -0.0070503926768289999 0.0038228041537464691 -0.0029199726162933465 -0.00066584936479434365 0.0065722093037431208 0.0024938966379945346 0.0068762475701227583 0.0008788228635714404 -0.0021560648008177225 0.011970658742021268 -0.0048416523816779749 -0.010885782446888866 0.0044940883990270035 -0.012964815434708397
leaf_weight=166 264 146 298 202 276 141 133 1227 309 54 321 1263 92 139 54 493 99 808 137 984 87 1817 51 134 352 63 207 79 59 53
leaf_count=166 264 146 298 202 276 141 133 1227 309 54 321 1263 92 139 54 493 99 808 137 984 87 1817 51 134 352 63 207 79 59 53
internal_value=7.84457e-07 -0.00118362 -9.28861e-05 0.000772203 -0.00109413 0.000714014 -0.00102635 -0.000197895 0.00161588 0.000109729 0.00218266 0.00152297 0.00253118 -3.95728e-05 -0.00329046 0.0021966 -0.000267626 0.00166134 0.00283978 0.00082766 -7.2657e-05 0.00293476 -0.000619592 0.00437671 -0.00106929 0.00727721 -0.00829671 -0.00653188 0.00819833 -0.00955252
internal_weight=10508 4142 3592 6366 1980 3294 1506 1373 4386 1660 1788 1584 2726 1704 360 2575 592 1351 945 1344 1071 1983 253 273 406 204 550 286 151 107
internal_count=10508 4142 3592 6366 1980 3294 1506 1373 4386 1660 1788 1584 2726 1704 360 2575 592 1351 945 1344 1071 1983 253 273 406 204 550 286 151 107
is_linear=0
shrinkage=0.05


Tree=48
num_leaves=31
num_cat=0
split_feature=22 22 22 22 19 19 5 8 0 19 5 23 19 19 23 29 38 8 17 37 10 7 14 0 2 27 35 12 35 35
split_gain=3.70487 14.3505 3.39272 22.3248 3.75966 8.38737 2.7037 2.16836 1.92246 1.87713 2.01744 1.67489 1.57739 4.35529 1.72459 1.75844 2.24608 2.09251 1.89841 1.30983 1.27335 3.81995 1.62429 1.29177 1.0811 0.95226 0.939555 0.866036 0.751715 1.09109
threshold=4.999886480890873 4.0002696594701641 3.997867226025662 3.0005536939833553 1.0000000180025095e-35 0.99944395290190646 1.4111336340353469 -0.71631950752590223 -1.3498407762976516 0.99944395290190646 0.48763970989283861 -0.76191252540402465 0.99944395290190646 1.0000000180025095e-35 1.1538877882354668 -0.51869657230199884 1.0000000180025095e-35 1.0601809730441196 3.1417089104018046 1.0000000180025095e-35 -0.53992808778725621 0.050261137121990207 1.4403499564651174 -0.37407724749060262 0.79346396143234965 0.99952829236618446 1.0000000180025095e-35 0.26035257180267307 0.0043935834348633506 0.99944630601664541
decision_type=2 2 2 2 2 2 2 2 2 2 2 2 2 2 2 2 2 2 2 2 2 2 2 2 2 2 2 2 2 2
left_child=1 2 3 9 7 -6 -7 -4 -9 10 -1 -11 13 20 15 17 18 19 -17 -14 21 -2 -22 -24 -18 -16 -3 -19 -5 -30
right_child=12 26 4 28 5 6 -8 8 -10 11 -12 -13 14 -15 25 16 24 27 -20 -21 22 -23 23 -25 -26 -27 -28 -29 29 -31
leaf_value=-0.0023614839371245413 0.0033870845302379432 -0.0082334165915341137 0.0085603320640709191 -0.010273741895350359 -0.0081290727544932519 0.00054843582161122871 0.0058502730101173562 -0.0053359001842576761 0.0033708070470668916 -8.7401029462316402e-05 0.0049210345215937035 0.0042908124298658848 0.00016511466787920483 -0.0075530462179532742 0.0038397676708039363 0.0056008877495107925 -0.0045339118084853584 0.011378501326487257 -0.0014014108529747536 -0.0053641285900734121 0.0083118927313065773 -0.012210470029501985 0.0054663208133763075 -0.00064865409583658284 0.0036450470558408825 0.010835404928984339 -0.0049716276325428724 0.002235063371280085 -0.0052441514774516987 -0.011758041029062236
leaf_weight=385 109 407 191 370 274 2965 262 69 722 297 126 803 577 164 126 631 117 51 113 131 106 61 127 266 61 83 514 56 255 89
leaf_count=385 109 407 191 370 274 2965 262 69 722 297 126 803 577 164 126 631 117 51 113 131 106 61 127 266 61 83 514 56 255 89
internal_value=7.42024e-07 -0.000561745 0.000230014 -0.00131892 0.00103446 0.000266015 0.000980609 0.00376869 0.00260441 0.00194036 -0.0005554 0.00310425 0.0015669 -0.000248385 0.00234649 0.00182597 0.00332178 0.000127443 0.0045306 -0.000851503 0.00153568 -0.00218418 0.00281317 0.0013156 -0.00170246 0.0066457 -0.00641921 0.00664639 -0.00867909 -0.00694689
internal_weight=10508 7729 6808 2325 4483 3501 3227 982 791 1611 511 1100 2779 833 1946 1737 922 815 744 708 669 170 499 393 178 209 921 107 714 344
internal_count=10508 7729 6808 2325 4483 3501 3227 982 791 1611 511 1100 2779 833 1946 1737 922 815 744 708 669 170 499 393 178 209 921 107 714 344
is_linear=0
shrinkage=0.05


Tree=49
num_leaves=31
num_cat=0
split_feature=54 57 55 5 14 2 11 25 39 17 17 1 15 6 15 10 0 3 8 29 15 15 14 6 21 14 21 8 25 31
split_gain=3.54173 10.8096 4.75367 3.86031 3.42213 2.91253 2.37814 2.30364 2.14954 2.01561 1.62989 1.55014 1.66695 1.82263 1.65334 1.19428 1.24739 1.20841 1.51696 1.11962 0.996226 1.2179 0.977379 0.924719 0.895178 0.706161 0.56494 0.460197 0.456009 0.377226
threshold=1.0000000180025095e-35 1.0000000180025095e-35 1.0000000180025095e-35 1.3651571918645695 6.0824165712211498 1.535803093545195 0.58011876648189675 1.0000000180025095e-35 1.0000000180025095e-35 4.9992858284604127 3.000050210194213 1.9997303405298366 3.9868062739364509 -0.81305629605695395 2.3569729741300329 -1.1387260153526746 0.75600529198806765 -0.71236003027492323 1.0000000180025095e-35 -0.30346334861149876 7.9999846405773098 5.0406369123866943 0.94032740418661531 -0.41889456687069621 0.99988648089087229 3.5213086549779464 1.0000000180025095e-35 -0.013896454756912948 0.99973034052983667 0.61713627483011069
decision_type=2 2 2 2 2 2 2 2 2 2 2 2 2 2 2 2 2 2 2 2 2 2 2 2 2 2 2 2 2 2
left_child=3 2 11 4 5 6 7 -1 20 -8 22 12 27 -14 23 -5 17 28 -19 -16 21 -6 -7 -13 26 -18 -3 -2 -17 -22
right_child=1 24 -4 15 8 10 9 -9 -10 -11 -12 14 13 -15 19 16 25 18 -20 -21 29 -23 -24 -25 -26 -27 -28 -29 -30 -31
leaf_value=-0.00011830935106010531 -0.0032489147485729453 -0.0098552320854082415 -0.0082021058803557027 0.0099492635163995966 0.005868747438087487 -0.0012799942153351063 0.00082807934815116958 -0.0024174725986542472 -0.003371999174536019 0.0094376517245994621 -0.0032418221785173412 0.012699755052297782 0.0080079574665351729 -0.00096720247155266585 0.004412426943481527 0.0036177286825485634 0.01102043844851195 -0.0018757863207696521 0.0052249557656647849 0.00048121538204993634 0.010557085408496038 -0.00038014741408354881 0.006083323120885868 0.0040277782371367348 -0.0088790568587299654 0.0031317986726403951 -0.0040639133761154102 -0.009372558888439058 0.01003734223444494 0.0053605372140530265
leaf_weight=2875 73 53 150 80 212 51 1638 1759 86 71 69 51 67 358 240 67 73 216 115 753 93 121 326 84 355 50 247 58 52 65
leaf_count=2875 73 53 150 80 212 51 1638 1759 86 71 69 51 67 358 240 67 73 216 115 753 93 121 326 84 355 50 247 58 52 65
internal_value=7.02212e-07 -0.00164643 0.000320224 0.000512591 0.00018522 -0.000128276 -0.000403625 -0.000992151 0.00388188 0.00118922 0.00377573 0.00108275 -0.00107186 0.000437494 0.00214921 0.00419716 0.00338375 0.00214781 0.000576971 0.00143674 0.00516302 0.00358369 0.00507389 0.00734784 -0.00715991 0.00785944 -0.00510665 -0.00600337 0.00647099 0.00845563
internal_weight=10508 2489 1834 8019 7366 6789 6343 4634 577 1709 446 1684 556 425 1128 653 573 450 331 993 491 333 377 135 655 123 300 131 119 158
internal_count=10508 2489 1834 8019 7366 6789 6343 4634 577 1709 446 1684 556 425 1128 653 573 450 331 993 491 333 377 135 655 123 300 131 119 158
is_linear=0
shrinkage=0.05


Tree=50
num_leaves=31
num_cat=0
split_feature=12 18 18 40 13 42 10 44 2 14 16 21 30 9 32 9 9 11 12 11 10 11 14 35 35 3 21 3 25 35
split_gain=3.49617 3.3715 14.3288 3.24218 2.99938 2.45533 2.1706 1.88715 1.57718 1.38741 1.33661 1.25484 1.15012 1.59883 1.15151 1.12131 1.10611 1.08877 1.35308 1.01139 1.01105 1.07091 0.841863 0.645594 0.726799 0.605091 0.446079 0.425723 0.36711 0.228432
threshold=-2.0255147750730971 0.99952829236618446 1.0000000180025095e-35 1.0000000180025095e-35 23.996526308798625 1.0000000180025095e-35 -0.38798982475873406 1.0000000180025095e-35 -0.41286212676330564 4.4793438644242505 1.9999417408089133 0.99988648089087229 1.5358600173055514 0.10533002422537811 1.0000000180025095e-35 -0.55481015316706717 -0.25896037329208693 0.58011876648189675 -0.67264535045625007 0.66363626720202051 1.2167708018462995 -0.83083101243605439 2.7302178312011516 0.019156932535670305 0.97736100369047085 0.14974252036532057 1.0000000180025095e-35 -0.14209198825999367 0.034070936031103907 1.0000000180025095e-35
decision_type=2 2 2 2 2 2 2 2 2 2 2 2 2 2 2 2 2 2 2 2 2 2 2 2 2 2 2 2 2 2
left_child=6 2 3 4 5 -2 -1 10 17 -6 -5 26 13 14 -10 -14 -9 20 -19 -17 21 -3 -15 28 -25 -8 -4 -20 -13 -28
right_child=1 8 11 7 9 -7 25 16 12 -11 -12 23 15 22 -16 19 -18 18 27 -21 -22 -23 -24 24 -26 -27 29 -29 -30 -31
leaf_value=-0.00032647764454327225 0.00063724419324846435 0.0040818289233091505 -0.0093787259886992658 -0.00075138051432761441 0.0030795777551615388 -0.0021693320559366481 0.01340327173588937 -0.0024394194670843291 0.0065933765661437167 0.010176824737647409 0.0068314763156800233 -0.013753351120474001 -0.0053297159184264283 -0.0046478088639798718 0.0010770828212716538 0.00038935437887379883 -0.0064981847723839005 0.0099163850043648277 -0.0025678418305143122 0.0068051536917175422 -0.0081298226785869749 -0.002162933598163044 0.0035576404833752608 -0.0050492047968027165 -0.011754106674433331 0.0060604013993354622 -0.0055500975728475892 0.0032553717464016644 -0.009051410531776204 -0.0024800645752654595
leaf_weight=71 5338 91 51 266 368 912 76 668 446 86 74 96 61 67 123 243 228 52 63 83 51 276 58 131 62 50 141 62 93 121
leaf_count=71 5338 91 51 266 368 912 76 668 446 86 74 96 61 67 123 243 228 52 63 83 51 276 58 131 62 50 141 62 93 121
internal_value=7.40136e-07 -0.000124878 -0.000523662 7.83492e-05 0.000512797 0.00022688 0.00659768 -0.00227388 0.00192664 0.00443695 0.000885828 -0.00740753 0.00306469 0.00428429 0.00541011 0.000864156 -0.00347842 -0.00013274 0.00314383 0.00203974 -0.00153256 -0.000600194 -0.000800712 -0.00934641 -0.00723398 0.0105362 -0.00502302 0.000280797 -0.0114721 -0.00415282
internal_weight=10508 10311 8635 7940 6704 6250 197 1236 1676 454 340 695 1081 694 569 387 896 595 177 326 418 367 125 382 193 126 313 125 189 262
internal_count=10508 10311 8635 7940 6704 6250 197 1236 1676 454 340 695 1081 694 569 387 896 595 177 326 418 367 125 382 193 126 313 125 189 262
is_linear=0
shrinkage=0.05


Tree=51
num_leaves=31
num_cat=0
split_feature=32 32 1 1 48 49 53 30 9 3 14 49 1 13 38 21 7 4 14 12 14 9 12 21 35 35 15 7 12 57
split_gain=3.2806 19.0474 2.97769 3.76278 2.54367 5.31881 1.8864 1.71248 1.68874 1.2483 1.15786 1.14454 0.970582 0.951807 1.20758 0.931392 0.913906 0.812779 0.79967 0.809048 0.776027 0.832622 0.762281 0.635348 0.634695 0.546162 0.5218 0.505585 0.498124 0.270059
threshold=0.99967515023610021 1.0000000180025095e-35 4.9954634604858557 4.0070983172358625 1.0000000180025095e-35 1.0000000180025095e-35 1.0000000180025095e-35 -0.14763947614101694 1.5808809622339186 0.73203171781148224 1.1902147292615637 1.0000000180025095e-35 1.0138126138992247 14.096641156836544 1.0000000180025095e-35 0.99988648089087229 0.26821282542345515 2.9993804676660694 1.6911059266222523 -0.13157858136049025 4.0218774730594973 -0.35768751038487645 0.24868839241448029 1.0000000180025095e-35 0.019156932535670305 0.99944630601664541 6.9969080886795529 -0.23667222295008131 0.27459760424835483 1.0000000180025095e-35
decision_type=2 2 2 2 2 2 2 2 2 2 2 2 2 2 2 2 2 2 2 2 2 2 2 2 2 2 2 2 2 2
left_child=1 2 3 4 7 -6 8 -1 9 13 -8 17 -12 28 -15 23 26 22 -13 -20 21 -14 -4 -3 -17 -26 -11 -10 -2 -25
right_child=6 15 11 -5 5 -7 10 -9 27 16 12 18 20 14 -16 24 -18 -19 19 -21 -22 -23 -24 29 25 -27 -28 -29 -30 -31
leaf_value=6.0810925144390358e-05 0.0085973783151507659 -0.010043741878383682 0.0059221794405743405 -0.0083030595112751401 9.1966413347581525e-05 -0.0059423871180801146 -0.0063098315715261954 0.0024457530267681955 0.012478873226265451 -0.0061015312335971844 0.0065617489983890859 -0.0042486255774281849 -0.0079190840799388037 0.0033361684972398505 -0.0014756955672416798 -0.0099843757667889763 0.0033129511693723197 0.010259767266080459 0.007387269883203873 -0.00088962686322798532 0.0037135535203677451 0 0.0014862910081659747 -0.0078388338220339703 -0.0050799646712598786 -0.010153478899687995 5.5713971812545516e-05 0.0053523045232908573 0.0029636415457228085 -0.0038443126254741468
leaf_weight=1351 108 59 243 129 3609 406 86 1712 53 81 51 63 56 657 161 276 75 64 52 66 56 79 167 52 201 77 57 54 67 340
leaf_count=1351 108 59 243 129 3609 406 86 1712 53 81 51 63 56 657 161 276 75 64 52 66 56 79 167 52 201 77 57 54 67 340
internal_value=6.00266e-07 -0.00037899 0.000448989 0.000154892 0.000309864 -0.00051712 0.00205463 0.00139549 0.00290308 0.00236286 -0.00132639 0.00367681 0.000425808 0.00310915 0.00238291 -0.00686055 -0.00109268 0.00496877 0.000264959 0.00271865 -0.001189 -0.0032609 0.00412836 -0.00514174 -0.00824959 -0.00650634 -0.00352392 0.00893733 0.00647194 -0.00438881
internal_weight=10508 8867 7862 7207 7078 4015 1641 3063 1313 1206 328 655 242 993 818 1005 213 474 181 118 191 135 410 451 554 278 138 107 175 392
internal_count=10508 8867 7862 7207 7078 4015 1641 3063 1313 1206 328 655 242 993 818 1005 213 474 181 118 191 135 410 451 554 278 138 107 175 392
is_linear=0
shrinkage=0.05


Tree=52
num_leaves=31
num_cat=0
split_feature=22 22 22 32 32 22 23 1 17 24 53 5 17 13 12 54 5 51 1 12 35 35 27 35 35 25 51 27 25 21
split_gain=3.10564 4.34694 14.1469 3.42158 12.9486 3.2535 2.60584 2.41165 2.57565 2.46683 1.72944 1.50816 1.30086 1.08781 0.961435 1.35874 1.25419 1.08411 0.914197 1.05565 0.640482 0.982071 0.580849 0.575812 0.784901 0.511189 0.350651 0.295606 0.234979 0.232677
threshold=2.0086302295448077 3.997867226025662 3.0005536939833553 0.99967515023610021 1.0000000180025095e-35 2.9984747087058348 1.7489429833686716 4.9954634604858557 3.000050210194213 0.99782258833717463 1.0000000180025095e-35 0.39182081032581761 3.9987430771465284 14.307711532311766 -0.53915331705990333 1.0000000180025095e-35 0.53401821458527732 1.0000000180025095e-35 1.0556731876339511 0.83783448403439775 0.0043935834348633506 0.99944630601664541 0.45477639581478518 0.050567800923112756 0.9923024588066145 1.0000000180025095e-35 1.0000000180025095e-35 0.022904125923522953 0.076018389270205808 0.99988648089087229
decision_type=2 2 2 2 2 2 2 2 2 2 2 2 2 2 2 2 2 2 2 2 2 2 2 2 2 2 2 2 2 2
left_child=14 2 5 4 7 -2 11 9 -9 -3 12 -7 13 -5 22 16 17 -16 -12 -20 27 29 -1 25 -25 -6 -14 28 -4 -22
right_child=1 3 20 10 23 6 -8 8 -10 -11 18 -13 26 -15 15 -17 -18 -19 19 -21 21 -23 -24 24 -26 -27 -28 -29 -30 -31
leaf_value=0.0041831214880633976 -0.00742795455730788 -0.00014998078026811046 -0.013487990255482862 0.0068665159862389066 -0.010027381690120006 -0.00010652336629015344 0.011288213776493927 0.0052973921569365503 -0.0057018467972826791 0.0025145719449743424 0.0048700500143809885 0.0039787863852506515 0.010550708529839794 0.0021279045977832837 0.0088149481207043905 -0.00066496636490166305 0.014838372477113386 0.0001017238881158432 -0.0048556990596738472 0.0031474384723880347 -0.0028881457096145259 -0.010851202059984542 -0.0033844983563330136 -0.0034761594779184482 -0.0086063971933860936 -0.0061072150911844775 0.0052758193830923748 -0.0079792068446555339 -0.0092856158146059718 -0.0060522063659949072
leaf_weight=50 106 4581 67 146 156 749 67 442 60 1071 52 322 74 756 101 57 51 57 143 57 113 89 51 268 107 205 65 203 100 142
leaf_count=50 106 4581 67 146 156 749 67 442 60 1071 52 322 74 756 101 57 51 57 143 57 113 89 51 268 107 205 65 203 100 142
internal_value=6.04992e-07 -0.000162462 -0.002279 0.000343388 -9.88361e-05 0.000937307 0.00172147 0.000650067 0.00397191 0.000354077 0.00270356 0.00111733 0.00360424 0.00290113 0.00451893 0.00609647 0.00796385 0.00570525 -0.000997232 -0.00254938 -0.00788912 -0.00628745 0.000312824 -0.00636675 -0.00495522 -0.0078174 0.00812555 -0.00936263 -0.0110086 -0.00467138
internal_weight=10508 10141 1958 8183 6890 1244 1138 6154 502 5652 1293 1071 1041 902 367 266 209 158 252 200 714 344 101 736 375 361 139 370 167 255
internal_count=10508 10141 1958 8183 6890 1244 1138 6154 502 5652 1293 1071 1041 902 367 266 209 158 252 200 714 344 101 736 375 361 139 370 167 255
is_linear=0
shrinkage=0.05


Tree=53
num_leaves=31
num_cat=0
split_feature=3 3 4 4 25 25 18 3 3 41 46 8 6 1 54 14 1 29 29 4 7 7 8 35 8 21 35 2 13 45
split_gain=2.91456 4.08536 3.44294 11.5784 2.97855 6.97952 2.84625 2.03551 4.10054 1.99655 1.5039 1.45906 1.31437 1.30659 1.18754 1.18402 0.977412 0.950238 0.850965 0.827133 0.90461 1.5256 0.891297 0.800898 0.757695 0.721437 0.643101 0.574517 0.561455 0.264736
threshold=-1.0096175689182696 -0.72164220609890262 1.0000000180025095e-35 0.99667128552813999 1.0000000180025095e-35 0.9908725821050044 0.99952829236618446 -1.0124444037409732 -1.299348666904341 1.0000000180025095e-35 1.0000000180025095e-35 1.3373238619618253 1.2744519113409731 2.999984640577309 1.0000000180025095e-35 2.8900725150244457 2.999984640577309 -0.90611637494489849 0.142843552366378 0.99667128552813999 -0.54019946711787048 0.71579527053743619 1.4884551064196672 1.0000000180025095e-35 -0.022596676758315497 0.99988648089087229 0.97736100369047085 -0.074004983473272681 17.976033820462973 1.0000000180025095e-35
decision_type=2 2 2 2 2 2 2 2 2 2 2 2 2 2 2 2 2 2 2 2 2 2 2 2 2 2 2 2 2 2
left_child=7 29 9 23 6 -6 -5 8 11 10 15 14 19 17 16 -3 -1 -11 -14 20 -9 -22 28 25 -15 -4 -25 -12 -21 -2
right_child=1 2 3 4 5 -7 -8 12 -10 13 27 -13 18 24 -16 -17 -18 -19 -20 22 21 -23 -24 26 -26 -27 -28 -29 -30 -31
leaf_value=0.0016735171375148721 -0.0067430175311477825 0.0016092752055073345 -0.0055876148907826537 0.00030424056335453766 -0.0064007174880312077 0.0002590999082310322 0.0040297844098306258 0.0064933156671520892 -0.0065865859765656155 0.00037567547672136162 -0.0054209422882874224 -0.0057305173373431682 -0.0049933821039490423 -0.0022920464866152531 -0.0020684246664959844 0.0043959486953818894 0.0064725181461096617 -0.0069844352417788164 0.0034704576542282806 0.0042338017533943388 -0.0046987072324695305 0.0046594707876158308 -0.00026072563757952906 -0.0034364858823049366 0.0056179304147797099 -0.010094529428626786 -0.0077396435235601614 0.00098815285097094818 0.0078084676940037125 -0.00368980130080763
leaf_weight=224 225 945 169 2982 527 1546 620 75 179 64 80 54 68 54 98 649 208 131 52 212 88 86 59 278 67 207 132 60 251 118
leaf_count=224 225 945 169 2982 527 1546 620 75 179 64 80 54 68 54 98 649 208 131 52 212 88 86 59 278 67 207 132 60 251 118
internal_value=4.71396e-07 -0.000358968 -0.000142722 -0.000709727 7.71654e-05 -0.00143178 0.000946988 0.00192751 2.53901e-05 0.00164182 0.00230927 0.00206135 0.00355058 -0.00200448 0.0028656 0.00274722 0.00399668 -0.00454423 -0.00128425 0.00430963 0.00190635 -4.46621e-05 0.00544587 -0.00639682 0.00204759 -0.00808413 -0.00483563 -0.00263975 0.00618375 -0.00570859
internal_weight=10508 8854 8511 6461 5675 2073 3602 1654 763 2050 1734 584 891 316 530 1594 432 195 120 771 249 174 522 786 121 376 410 140 463 343
internal_count=10508 8854 8511 6461 5675 2073 3602 1654 763 2050 1734 584 891 316 530 1594 432 195 120 771 249 174 522 786 121 376 410 140 463 343
is_linear=0
shrinkage=0.05


Tree=54
num_leaves=25
num_cat=0
split_feature=12 22 22 22 22 39 4 16 2 16 13 10 11 12 12 11 12 21 49 29 3 45 9 11
split_gain=2.94316 2.82361 6.23439 3.26796 10.3818 2.64078 2.27853 2.66291 2.03739 2.15675 2.19028 1.94266 1.52802 0.928431 0.864712 1.02748 0.967111 0.8059 0.618122 0.551222 0.538076 0.242675 0.0855773 0.0650698
threshold=-2.0255147750730971 5.9996751502361008 5.0045029240548375 4.999886480890873 4.0002696594701641 1.0000000180025095e-35 2.0004422967495619 0.071161481322891004 0.17127109475167712 0.99775815936918899 16.611409480131485 -0.38798982475873406 1.481037189444822 -0.24712760710859277 0.27038868150877271 -0.0051184025747257984 -0.67523176886175451 0.99988648089087229 1.0000000180025095e-35 -1.2153272562963462 0.14974252036532057 1.0000000180025095e-35 -0.24322368626646962 -0.11468935481785263
decision_type=2 2 2 2 2 2 2 2 2 2 2 2 2 2 2 2 2 2 2 2 2 2 2 2
left_child=11 2 3 4 5 -2 12 -8 9 10 -3 -1 -5 -12 16 -16 -10 -6 19 -11 -13 22 23 -4
right_child=1 8 21 6 17 -7 7 -9 14 18 13 20 -14 -15 15 -17 -18 -19 -20 -21 -22 -23 -24 -25
leaf_value=-0.00049468335104810204 0.000506581678283759 0.0058864656322730521 -0.0067401918163437005 0.0020791404586478083 -0.0037992984679799087 -0.0023675819965694169 0.0048985201946522916 -0.0062633503721536482 0.0034893452729049482 0.0019735955548265921 -0.00093653877870847942 0.012485052098895812 0.0085460825903943063 -0.0094435968381768667 -0.0016900677764669953 0.0081481737120006389 0.011931961439132206 -0.0068355542541687561 -0.00014601312983382201 0.0082816205127988485 0.0055517157008072096 -0.0057944638024749985 -0.011327125469576604 -0.0097442847190876841
leaf_weight=71 5747 50 54 1467 390 928 78 167 55 58 53 76 98 87 55 50 98 531 55 96 50 84 52 58
leaf_count=71 5747 50 54 1467 390 928 78 167 55 58 53 76 98 87 55 50 98 531 55 96 50 84 52 58
internal_value=3.85806e-07 -0.00011483 -0.000331159 -0.00012426 -0.000579698 0.000106219 0.00178424 -0.00268883 0.00305588 0.000802127 -0.00303712 0.00605318 0.00248781 -0.00626172 0.0065203 0.00295053 0.00893395 -0.00555582 0.00431604 0.00594114 0.00977996 -0.00815496 -0.00932925 -0.00834779
internal_weight=10508 10311 9654 9406 7596 6675 1810 245 657 399 190 197 1565 140 258 105 153 921 209 154 126 248 164 112
internal_count=10508 10311 9654 9406 7596 6675 1810 245 657 399 190 197 1565 140 258 105 153 921 209 154 126 248 164 112
is_linear=0
shrinkage=0.05


Tree=55
num_leaves=31
num_cat=0
split_feature=54 57 55 5 22 14 2 22 39 12 9 13 10 1 22 9 15 10 12 12 7 34 29 11 35 35 35 25 25 18
split_gain=2.71832 7.99874 3.5776 3.17426 3.09138 3.29805 2.27364 2.14817 1.54361 1.33333 1.31006 1.6078 1.27829 1.21518 1.82129 2.0589 1.45693 1.14553 1.11214 1.04684 0.938853 0.8542 0.754488 0.673799 0.593506 0.819741 0.202983 0.192319 0.601737 0.0897871
threshold=1.0000000180025095e-35 1.0000000180025095e-35 1.0000000180025095e-35 1.3651571918645695 2.0086302295448077 6.0824165712211498 1.4407945131001718 4.999886480890873 1.0000000180025095e-35 0.20734418358899007 2.637903517924562 22.994348731705493 -1.1387260153526746 1.9997303405298366 3.997867226025662 0.35680100227968026 2.3569729741300329 0.51381566979200077 -0.46999660329425469 0.071530378152673962 0.043354714497061159 0.99944630601664541 0.19534305532849514 -0.25535172032646508 0.99944630601664541 1.0000000180025095e-35 0.0043935834348633506 0.96085005174630245 0.034070936031103907 0.0027392262269504003
decision_type=2 2 2 2 2 2 2 2 2 2 2 2 2 2 2 2 2 2 2 2 2 2 2 2 2 2 2 2 2 2
left_child=3 2 13 4 17 6 7 -6 21 -8 11 12 -5 14 23 -16 20 22 -14 -18 -15 -7 -1 -2 25 27 -4 28 -3 -27
right_child=1 24 26 10 5 8 9 -9 -10 -11 -12 -13 18 16 15 -17 19 -19 -20 -21 -22 -23 -24 -25 -26 29 -28 -29 -30 -31
leaf_value=0.0040343575207834456 -0.0019121517837063886 -0.0086548029076846094 -0.0092135610836112988 0.01023451716707389 -0.0012021580140432683 0.0038662219973891244 0.0052781694262947747 0.00088150508510869633 -0.0025481325207742118 -0.00012645415260251623 -0.0039285954935643482 0.012307316311926608 -0.00062498276744958473 0.0031845687331629458 -0.00067261874581647568 0.010114620138190226 -0.00025376980949416852 0.00059270178910376232 0.0044171755621667868 0.0030066504491286991 0.011792408773665421 0.0098249965119296661 0.010741375300133265 -0.0092557138400015931 -0.010053003173453187 -0.0040382973675563696 -0.0052618360955247225 -0.0096213442582670922 -0.0033851176732545385 -0.001797305617212472
leaf_weight=79 57 138 70 64 4373 390 271 1722 83 194 50 59 165 80 374 50 553 83 315 440 55 73 98 75 89 183 80 77 96 72
leaf_count=79 57 138 70 64 4373 390 271 1722 83 194 50 59 165 80 374 50 553 83 315 440 55 73 98 75 89 183 80 77 96 72
internal_value=3.22835e-07 -0.00144264 0.00024873 0.000448836 0.000151915 -4.33543e-05 -0.000354835 -0.000612643 0.0036892 0.00301304 0.00378999 0.00443884 0.00357416 0.000910599 -0.000996533 0.000589757 0.00185508 0.00550596 0.00267375 0.00118605 0.00673461 0.00481844 0.00778005 -0.00612633 -0.00618541 -0.00556676 -0.0071442 -0.00730422 -0.00651661 -0.0034261
internal_weight=10508 2489 1834 8019 7366 7106 6560 6095 546 465 653 603 544 1684 556 424 1128 260 480 993 135 463 177 132 655 566 150 311 234 255
internal_count=10508 2489 1834 8019 7366 7106 6560 6095 546 465 653 603 544 1684 556 424 1128 260 480 993 135 463 177 132 655 566 150 311 234 255
is_linear=0
shrinkage=0.05


Tree=56
num_leaves=31
num_cat=0
split_feature=12 57 54 55 31 31 15 10 54 55 14 27 30 25 25 30 23 8 16 30 21 21 57 21 33 25 21 27 19 45
split_gain=2.61079 2.5848 7.91019 3.40048 2.54733 12.0671 2.27168 1.75273 1.47435 3.10666 2.32712 1.41722 2.0293 1.13954 1.26391 1.22034 1.07009 1.38118 1.05134 0.778799 0.7074 0.494372 0.48261 0.348065 0.298873 0.19135 0.186563 0.148071 0.138518 0.119949
threshold=-2.0255147750730971 1.0000000180025095e-35 1.0000000180025095e-35 1.0000000180025095e-35 1.0000000180025095e-35 0.99883613163232965 6.9969080886795529 -0.38798982475873406 1.0000000180025095e-35 1.0000000180025095e-35 1.3111081026073432 0.043933829422397062 -0.5653545488842191 0.017156789767456552 0.97098109387195852 -0.14763947614101694 -0.83424357620508871 0.22261757820224895 0.11773416540538227 -0.14429265770524644 0.99988648089087229 1.0000000180025095e-35 1.0000000180025095e-35 0.99988648089087229 0.062842368088229919 0.017156789767456552 0.19103402301903913 0.32159091766096615 0.99944395290190646 1.0000000180025095e-35
decision_type=2 2 2 2 2 2 2 2 2 2 2 2 2 2 2 2 2 2 2 2 2 2 2 2 2 2 2 2 2 2
left_child=7 8 3 4 6 -6 -3 -1 10 13 11 12 -2 15 -15 -10 17 -12 -18 -13 21 -4 -9 26 27 -11 -5 -22 -23 -25
right_child=1 2 20 23 5 -7 -8 22 9 25 16 19 -14 14 -16 -17 18 -19 -20 -21 24 28 -24 29 -26 -27 -28 -29 -30 -31
leaf_value=-0.00051544777074443652 -0.0069718843599354922 -7.8187700650115334e-05 -0.0084838276188785519 -0.0051226521879650993 -0.0083038890216415671 0.00069467494985202868 0.0024336016815346903 0.0055383647688936628 -0.00017502832292655529 -0.0085910319870876866 0.0035249303217756763 -0.002007314619855267 0.004696837849340222 -0.0060695485475678167 2.3086893793480853e-05 0.0032260891243630139 0.0077421916162981781 -0.0038328112556097332 0.0033074447848939073 -0.0094546779418385879 -0.0093460540478237167 -0.0017089870052451679 0.012027550311615029 -0.0066258157435237167 -0.0044970657576199257 -0.004758520057941305 -0.001573596155188934 -0.0067664890577772922 -0.0041949568000243546 -0.0040445253608673232
leaf_weight=71 51 2056 53 58 465 1869 1596 55 474 78 157 90 136 103 479 587 169 107 691 60 152 113 71 155 77 72 121 126 133 83
leaf_count=71 51 2056 53 58 465 1869 1596 55 474 78 157 90 136 103 479 587 169 107 691 60 152 113 71 155 77 72 121 126 133 83
internal_value=2.19964e-07 -0.000108268 -0.000646272 -0.000110441 0.000192912 -0.00109623 0.00101818 0.00570104 0.00105696 9.33008e-05 0.00223608 -0.00139753 0.00148571 0.00072506 -0.00104743 0.00170206 0.00333 0.000523561 0.00418554 -0.00502389 -0.00588387 -0.00405258 0.00924126 -0.00447603 -0.00741062 -0.00678913 -0.00275371 -0.00819773 -0.0030745 -0.00574869
internal_weight=10508 10311 7057 6403 5986 2334 3652 197 3254 1793 1461 337 187 1643 582 1061 1124 264 860 150 654 299 126 417 355 150 179 278 246 238
internal_count=10508 10311 7057 6403 5986 2334 3652 197 3254 1793 1461 337 187 1643 582 1061 1124 264 860 150 654 299 126 417 355 150 179 278 246 238
is_linear=0
shrinkage=0.05


Tree=57
num_leaves=31
num_cat=0
split_feature=33 33 3 3 35 35 8 17 3 5 10 12 44 37 8 29 3 35 25 5 35 35 22 23 7 21 0 25 25 45
split_gain=2.46609 5.62502 2.62434 2.82065 2.6888 7.86124 1.81936 1.59737 1.49829 1.41508 1.38399 1.28813 1.01421 0.694224 1.0848 0.928367 1.2991 1.12592 0.866206 0.655953 0.50034 0.490984 0.428286 0.426468 0.405395 0.259075 0.168063 0.155981 0.361391 0.129373
threshold=0.99970103058260251 0.0026787841827322508 -1.0096175689182696 -0.72164220609890262 0.99944630601664541 1.0000000180025095e-35 -0.57716305393524669 2.0011858512989225 0.14974252036532057 0.58020419472821849 -0.30992276228467713 -0.21945753065486254 1.0000000180025095e-35 1.0000000180025095e-35 1.2814957575028596 -0.55290861270084346 0.45159279548094822 0.062930554603470565 0.0043101856371638011 0.16452765015143048 0.009205331465844251 0.99019700833590363 4.0880504251906098 0.090597166922541314 -0.31725366217332385 0.98589442400110983 0.14098591063004298 0.0043101856371638011 0.99973034052983667 1.0000000180025095e-35
decision_type=2 2 2 2 2 2 2 2 2 2 2 2 2 2 2 2 2 2 2 2 2 2 2 2 2 2 2 2 2 2
left_child=1 2 6 25 5 -5 10 9 -6 -8 26 -12 -9 14 15 22 19 -18 23 -17 27 -22 24 -15 -2 -4 -1 -3 -29 -27
right_child=13 20 3 4 8 -7 7 12 -10 -11 11 -13 -14 18 -16 16 17 -19 -20 -21 21 -23 -24 -25 -26 29 -28 28 -30 -31
leaf_value=0.00780516726644987 0.005318085419766954 -0.007497482655210554 -0.0034655526375904039 0.0001841254383145415 9.5224665211112101e-05 -0.0049844166905536657 0.001261967950355738 0.0017226176751401142 0.0028378089102216344 0.0067032755154855968 0.0079671451566986629 0 -0.00376296959106964 -0.00061343361339169348 -0.0023749752062128008 0.0023925356000529144 0.0018884269877946877 -0.0070062031676321468 -0.0041986716368381206 0.0067304778316768163 -0.001954029574492434 -0.0062058528661951204 0.0038276223758477502 0.005739912700799002 0.011407040902486825 -0.0079699346559136061 0.012213369822147484 -0.0033068622352750592 -0.0076682776495796273 -0.0046349012321974413
leaf_weight=57 62 130 115 4232 1015 890 562 135 985 153 81 134 220 50 87 275 88 59 85 132 230 100 110 53 57 94 52 123 85 57
leaf_count=57 62 130 115 4232 1015 890 562 135 985 153 81 134 220 50 87 275 88 59 85 132 230 100 110 53 57 94 52 123 85 57
internal_value=0 -0.000255933 7.99695e-05 -0.000294895 -0.000105335 -0.000713065 0.00207016 0.00107011 0.00144852 0.0024341 0.00535604 0.0029935 -0.00166292 0.00228947 0.00288558 0.0034767 0.00235442 -0.00164987 -0.000442587 0.00381303 -0.00467878 -0.0032591 0.00616768 0.00260966 0.00828375 -0.00534953 0.00996326 -0.00604871 -0.00511603 -0.00674801
internal_weight=10508 9450 8782 7388 7122 5122 1394 1070 2000 715 324 215 355 1058 870 783 554 147 188 407 668 330 229 103 119 266 109 338 208 151
internal_count=10508 9450 8782 7388 7122 5122 1394 1070 2000 715 324 215 355 1058 870 783 554 147 188 407 668 330 229 103 119 266 109 338 208 151
is_linear=0
shrinkage=0.05


Tree=58
num_leaves=31
num_cat=0
split_feature=22 22 22 22 53 0 23 36 11 40 22 22 39 8 5 11 10 12 54 5 10 0 35 35 27 21 25 4 21 3
split_gain=2.37878 3.39725 10.8596 2.50431 2.44975 3.1245 2.27188 2.21902 2.09452 2.01157 1.72115 2.44882 1.65079 1.64159 1.30962 1.11792 1.07587 0.851015 1.11084 1.11976 0.962449 0.647924 0.569676 0.907308 0.274269 0.257049 0.233943 0.217407 0.197968 0.197754
threshold=2.0086302295448077 3.997867226025662 3.0005536939833553 2.9984747087058348 1.0000000180025095e-35 -1.0075450277420936 1.7489429833686716 1.0000000180025095e-35 -1.5089739513391567 1.0000000180025095e-35 4.0103656635793259 4.9744553218112406 1.0000000180025095e-35 -0.74352927289767157 0.34895531408831865 -0.74149452225569956 -0.78812947635010222 -0.53915331705990333 1.0000000180025095e-35 0.53401821458527732 0.21283397389483785 -0.12508369300457642 0.0043935834348633506 0.99944630601664541 0.022904125923522953 0.93241679631346663 0.076018389270205808 0.99667128552813999 0.99988648089087229 -0.48516578112787989
decision_type=2 2 2 2 2 2 2 2 2 2 2 2 2 2 2 2 2 2 2 2 2 2 2 2 2 2 2 2 2 2
left_child=17 2 3 -2 7 8 14 9 -6 12 16 -12 -3 -10 -5 -11 -9 21 19 20 -19 -1 24 28 26 -7 -4 -27 -24 -26
right_child=1 4 22 6 5 25 -8 10 13 15 11 -13 -14 -15 -16 -17 -18 18 -20 -21 -22 -23 23 -25 29 27 -28 -29 -30 -31
leaf_value=-0.0039146624122784563 -0.0065345838636227498 0.00096581089686933119 -0.01234944418861063 -0.00024310802372741426 0.0082622077715778855 -0.0040650250146457489 0.010424377539385273 0.0058264063314727088 0.0028364673127390327 0.0015875810098824961 -0.005577401647200087 0.0013535368348220334 -0.0022321896368563982 -0.0016409697802185434 0.0035253642273055477 -0.0035925122461034197 0.0023700577873107974 0.0082961485388483476 -0.00066897682258418908 0.013620482216025987 0.00030345210577283803 0.0040866979496356499 -0.0022229704189844677 -0.0098010309124166861 -0.0043789445478182457 -0.0050595485992712165 -0.0081947625810085047 -0.0087200489917180005 -0.0051375577900400439 -0.0080455241936365062
leaf_weight=51 106 2825 67 737 67 133 67 287 252 129 146 992 470 1078 334 515 1103 92 57 51 66 50 113 89 60 85 100 101 142 143
leaf_count=51 106 2825 67 737 67 133 67 287 252 129 146 992 470 1078 334 515 1103 92 57 51 66 50 113 89 60 85 100 101 142 143
internal_value=0 -0.000142735 -0.00201388 0.000803622 0.000304394 -0.00137398 0.00149205 0.000750533 -0.000350485 7.26401e-06 0.00190663 0.000459525 0.000508076 -0.000788705 0.000927672 -0.00254704 0.00308767 0.00395436 0.00543759 0.00712645 0.00499136 0 -0.00692924 -0.00541917 -0.00831784 -0.00583898 -0.00989793 -0.00707772 -0.00386697 -0.00698911
internal_weight=10508 10141 1958 1244 8183 1716 1138 6467 1397 3939 2528 1138 3295 1330 1071 644 1390 367 266 209 158 101 714 344 370 319 167 186 255 203
internal_count=10508 10141 1958 1244 8183 1716 1138 6467 1397 3939 2528 1138 3295 1330 1071 644 1390 367 266 209 158 101 714 344 370 319 167 186 255 203
is_linear=0
shrinkage=0.05


Tree=59
num_leaves=24
num_cat=0
split_feature=14 5 22 32 32 2 0 0 3 11 10 13 30 13 49 6 13 17 2 11 13 0 35
split_gain=2.33082 2.62639 2.92849 2.84886 8.64409 2.15639 1.47137 1.31538 1.63227 1.43267 1.2901 1.12425 1.1159 1.37291 1.05484 1.24225 1.00462 1.01873 0.874387 0.903309 0.80183 0.723491 0.611277
threshold=6.0824165712211498 1.4111336340353469 2.0086302295448077 0.99967515023610021 1.0000000180025095e-35 1.4407945131001718 1.1611214761445923 0.14098591063004298 0.75990612999897511 1.3328381290247158 -1.0390004642235942 23.996526308798625 -1.3683695791734081 12.132768873442597 1.0000000180025095e-35 0.19804645279063623 13.85113439319772 0.085447692461764813 -0.41286212676330564 0.16193763905999106 18.996156716355113 0.078986063827420308 1.0000000180025095e-35
decision_type=2 2 2 2 2 2 2 2 2 2 2 2 2 2 2 2 2 2 2 2 2 2 2
left_child=1 2 18 4 5 -4 10 9 -9 -5 -3 12 -2 -14 20 -16 -12 -18 21 -20 -15 -1 -6
right_child=11 6 3 7 22 -7 -8 8 -10 -11 16 -13 13 14 15 -17 17 -19 19 -21 -22 -23 -24
leaf_value=0.0047414517832823884 0.0072509291166203043 0.007562478711843912 -0.0006057522761957067 -0.00067799659851844698 -0.0068773995533732814 0.0030762219275558807 0.0086955393742933033 0.0041010897730030856 -0.0027152228015578862 0.0069745095838111143 0.007554617702903766 0.0096491084021924807 0.0083691130880791872 0.00013450017927125457 0.00039750768077288242 -0.0085018226775354696 0.0070290191563779489 -0.00047520850107990334 0.010031151393078086 0.0028561329933142147 0.0045952771576880441 -0.003247059491092932 -0.0042595925808277934
leaf_weight=60 92 85 5898 691 447 426 89 565 103 67 52 53 63 253 110 60 50 460 94 87 170 53 480
leaf_count=60 92 85 5898 691 447 426 89 565 103 67 52 53 63 253 110 60 50 460 94 87 170 53 480
internal_value=0 -0.000213681 -0.000449741 -0.000616555 -0.00101873 -0.00035689 0.00265649 0.00142487 0.00304234 0 0.00181683 0.0025924 0.00208449 0.00135131 0.000596029 -0.00271719 0.000937744 0.000251932 0.00445509 0.00661348 0.00193973 0.000950861 -0.0055279
internal_weight=10508 9707 8971 8677 7251 6324 736 1426 668 758 647 801 748 656 593 170 562 510 294 181 423 113 927
internal_count=10508 9707 8971 8677 7251 6324 736 1426 668 758 647 801 748 656 593 170 562 510 294 181 423 113 927
is_linear=0
shrinkage=0.05


Tree=60
num_leaves=31
num_cat=0
split_feature=51 52 44 16 46 22 14 30 30 21 21 29 8 37 39 54 23 8 30 29 29 14 22 30 11 2 12 8 1 29
split_gain=2.29964 5.00284 2.55751 2.48318 1.85293 1.92294 1.89625 1.81521 2.45422 1.81305 2.25826 1.76831 1.51198 1.50668 1.4943 1.46105 1.32087 1.28162 1.27578 1.5645 1.29983 1.13162 1.12228 1.17868 1.07255 1.06398 1.01461 0.978903 0.818824 0.599148
threshold=1.0000000180025095e-35 1.0000000180025095e-35 1.0000000180025095e-35 1.9999417408089133 1.0000000180025095e-35 2.0086302295448077 3.3258562608985351 -0.14763947614101694 -0.14429265770524644 1.0000000180025095e-35 0.99988648089087229 0.27387793519223713 -1.1592411041844086 1.0000000180025095e-35 1.0000000180025095e-35 1.0000000180025095e-35 -0.73717446139403686 0.2548376011455753 -0.98346839445852663 -0.24924171761102834 -1.4392864474991001 3.6046310654062617 3.997867226025662 -0.5653545488842191 1.481037189444822 -0.12772970151360871 -0.80878788954755609 1.1435573872600751 3.0513967029275002 -0.010315123803118947
decision_type=2 2 2 2 2 2 2 2 2 2 2 2 2 2 2 2 2 2 2 2 2 2 2 2 2 2 2 2 2 2
left_child=4 2 11 7 5 26 9 12 -9 16 -11 14 -4 22 24 21 -7 28 19 -8 -20 -5 -6 -24 -2 -25 -1 -19 -13 -17
right_child=1 -3 3 15 13 6 18 8 -10 10 -12 17 -14 -15 -16 29 -18 27 20 -21 -22 -23 23 25 -26 -27 -28 -29 -30 -31
leaf_value=-0.00087692907708371716 0.00023488427106112622 -0.0071575312996683856 0.002346347072650655 0.0020914272736974665 -0.0057503859071448421 -0.00079506010853350488 0.0075453279629093721 0.0049813072070421082 -0.0015788169745011645 -0.0040516445901357728 -1.6712164961645396e-05 0.0086250511299893733 -0.0041500514512082939 -0.0070635126093380705 -0.0060002803815780246 -0.0061815493908756484 0.0033867424501417909 -0.0026014822493763286 -0.0029956453435045702 0.0014258571383120372 0.0017933642829673505 0.0088967636381882854 -0.0036655801370587718 0.0078235104458550999 0.0077941628395344648 -0.00019626686247499085 0.0070918115272926661 0.005830959543695155 0.0032683823692012358 0.00059757865296206623
leaf_weight=50 597 298 98 252 82 276 204 166 999 401 2579 144 932 128 91 59 586 101 159 219 1251 82 88 76 51 88 179 52 150 70
leaf_count=50 597 298 98 252 82 276 204 166 999 401 2579 144 932 128 91 59 586 101 159 219 1251 82 88 76 51 88 179 52 150 70
internal_value=0 -0.000916533 -0.000431235 -0.00129373 0.000597088 0.000836355 0.000654035 -0.00199676 -0.000639431 2.14041e-05 -0.000561463 0.00149746 -0.00352693 -0.00244926 0 0.00202814 0.00204205 0.00397951 0.00197724 0.00438999 0.00124961 0.00377933 -0.000664371 0.000972394 0.000838653 0.00349225 0.00533046 0.000233724 0.0059111 -0.00246661
internal_weight=10508 4142 3844 2658 6366 5904 5675 2195 1165 3842 2980 1186 1030 462 739 463 862 447 1833 423 1410 334 334 252 648 164 229 153 294 129
internal_count=10508 4142 3844 2658 6366 5904 5675 2195 1165 3842 2980 1186 1030 462 739 463 862 447 1833 423 1410 334 334 252 648 164 229 153 294 129
is_linear=0
shrinkage=0.05


Tree=61
num_leaves=29
num_cat=0
split_feature=22 22 22 22 4 16 19 19 8 23 2 11 19 12 15 13 5 21 11 15 21 27 5 32 12 11 21 7
split_gain=2.20346 5.08132 2.52389 7.59532 2.30637 2.57224 2.04704 7.94211 2.14391 1.64259 1.59513 1.32074 1.29567 1.21107 0.90202 0.833201 0.786938 0.740895 0.717767 0.641822 0.552846 0.543388 0.33207 0.273889 0.202329 0.128723 0.159683 0.0453551
threshold=5.9996751502361008 5.0045029240548375 4.999886480890873 4.0103656635793259 2.0004422967495619 0.071161481322891004 1.0000000180025095e-35 0.99577350421168265 -0.63238879280165394 -0.59798480313539737 -0.21730060179826041 1.481037189444822 0.99944395290190646 0.2173221893247089 7.4761719542701277 18.496785294199853 0.25669626390922823 0.99988648089087229 -0.088952629691505886 3.0358996891590788 0.004092556912986601 0.067350517774027854 -0.57439014916593056 0.25236891041106241 1.0000000180025095e-35 -0.56008697004799124 0.96657460480193047 -0.31725366217332385
decision_type=2 2 2 2 2 2 2 2 2 2 2 2 2 2 2 2 2 2 2 2 2 2 2 2 2 2 2 2
left_child=1 2 3 6 11 -6 8 -8 -1 10 15 12 -4 16 -7 -2 22 20 -15 -12 -5 -19 -11 25 -13 -3 -27 -24
right_child=9 23 4 17 5 14 7 -9 -10 13 19 24 -14 18 -16 -17 -18 21 -20 -21 -22 -23 27 -25 -26 26 -28 -29
leaf_value=0.0052778383404334783 -0.00084499371724604862 -0.0057887678145064547 -0.00034960818632593299 -0.0069914218084176239 0.0045935519133822817 -0.0108984630078686 -0.0057669976759796432 0.00039167240686953229 0.00076099491491889008 0.0055803320817184535 0.0062363252155343257 0.010208574870561201 0.0028884437299920625 -0.00193221601889053 -0.0033202743427479045 -0.009313264224971439 0.0029481504843853652 -0.0075878174039997089 0.0048079588020173286 -0.00053091257773401734 -0.0020868865382740764 -0.0042912375402272508 0.0089379310949952769 -0.0042601745019197569 0.0054019633804515384 -0.0074428828698299091 -0.011342137169676806 0.01183920798206488
leaf_weight=344 69 50 429 72 79 66 588 4758 1127 56 80 51 1080 82 104 52 87 258 75 60 317 265 50 64 51 77 57 60
leaf_count=344 69 50 429 72 79 66 588 4758 1127 56 80 51 1080 82 104 52 87 258 75 60 317 265 50 64 51 77 57 60
internal_value=0 -0.000188649 -5.33716e-06 -0.000403797 0.00164766 -0.00282087 0.000168821 -0.000284872 0.00182096 0.0027725 -0.000310181 0.00234156 0.00196461 0.00474667 -0.00629647 -0.00453022 0.00689122 -0.00468902 0.0012568 0.00330208 -0.00300908 -0.00592816 0.00892464 -0.00725343 0.00786189 -0.00826453 -0.00914603 0.0105752
internal_weight=10508 9837 9589 7729 1860 249 6817 5346 1471 671 261 1611 1509 410 170 121 253 912 157 140 389 523 166 248 102 184 134 110
internal_count=10508 9837 9589 7729 1860 249 6817 5346 1471 671 261 1611 1509 410 170 121 253 912 157 140 389 523 166 248 102 184 134 110
is_linear=0
shrinkage=0.05


Tree=62
num_leaves=31
num_cat=0
split_feature=20 20 34 34 47 7 24 45 9 0 2 26 10 0 9 29 14 3 0 23 3 35 35 2 35 35 25 25 27 21
split_gain=2.00225 11.1512 2.0161 8.87624 2.35712 2.206 1.82966 1.50385 1.40512 1.86079 1.77171 1.35985 1.223 1.36776 1.02444 1.20856 1.16282 0.924236 0.81445 1.88243 1.47425 0.570792 0.752376 0.560937 0.504997 0.599413 0.361343 0.520926 0.296205 0.221274
threshold=1.0000000180025095e-35 0.99970103058260251 0.99944630601664541 0.0040539372249490009 1.0000000180025095e-35 -0.19154277239058895 0.99782258833717463 1.0000000180025095e-35 -0.3221597257535298 -0.39728207209049088 -0.074004983473272681 0.99062878869563853 1.1155192141304224 0.011479549275364551 -0.37088949052308567 -0.070622290368876142 1.0111717849152724 -1.0096175689182696 0.34746760638663771 -0.90954474075160885 1.2914464154551781 0.98936791663484891 0.0043935834348633506 -0.022609111429434548 0.0043935834348633506 0.96685137107671171 0.0043101856371638011 0.99973034052983667 0.012633620696579202 0.8209893785041501
decision_type=2 2 2 2 2 2 2 2 2 2 2 2 2 2 2 2 2 2 2 2 2 2 2 2 2 2 2 2 2 2
left_child=11 21 3 4 6 8 -3 -6 10 -10 -4 12 17 -14 15 -7 -16 23 20 -20 -19 22 26 -1 28 -26 -2 -28 -5 -24
right_child=1 2 5 24 7 14 -8 -9 9 -11 -12 -13 13 -15 16 -17 -18 18 19 -21 -22 -23 29 -25 25 -27 27 -29 -30 -31
leaf_value=0.0027658262214485035 -0.0090662219666341349 0.00044080259569160364 -0.0061202000284703408 -0.0089438516214198852 -0.0010650997949299878 -0.0021522765897758356 0.0026655449115574963 -0.0075494775102181531 -0.0023193438012043019 0.0043470144724378256 0.0030379503528202671 0.0076456560782419102 0.002356944328513251 -0.0082352773789113026 0 0.0061199221667024694 0.0072185438863834016 -0.00096308409084656455 -0.0035580477038521423 0.0063178159057896551 0.0077673443378424266 -0.0098338391926380744 -0.0015100596728261856 0.0090208244912549553 -0.0030135885261790181 -0.0075659892310195988 -0.0038542483007203763 -0.0093946762435820185 -0.0056009457930896655 -0.0046427652105059218
leaf_weight=80 152 4604 152 133 959 104 1159 99 166 280 80 99 57 64 67 76 312 394 65 181 55 98 91 70 268 103 135 66 162 177
leaf_count=80 152 4604 152 133 959 104 1159 99 166 280 80 99 57 64 67 76 312 394 65 181 55 98 91 70 268 103 135 66 162 177
internal_value=0 -0.000231432 0.000261315 -4.70001e-05 0.000490308 0.0021313 0.000889128 -0.00167724 0.000206184 0.00185464 -0.00294073 0.00205544 0.00147662 -0.00320644 0.00445683 0.00131413 0.00593548 0.00215342 0.00137528 0.00368764 9.67028e-05 -0.00621634 -0.00563592 0.0057222 -0.00555673 -0.00429263 -0.007167 -0.00570212 -0.00712755 -0.00359866
internal_weight=10508 9443 8724 7487 6821 1237 5763 1058 678 446 232 1065 966 121 559 180 379 845 695 246 449 719 621 150 666 371 353 201 295 268
internal_count=10508 9443 8724 7487 6821 1237 5763 1058 678 446 232 1065 966 121 559 180 379 845 695 246 449 719 621 150 666 371 353 201 295 268
is_linear=0
shrinkage=0.05


Tree=63
num_leaves=22
num_cat=0
split_feature=12 40 29 28 28 30 30 10 45 3 11 8 9 8 2 11 8 3 35 35 21
split_gain=2.08507 1.93077 1.96924 1.94605 6.99604 1.65527 6.17981 1.56527 1.35332 1.5155 1.28557 1.17326 1.14532 1.1163 0.979352 0.875059 0.557913 0.47279 0.387626 0.312622 0.195904
threshold=-2.0255147750730971 1.0000000180025095e-35 1.6660843737837878 0.99808485474983877 1.0000000180025095e-35 -1.4026254290491655 -0.98761927137592953 -0.38798982475873406 1.0000000180025095e-35 -0.41520170081751023 -1.2587942858399599 -1.1035167721155184 -0.58623586871305011 -0.63429097017007352 0.46454862166374045 1.3842226275046792 -0.022596676758315497 0.14974252036532057 0.031835953056180206 0.95026274013099921 0.97430016920923213
decision_type=2 2 2 2 2 2 2 2 2 2 2 2 2 2 2 2 2 2 2 2 2
left_child=7 3 10 4 5 13 -7 -1 11 -10 16 -5 -12 -2 -13 -14 -3 -9 20 -20 -6
right_child=1 2 -4 8 18 6 -8 17 9 -11 12 14 15 -15 -16 -17 -18 -19 19 -21 -22
leaf_value=-0.00077847811156352034 0.0062074959170001585 -0.0010071559155845323 0.0078375140387357545 0.0091275373010870683 -0.0063376508748425563 -0.0077676028511440209 0.00033453734581905252 0.010972216599051806 0.0042010358664063335 -0.0058586905980989659 0.0030255290031619164 0.0013424946933176035 -0.0031862632884357674 0.0014992655111894177 0.006007134334576638 0.0019128044733754648 0.0056254119786819917 0.004480283307339141 -0.0036808552211802662 -0.0083179350308652169 -0.0098801615720437649
leaf_weight=71 161 54 52 84 83 244 6561 76 64 89 88 382 1229 601 162 89 73 50 137 54 104
leaf_count=71 161 54 52 84 83 244 6561 76 64 89 88 382 1229 601 162 89 73 50 137 54 104
internal_value=0 -9.72056e-05 -0.00170285 0.000193889 -3.96133e-05 0.000291406 4.31825e-05 0.00509436 0.00257538 -0.00161805 -0.00203022 0.00360508 -0.00246729 0.00250129 0.00274164 -0.00283803 0.00276735 0.0084413 -0.00667768 -0.00502169 -0.00833877
internal_weight=10508 10311 1585 8726 7945 7567 6805 197 781 153 1533 628 1406 762 544 1318 127 126 378 191 187
internal_count=10508 10311 1585 8726 7945 7567 6805 197 781 153 1533 628 1406 762 544 1318 127 126 378 191 187
is_linear=0
shrinkage=0.05


Tree=64
num_leaves=24
num_cat=0
split_feature=14 5 22 22 22 29 24 17 23 0 10 13 30 13 13 17 29 36 8 13 5 33 21
split_gain=1.91202 2.2037 2.33113 2.50301 6.39321 2.04461 2.18205 1.47312 1.40324 1.26402 1.12813 0.964647 0.902376 1.20217 0.893837 0.879437 0.6773 1.07157 0.853104 1.05796 0.662379 0.713014 0.559859
threshold=6.0824165712211498 1.4111336340353469 2.0086302295448077 3.997867226025662 3.0005536939833553 1.0412406868803692 0.99782258833717463 3.000050210194213 1.7489429833686716 1.1611214761445923 -1.0390004642235942 23.996526308798625 -1.3683695791734081 12.132768873442597 13.85113439319772 0.085447692461764813 0.19534305532849514 1.0000000180025095e-35 -0.30014883978102541 18.996156716355113 1.4610648819944558 0.99970103058260251 0.0087913067792129013
decision_type=2 2 2 2 2 2 2 2 2 2 2 2 2 2 2 2 2 2 2 2 2 2 2
left_child=1 2 16 4 8 6 -5 -7 -4 10 -3 12 -2 -14 -12 -16 17 -1 -18 -20 21 -15 -6
right_child=11 9 3 5 22 7 -8 -9 -10 -11 14 -13 13 20 15 -17 18 -19 19 -21 -22 -23 -24
leaf_value=0.0049744815818105392 0.0065241807373998999 0.0070295923548180416 -0.00028079642280676983 -0.00087637910271340944 -0.011135265960925582 0.0032716467546256042 0.0015734977731311076 -0.0026432841658878101 0.0081391423425839198 0.0080337379131921894 0.0070748167151796163 0.0088858395730708282 0.0077834968561404016 0.0003588377441383244 0.0064844428288365549 -0.00048838363333220233 0.011216076237644777 -0.004287107271676787 0.0088544412272538019 -0.0009212465426836552 -0.0048583717433326387 0.0059916985911344783 -0.0057412879590374652
leaf_weight=77 92 85 977 5139 55 639 1103 125 52 89 52 53 63 477 50 460 55 52 50 60 52 64 587
leaf_count=77 92 85 977 5139 55 639 1103 125 52 89 52 53 63 477 50 460 55 52 50 60 52 64 587
internal_value=0 -0.000193488 -0.00040976 -0.000558645 -0.00229764 -0.000143138 -0.000442651 0.00229713 0.000140592 0.00243552 0.00165659 0.00234802 0.00187697 0.00121672 0.00083395 0.000186562 0.00396607 0.00120197 0.00609477 0.00348084 0.000509439 0.00103543 -0.00621284
internal_weight=10508 9707 8971 8677 1671 7006 6242 764 1029 736 647 801 748 656 562 510 294 129 165 110 593 541 642
internal_count=10508 9707 8971 8677 1671 7006 6242 764 1029 736 647 801 748 656 562 510 294 129 165 110 593 541 642
is_linear=0
shrinkage=0.05


Tree=65
num_leaves=28
num_cat=0
split_feature=22 22 22 22 4 16 10 44 23 10 2 23 7 10 12 6 35 11 6 5 2 5 35 25 35 25 35
split_gain=1.85877 4.29235 2.05567 6.17379 2.02924 2.28918 1.99062 1.79233 1.46857 1.41074 1.38193 1.25259 1.19819 1.0161 1.35355 0.827703 0.760776 0.749551 0.617008 0.520605 0.429551 0.455369 0.421567 0.420572 0.255459 0.150261 0.0508993
threshold=5.9996751502361008 5.0045029240548375 4.999886480890873 4.0103656635793259 2.0004422967495619 0.071161481322891004 -1.3375105636934412 1.0000000180025095e-35 -0.73717446139403686 1.7679972171746172 -0.21730060179826041 -0.95629322372139047 1.3217557814351395 0.96519826693250799 0.2173221893247089 0.0098128186850590521 1.0000000180025095e-35 0.24584334640806907 -0.23354412821500733 -0.020039357899577347 0.3184625471330223 0.070954981484770918 0.99944630601664541 0.010836341618995151 0.075469631009337512 1.0000000180025095e-35 0.71350915594724296
decision_type=2 2 2 2 2 2 2 2 2 2 2 2 2 2 2 2 2 2 2 2 2 2 2 2 2 2 2
left_child=1 2 3 6 9 -6 11 -8 10 12 -2 -1 -4 14 20 -7 23 18 -16 -12 21 -10 -18 -5 25 -3 -26
right_child=8 24 4 16 5 15 7 -9 13 -11 19 -13 -14 -15 17 -17 22 -19 -20 -21 -22 -23 -24 -25 26 -27 -28
leaf_value=-0.0029930613206166825 -0.0054770983692566709 -0.010241644495934659 0.0017918122545839362 -0.0075742744268201259 0.0042881467277195908 -0.0085322643187597837 0.0011198428419199105 -0.00068221420572910758 0.0079016702298102103 -0.004674404138510585 0.0062859301032694732 0.0040628670291929193 0.005407709611500164 -0.0012548796934484623 0.002789307770787678 -0.0010974105018557027 -0.0020129944593191454 0.0064049177555861835 -0.0049542528051799151 -0.00043197744061095663 0.010340328105692201 0.002115020864918802 -0.0052800444380541756 -0.0042484387041480222 -0.0034508609020370571 -0.0065612126945048801 -0.0060205146705661116
leaf_weight=72 93 58 1256 194 79 111 2044 4243 96 72 54 458 283 73 51 59 369 50 51 59 87 57 140 209 57 83 50
leaf_count=72 93 58 1256 194 79 111 2044 4243 96 72 54 458 283 73 51 59 369 50 51 59 87 57 140 209 57 83 50
internal_value=0 -0.000173266 -4.74331e-06 -0.000364399 0.00148701 -0.00270413 0.00015179 -9.55341e-05 0.00254643 0.00213804 -0.000947981 0.00309451 0.00246028 0.00410511 0.00511609 -0.00598349 -0.00422788 0.00138236 -0.00103456 0.00273686 0.0074584 0.00578131 -0.00292228 -0.00586335 -0.00666646 -0.00811677 -0.00470282
internal_weight=10508 9837 9589 7729 1860 249 6817 6287 671 1611 206 530 1539 465 392 170 912 152 102 113 240 153 509 403 248 141 107
internal_count=10508 9837 9589 7729 1860 249 6817 6287 671 1611 206 530 1539 465 392 170 912 152 102 113 240 153 509 403 248 141 107
is_linear=0
shrinkage=0.05


Tree=66
num_leaves=29
num_cat=0
split_feature=12 14 16 16 22 39 11 22 10 31 31 3 12 6 26 10 7 3 11 7 6 12 57 3 30 23 25 4
split_gain=1.81494 1.77191 2.31014 3.01831 1.80748 1.76861 2.34716 1.6133 1.41469 1.23573 1.93594 1.22553 1.2831 1.28975 1.27944 1.06534 1.06241 1.05551 0.969082 0.846587 0.765777 0.704383 0.443129 0.366557 0.323671 0.298227 0.274139 0.173711
threshold=-2.0255147750730971 3.9492373842713415 1.9999417408089133 1.0057895030182598 2.0086302295448077 1.0000000180025095e-35 -1.1739349892178808 3.997867226025662 -0.38798982475873406 1.0000000180025095e-35 0.99883613163232965 -1.0096175689182696 -0.74393226401545853 0.3183475257517181 0.99062878869563853 -0.58788208870491954 0.81476920791872687 -0.14209198825999367 1.3328381290247158 -0.32989823621859032 -0.76470864753885748 1.0000000180025095e-35 1.0000000180025095e-35 -1.2434208366515049 -0.46350881558800167 -0.0080566840427282981 0.91600538968279732 0.95063671894490376
decision_type=2 2 2 2 2 2 2 2 2 2 2 2 2 2 2 2 2 2 2 2 2 2 2 2 2 2 2 2
left_child=8 2 3 4 17 6 19 -6 -1 18 -11 16 13 -13 -14 -7 23 -2 -8 25 -17 -22 -10 -4 -21 -3 27 -5
right_child=1 5 11 26 7 15 9 -9 22 10 -12 12 14 -15 -16 20 -18 -19 -20 24 21 -23 -24 -25 -26 -27 -28 -29
leaf_value=-0.00082762706893825002 8.9833213969420122e-05 0.011962942731507283 0.0060744520634004526 -0.0031866688427056931 -0.0024422795280290895 0.0032124065509518472 0.001584719728877095 -0.00035793596620220048 0.0043966476151385027 -0.0061139204098752129 0.00062529152721817877 -0.0038370487761920724 0.0010499432053365264 0.0045863955548952817 0.0073764536825773001 0.0013075968210911632 0.011016933713624747 0.0075246016940653171 0.0066677376466886462 0.0064748719037173996 -0.0017993187596729411 -0.0078950703789246995 0.010596440810023817 0.00068357539280630264 0.0011165725043680095 0.0064679369444810494 -0.0089331576611413471 -0.0058941983365585916
leaf_weight=71 90 61 51 109 1157 67 1034 4742 55 130 585 231 910 56 88 55 54 105 104 50 86 113 71 89 71 52 53 168
leaf_count=71 90 61 51 109 1157 67 1034 4742 55 130 585 231 910 56 88 55 54 105 104 50 86 113 71 89 71 52 53 168
internal_value=0 -9.05996e-05 -0.000452851 -0.000863503 -0.000610328 0.0010962 0.00162906 -0.000767631 0.00475301 0.00102979 -0.000593711 0.00132736 0.000763344 -0.00217501 0.00161348 -0.00235208 0.00503517 0.0041206 0.00205419 0.00635068 -0.00384024 -0.00528807 0.00793547 0.00268602 0.00337555 0.00948643 -0.00552206 -0.00484836
internal_weight=10508 10311 7903 6424 6094 2408 2087 5899 197 1853 715 1479 1285 287 998 321 194 195 1138 234 254 199 126 140 121 113 330 277
internal_count=10508 10311 7903 6424 6094 2408 2087 5899 197 1853 715 1479 1285 287 998 321 194 195 1138 234 254 199 126 140 121 113 330 277
is_linear=0
shrinkage=0.05


Tree=67
num_leaves=31
num_cat=0
split_feature=51 0 52 43 11 0 23 12 37 32 32 13 29 10 0 47 12 14 12 57 6 18 18 4 29 23 9 11 0 6
split_gain=1.75155 6.26567 5.04843 2.06865 1.90174 1.71496 1.68827 2.54999 1.30835 1.49973 1.69725 1.52361 1.23345 1.32169 1.42188 1.41623 1.28317 1.27304 1.35379 1.18756 1.14288 1.12041 2.82688 1.50016 1.0739 1.01989 1.04423 0.957411 0.773578 0.746496
threshold=1.0000000180025095e-35 0.078986063827420308 1.0000000180025095e-35 1.0000000180025095e-35 0.16193763905999106 -0.058061591132225941 -0.32594017573228018 -1.1464259485170294 1.0000000180025095e-35 1.0000000180025095e-35 0.99967515023610021 14.096641156836544 2.1286720790911517 0.41422270022361168 -0.056279686618434847 1.0000000180025095e-35 0.40926984427491747 3.0818051528612989 -0.91918347419058921 1.0000000180025095e-35 -0.85151693537823803 0.017719611475307803 0.99298331040442889 2.9993804676660694 -0.60475926585324102 -0.99688759700583629 -0.20372860191686418 0.40851543661282547 0.48605161637078836 0.17209850599373988
decision_type=2 2 2 2 2 2 2 2 2 2 2 2 2 2 2 2 2 2 2 2 2 2 2 2 2 2 2 2 2 2
left_child=5 -2 3 6 29 8 20 -8 9 21 -11 -12 13 14 16 -16 -7 18 -15 24 -3 23 -23 -1 -10 -21 -27 -19 -6 -5
right_child=1 2 -4 4 28 12 7 -9 19 10 11 -13 -14 17 15 -17 -18 27 -20 25 -22 22 -24 -25 -26 26 -28 -29 -30 -31
leaf_value=0.001131095920604463 -0.0057691177970659842 -0.003237551982442867 -0.0062696481896492504 -0.0036561791897626213 -0.0014013183048185397 0.011275586268442059 0.0077146761885300945 0.0013473149188135839 -0.0024485997657940333 -0.0042609837727830098 0.0056089906099491063 -0.00089840840921782429 0.0091583224262464496 -0.0082529996948892577 0.002658444700450611 -0.0027098356538211681 0.0015220300901158006 0.0003431185868314722 -0.0006038544285219366 -0.0085862685128543469 0.00039041430913716515 -0.0066967349744679293 0.0010004909121788469 0.0056702073880059781 0.0042678593868896953 -0.0010614389330665019 -0.0065806756928566568 0.0077868157196589712 0.0062153933922693061 -0.0097678642756157518
leaf_weight=1914 550 274 298 142 85 83 177 1444 108 320 108 534 56 73 873 142 59 133 286 71 1037 155 514 202 131 431 108 65 54 81
leaf_count=1914 550 274 298 142 85 83 177 1444 108 320 108 534 56 73 873 142 59 133 286 71 1037 155 514 202 131 431 108 65 54 81
internal_value=1.19967e-09 -0.000799806 -3.73837e-05 0.000525089 -0.00303705 0.000521181 0.000966683 0.0020461 1.0792e-05 0.000413445 -0.0012862 0.00018921 0.00184356 0.00160114 0.00256501 0.0019023 0.00726216 -0.000392149 -0.00217504 -0.00176024 -0.000364209 0.00100236 -0.000776134 0.00156702 0.00121214 -0.00293303 -0.00217762 0.00281469 0.00152409 -0.00590191
internal_weight=10508 4142 3592 3294 362 6366 2932 1621 4596 3747 962 642 1770 1714 1157 1015 142 557 359 849 1311 2785 669 2116 239 610 539 198 139 223
internal_count=10508 4142 3592 3294 362 6366 2932 1621 4596 3747 962 642 1770 1714 1157 1015 142 557 359 849 1311 2785 669 2116 239 610 539 198 139 223
is_linear=0
shrinkage=0.05


Tree=68
num_leaves=31
num_cat=0
split_feature=54 57 55 10 3 3 3 3 8 9 4 8 12 10 10 22 14 21 10 21 35 35 35 27 0 10 19 21 3 4
split_gain=1.59761 4.14948 1.97012 1.69474 1.59396 4.24006 3.23732 5.73632 2.79041 1.25087 1.24621 1.23704 1.07426 0.981379 1.19323 0.799405 0.666184 0.609509 0.466172 0.445289 0.316624 0.495059 0.190931 0.189203 0.178346 0.147765 0.141043 0.0976801 0.0739939 0.0639244
threshold=1.0000000180025095e-35 1.0000000180025095e-35 1.0000000180025095e-35 -1.8380715599441915 -0.71980215760611366 -0.43075179080372944 -0.42904730835112309 -0.14209198825999367 1.9251083192301914 0.21621751346913337 0.99667128552813999 -1.2424420805244232 0.27038868150877271 1.9167797296735218 1.5143971840091115 3.997867226025662 1.5900974369819874 0.99988648089087229 -2.1873532933641022 1.0000000180025095e-35 0.99944630601664541 0.0043935834348633506 0.0043935834348633506 1.0000000180025095e-35 -0.013242417945917949 -0.095923269094028443 0.99944395290190646 0.99988648089087229 -0.45492944760586901 0.95063671894490376
decision_type=2 2 2 2 2 2 2 2 2 2 2 2 2 2 2 2 2 2 2 2 2 2 2 2 2 2 2 2 2 2
left_child=3 2 13 16 8 23 9 -8 10 -7 11 -5 -12 14 15 -2 -1 19 -18 -3 21 25 -4 27 -25 -19 -21 -6 -23 -28
right_child=1 17 22 4 5 6 7 -9 -10 -11 12 -13 -14 -15 -16 -17 18 20 -20 26 -22 28 -24 24 -26 -27 29 -29 -30 -31
leaf_value=0.0012827747637980192 -0.0015268885120475327 -0.0070196660262709688 -0.0073524935496506018 0.0062298111084199614 -0.005478018643770146 0.0023266483624178064 -0.0067644898640353782 0.00010553997983567647 -0.007240194208489612 0.0082698204274594383 0.0014047059161444502 -0.00071795770322663358 0.004160992009745814 -0.0060750575901031946 0.0072110390305232148 0.0011553805338726847 0.0039194483060214389 -0.0088653399699804587 0.01000148739029004 -0.00055093489902070954 -0.0094286800939437469 -0.0011795387612143391 -0.003573901316718712 -0.0028657652620209971 -0.0063535532426804674 -0.0055854212876103758 -0.0016095158442447728 -0.0082426102957756982 -0.0038205954151442362 -0.0040150032175580016
leaf_weight=93 360 53 70 71 79 636 328 4095 91 104 896 647 593 53 70 1201 70 73 64 113 58 50 80 92 72 95 58 88 79 76
leaf_count=93 360 53 70 71 79 636 328 4095 91 104 896 647 593 53 70 1201 70 73 64 113 58 50 80 92 72 95 58 88 79 76
internal_value=0 -0.00110615 0.000111294 0.000343905 0.000219136 -0.000242601 0.000108198 -0.000402937 0.00132519 0.00316967 0.00168093 -2.31874e-05 0.00250597 0.000603173 0.000823609 0.000533531 0.00460271 -0.00452213 0.00686688 -0.00282942 -0.00593731 -0.00523573 -0.00537428 -0.00572792 -0.0044304 -0.00704479 -0.00190759 -0.00696879 -0.00283737 -0.00301308
internal_weight=10508 2489 1834 8019 7792 5494 5163 4423 2298 740 2207 718 1489 1684 1631 1561 227 655 134 300 355 297 150 331 164 168 247 167 129 134
internal_count=10508 2489 1834 8019 7792 5494 5163 4423 2298 740 2207 718 1489 1684 1631 1561 227 655 134 300 355 297 150 331 164 168 247 167 129 134
is_linear=0
shrinkage=0.05


Tree=69
num_leaves=30
num_cat=0
split_feature=14 5 22 22 22 29 24 10 23 10 2 8 1 23 17 11 29 29 23 2 11 49 30 17 9 9 23 35 5
split_gain=1.54937 1.87761 1.84305 1.94784 5.14644 1.71687 1.7953 1.34827 1.16878 1.12826 1.11211 0.916228 1.15913 0.872023 0.781405 2.02064 0.764216 0.757098 1.17974 0.702914 0.794713 0.679435 0.827826 1.72321 0.69782 0.588801 0.743339 0.519303 0.313007
threshold=6.0824165712211498 1.4111336340353469 2.0086302295448077 3.997867226025662 3.0005536939833553 1.0412406868803692 0.99782258833717463 -0.12105747870324778 1.7489429833686716 -0.036533186856468294 -0.30397352305042918 0.50422576477514569 3.9893355857625767 -1.0778101863082112 1.0496201656198909 -0.088952629691505886 -0.53084069813758905 0.32494460632320099 0.21386863743942394 -0.41286212676330564 0.16193763905999106 1.0000000180025095e-35 0.35943458224477481 1.9955975600497167 -0.47200343195193911 -0.35322230596429699 0.40820290834809353 0.0043935834348633506 -0.12402664803122389
decision_type=2 2 2 2 2 2 2 2 2 2 2 2 2 2 2 2 2 2 2 2 2 2 2 2 2 2 2 2 2
left_child=1 2 19 4 8 6 -5 -7 -4 10 16 12 -12 -2 15 -11 -3 18 -16 28 -21 24 23 -23 -15 -26 -27 -6 -1
right_child=13 9 3 5 27 7 -8 -9 -10 14 11 -13 -14 21 17 -17 -18 -19 -20 20 -22 22 -24 -25 25 26 -28 -29 -30
leaf_value=0.0033611321200927094 0.0080911480849396745 0.0048315785951828193 -0.00023746714699119729 -0.00080770097836743943 -0.0069535727961972937 0.0046115111649025729 0.0014143648048244467 0.00032952614035219418 0.007446535576613989 0.011300723718668887 -0.0036317702799947451 0.0073846804542424599 0.0048806893918264711 0.0065957971226654546 -0.0067693867047898121 -0.0014594159948264022 0.012524500340509323 0.0024960491443385916 0.0021057866302566278 0.0086504877152022343 0.0019280895851680798 -0.0037105450141314287 -0.0053172280638577249 0.0069598695687754621 -0.0021298498517467561 0.0011624860009932403 0.0062502181647303466 -0.0040450821990307929 -0.001918932481738259
leaf_weight=50 57 95 977 5139 331 314 1103 450 52 50 93 57 70 92 99 80 52 81 59 94 87 79 67 72 78 254 102 311 63
leaf_count=50 57 95 977 5139 331 314 1103 450 52 50 93 57 70 92 99 80 52 81 59 94 87 79 67 72 78 254 102 311 63
internal_value=0 -0.000174248 -0.000373916 -0.000506355 -0.00204046 -0.000139718 -0.000414231 0.00209632 0.000146667 0.00225241 0.004216 0.00193405 0 0.00211358 0.000285295 0.00341481 0.00759354 -0.00139676 -0.00342438 0.00351668 0.00544974 0.00164787 -0.000680805 0.00134548 0.00262244 0.00176732 0.00263559 -0.00555327 0.000374077
internal_weight=10508 9707 8971 8677 1671 7006 6242 764 1029 736 367 220 163 801 369 130 147 239 158 294 181 744 218 151 526 434 356 642 113
internal_count=10508 9707 8971 8677 1671 7006 6242 764 1029 736 367 220 163 801 369 130 147 239 158 294 181 744 218 151 526 434 356 642 113
is_linear=0
shrinkage=0.05


Tree=70
num_leaves=25
num_cat=0
split_feature=12 40 0 51 0 29 3 3 8 8 15 0 10 12 16 31 23 9 30 23 12 0 3 33
split_gain=1.50455 1.49052 1.74654 1.77084 3.04569 1.64309 1.41713 2.48783 1.40696 1.57387 1.42288 1.40506 1.28009 1.20786 1.1426 1.02805 0.981377 1.23058 0.84211 0.726881 0.655278 0.637292 0.408391 0.316906
threshold=-2.0255147750730971 1.0000000180025095e-35 0.48605161637078836 1.0000000180025095e-35 0.078986063827420308 1.6660843737837878 0.14974252036532057 -0.71980215760611366 0.060979111758852809 0.30932228734206541 2.9997010305826026 0.48680507768942355 -0.38798982475873406 0.40926984427491747 0.99775815936918899 1.0000000180025095e-35 -0.62054912308973154 -0.58200782614337909 -1.4026254290491655 -1.1020178919235144 0.59279660406248802 -0.85538898784587269 0.14974252036532057 0.019669344541831203
decision_type=2 2 2 2 2 2 2 2 2 2 2 2 2 2 2 2 2 2 2 2 2 2 2 2
left_child=12 2 3 6 23 16 7 -2 11 20 -11 -4 -1 -13 -6 -8 19 -18 -19 -3 -10 -21 -14 -5
right_child=1 5 8 4 14 -7 15 -9 9 10 -12 13 22 -15 -16 -17 17 18 -20 21 -22 -23 -24 -25
leaf_value=-0.00097910876840394921 0.0011504562988954431 0.00085063197021553521 0.0080676596933485448 -0.006154148295175306 -0.002058998854553502 0.0072203561706529239 0.0023570868584607101 -0.0019585198592784571 -0.0019731892610944965 -0.0034823394298773031 0.0018115382200195656 0.00077304227951774385 0.0097057806305910401 0.003786335428555452 0.00076258792069132093 -0.00022200087208295124 0.0059011079762960736 0.0046011632233336182 -0.0016757032124030261 -0.00032083669413532427 -0.0079211329550439719 -0.0047467750693365937 0.0036725050779040942 -0.0029231222011347718
leaf_weight=71 1242 90 96 310 642 52 1056 1333 139 156 671 976 76 509 810 604 65 57 763 102 72 456 50 110
leaf_count=71 1242 90 96 310 642 52 1056 1333 139 156 671 976 76 509 810 604 65 57 763 102 72 456 50 110
internal_value=0 -8.23386e-05 0.000173362 -0.000289214 -0.00157019 -0.00149314 0.000275858 -0.000457039 0.00125388 -0.000171905 0.000806589 0.00219309 0.00432769 0.00180943 -0.000481586 0.0014157 -0.00179242 -0.000702565 -0.00123278 -0.00327283 -0.0040293 -0.00394689 0.00735609 -0.00532073
internal_weight=10508 10311 8726 6107 1872 1585 4235 2575 2619 1038 827 1581 197 1485 1452 1660 1533 885 820 648 211 558 126 420
internal_count=10508 10311 8726 6107 1872 1585 4235 2575 2619 1038 827 1581 197 1485 1452 1660 1533 885 820 648 211 558 126 420
is_linear=0
shrinkage=0.05


Tree=71
num_leaves=31
num_cat=0
split_feature=20 20 38 47 19 19 0 44 45 45 33 11 5 8 41 35 7 5 37 14 2 3 21 21 0 8 29 27 27 34
split_gain=1.47552 8.07223 1.75366 1.64503 1.82851 4.31778 1.79286 1.54771 1.54537 1.5246 1.12327 1.03215 0.830791 1.36401 0.933453 0.838886 1.18055 0.815899 1.00818 0.772998 1.00094 0.684938 0.535051 0.659264 0.508097 0.507137 0.481548 0.339609 0.369464 0.247738
threshold=1.0000000180025095e-35 0.99791866160774123 1.0000000180025095e-35 1.0000000180025095e-35 0.99944395290190646 1.0000000180025095e-35 0.62223609707590999 1.0000000180025095e-35 1.0000000180025095e-35 1.0000000180025095e-35 0.99970103058260251 1.3328381290247158 -0.52835928005597377 0.17114105832403897 1.0000000180025095e-35 0.031835953056180206 -0.7237702002248444 1.2735026453279839 1.0000000180025095e-35 3.6046310654062617 0.70763904736537186 0.14974252036532057 0.96118732570266263 1.0000000180025095e-35 -0.53437359527486339 -0.19203110011828436 -0.079537772976150792 0.0043618569133836013 0.97440621175802533 0.09748180884027316
decision_type=2 2 2 2 2 2 2 2 2 2 2 2 2 2 2 2 2 2 2 2 2 2 2 2 2 2 2 2 2 2
left_child=12 22 3 4 5 -3 -6 9 10 -5 11 -4 13 25 15 17 -17 18 -14 20 -10 -15 23 -2 -18 -1 -21 -24 -29 -9
right_child=1 2 8 7 6 -7 -8 29 19 -11 -12 -13 14 21 -16 16 24 -19 -20 26 -22 -23 27 -25 -26 -27 -28 28 -30 -31
leaf_value=-0.00067819370723116415 -0.0082819593289306086 0.0009323595958549961 -0.0012104975163678144 0.00055126067102805021 0.00082591515686949643 -0.0046466104411858247 0.0031625861484309557 -0.0056205643490306175 -0.0060827135656743182 -0.0066000844622042081 0.0049576172102982971 0.0047166879179354124 0.0048933210024892483 0.0075432330241712161 -0.0019098381190983224 0.0063914128494057315 -0.0051154901014213603 0.010072553869392631 -0.0020402100087171973 0.0033321338265927302 0.0013156848580781685 -0.00015512907238653481 -0.0079195951915776788 -0.0023297443108690123 0.00058596936809821845 -0.0061226236966811804 -0.0034012730749895734 -0.0029942056750695773 -0.0072132844409634848 -0.0019008340475688793
leaf_weight=93 60 1435 987 719 3044 457 1129 187 289 83 93 79 308 58 98 71 57 60 62 53 53 55 209 228 120 83 53 117 103 65
leaf_count=93 60 1435 987 719 3044 457 1129 187 289 83 93 79 308 58 98 71 57 60 62 53 53 55 209 228 120 83 53 117 103 65
internal_value=0 -0.000198591 0.000219931 0.000557191 0.000874529 -0.000412735 0.00145936 -0.00126402 -0.00127096 -0.000183338 -0.000302164 -0.00076615 0.00176456 -0.00050922 0.00261777 0.00327976 0.000937968 0.00461822 0.00371774 -0.0037655 -0.00492151 0.00375521 -0.00529837 -0.00358959 -0.00122371 -0.00327615 0 -0.00643276 -0.0049946 -0.00468208
internal_weight=10508 9443 8726 7119 6065 1892 4173 1054 1607 802 1159 1066 1065 289 776 678 248 430 370 448 342 113 717 288 177 176 106 429 220 252
internal_count=10508 9443 8726 7119 6065 1892 4173 1054 1607 802 1159 1066 1065 289 776 678 248 430 370 448 342 113 717 288 177 176 106 429 220 252
is_linear=0
shrinkage=0.05


Tree=72
num_leaves=26
num_cat=0
split_feature=22 22 22 22 4 16 39 31 21 23 13 11 19 15 51 8 14 13 8 21 21 27 45 1 14
split_gain=1.4135 3.36607 1.4811 4.4006 1.74865 2.00565 1.59362 1.84963 1.48789 1.26992 1.76282 1.04234 1.01375 0.750858 0.713902 0.707962 0.857173 0.85941 0.700105 0.627262 0.463062 0.456389 0.217039 0.0797891 0.0789839
threshold=5.9996751502361008 5.0045029240548375 4.999886480890873 4.0103656635793259 2.0004422967495619 0.071161481322891004 1.0000000180025095e-35 0.99883613163232965 1.0000000180025095e-35 -0.73717446139403686 20.999446306016647 1.481037189444822 0.99944395290190646 7.4761719542701277 1.0000000180025095e-35 1.0601809730441196 4.522979066056533 15.989473677927331 -0.19203110011828436 0.99988648089087229 0.004092556912986601 0.067350517774027854 1.0000000180025095e-35 2.2438947344753646 2.6902311947388866
decision_type=2 2 2 2 2 2 2 2 2 2 2 2 2 2 2 2 2 2 2 2 2 2 2 2 2
left_child=1 2 3 6 11 -6 7 -1 -8 10 14 12 -4 -7 -2 16 17 -11 -19 20 -5 -21 23 -3 -13
right_child=9 22 4 19 5 13 8 -9 -10 15 -12 24 -14 -15 -16 -17 -18 18 -20 21 -22 -23 -24 -25 -26
leaf_value=-0.00014882291712262546 0.0046844738434193246 -0.0058603006521813763 -0.00051304895501789246 -0.005660757963415159 0.0039157901609177545 -0.0098973377587332906 0.0025316826313606933 0.00178046250585289 -0.0026950555213710241 0.0059090527174116949 -0.0084245337223034632 0.0083094024526638166 0.0023511210325740193 -0.0029752437434160117 -0.0023665576890369408 0.0087769486103051915 0.0074111308489026965 -0.0033412768609912763 0.0022835639475927458 -0.0062254212075147624 -0.0011821913461720606 -0.0032086280460311071 -0.0036979268670168475 -0.0084775112278209601 0.0050612741616552701
leaf_weight=4094 89 95 429 72 79 66 164 1781 778 88 58 52 1080 104 59 60 84 90 143 258 317 265 84 69 50
leaf_count=4094 89 95 429 72 79 66 164 1781 778 88 58 52 1080 104 59 60 84 90 143 258 317 265 84 69 50
internal_value=0 -0.000151224 -1.92942e-06 -0.000307292 0.00126423 -0.00262625 0.0001284 0.000435207 -0.00177961 0.00222045 -0.00102835 0.00186878 0.00153356 -0.00569628 0.00184013 0.00367037 0.00289951 0.00170139 8.89273e-05 -0.00356913 -0.00202522 -0.0047073 -0.00590127 -0.00699641 0.00677267
internal_weight=10508 9837 9589 7729 1860 249 6817 5875 942 671 206 1611 1509 170 148 465 405 321 233 912 389 523 248 164 102
internal_count=10508 9837 9589 7729 1860 249 6817 5875 942 671 206 1611 1509 170 148 465 405 321 233 912 389 523 248 164 102
is_linear=0
shrinkage=0.05


Tree=73
num_leaves=31
num_cat=0
split_feature=54 10 3 3 8 4 4 29 30 30 30 30 51 10 55 1 23 10 25 11 8 27 23 10 14 21 6 14 10 1
split_gain=1.33166 1.46246 1.3344 4.57007 1.93252 1.62132 2.63279 1.79886 1.51433 2.37858 1.41848 0.981901 1.25145 1.33787 0.981422 0.977038 0.91364 0.908247 1.04646 1.01435 0.896355 0.73257 0.708685 0.635263 0.594791 0.546773 0.541806 0.439768 0.409739 0.389552
threshold=1.0000000180025095e-35 -1.8380715599441915 -0.42904730835112309 -0.14209198825999367 2.0328087873576739 1.0000000180025095e-35 0.99667128552813999 0.376673638250481 -0.98346839445852663 -0.5653545488842191 -0.98761927137592953 -0.14763947614101694 1.0000000180025095e-35 -1.1387260153526746 1.0000000180025095e-35 3.9893355857625767 0.23567409918986196 -1.6859724311019895 0.13531937866812518 -0.91131055721762622 0.033290642801914308 0.99952829236618446 -0.29622483219953444 -0.076909078674295389 1.5900974369819874 0.99988648089087229 0.042265824445243357 2.0004804192279839 -2.1873532933641022 1.000553693983355
decision_type=2 2 2 2 2 2 2 2 2 2 2 2 2 2 2 2 2 2 2 2 2 2 2 2 2 2 2 2 2 2
left_child=1 24 4 25 8 7 -7 -5 10 -10 -3 12 13 -2 17 16 -15 -13 21 -20 22 -19 26 -6 -1 -4 -14 -24 -26 -22
right_child=11 2 3 5 23 6 -8 -9 9 -11 -12 14 20 15 -16 -17 -18 18 19 -21 29 -23 27 -25 28 -27 -28 -29 -30 -31
leaf_value=0.0011302248295696671 0.0069383579298850362 0.0011743044757670583 -0.0034404278958272585 0.00047248783910639565 -0.0097028124640872737 -0.0048034139223414145 5.0097845772377564e-06 0.0051369385281913628 -0.0061107785570598452 0.00093060038245508362 0.0056101602530126762 -0.0057296487127745316 -0.0019757948304128204 -0.0034287619449859816 -0.0056254398791409652 0.0036734769973509663 0.0010584411305995303 0.00051020442516657946 -0.0056881503442992708 -3.1076806182253833e-05 -0.0097562317746944863 0.0038553844663076261 -0.002427921657871506 -0.0016665729985920017 0.0036390917519168579 -0.0077149845807430008 -0.0084509412907501375 0.0037844607061582876 0.0093507378127835657 -0.0049621615659672363
leaf_weight=93 53 408 129 723 52 317 2764 291 126 2405 328 60 96 383 75 84 159 426 100 389 62 270 51 50 70 199 51 63 64 167
leaf_count=93 53 408 129 723 52 317 2764 291 126 2405 328 60 96 383 75 84 159 426 100 389 62 270 51 50 70 199 51 63 64 167
internal_value=0 0.000313717 0.000197768 -0.000372478 0.000947889 8.12444e-05 -0.00048824 0.00181641 0.00116083 0.000577859 0.00315844 -0.00101016 -0.00206554 -0.000666757 -7.16315e-05 -0.00131963 -0.00210323 0.000259344 0.000567262 -0.00119909 -0.00399311 0.00181545 -0.00196087 -0.00581794 0.00426995 -0.00605063 -0.00426048 0.000961724 0.00640927 -0.00628564
internal_weight=10508 8019 7792 4423 3369 4095 3081 1014 3267 2531 736 2489 1169 679 1320 626 542 1245 1185 489 490 696 261 102 227 328 147 114 134 229
internal_count=10508 8019 7792 4423 3369 4095 3081 1014 3267 2531 736 2489 1169 679 1320 626 542 1245 1185 489 490 696 261 102 227 328 147 114 134 229
is_linear=0
shrinkage=0.05


Tree=74
num_leaves=30
num_cat=0
split_feature=42 39 37 40 29 43 7 22 11 23 16 16 15 0 5 8 11 7 5 15 11 9 2 45 29 7 7 4 22
split_gain=1.32381 1.35255 1.42233 1.25955 1.49431 1.19732 1.19889 1.37237 1.1783 2.33397 1.64137 1.64768 1.89336 1.4709 1.59097 1.41882 1.23995 1.2054 1.42371 1.28186 0.994815 1.00434 0.979216 0.856042 0.754558 0.701614 0.449991 0.236165 0.184291
threshold=1.0000000180025095e-35 1.0000000180025095e-35 1.0000000180025095e-35 1.0000000180025095e-35 1.6660843737837878 1.0000000180025095e-35 -0.70897992373680008 3.997867226025662 -0.0051184025747257984 0.50562626481201367 0.0074517921751326007 0.99775815936918899 5.000324849763901 0.34746760638663771 -0.18488655089803707 -1.1035167721155184 1.7530551427828962 0.72643383249850801 1.6924951612806236 3.9868062739364509 -1.2587942858399599 -0.58623586871305011 -0.33906464381940871 1.0000000180025095e-35 -0.97272647384474786 -0.3697797791591319 0.29061452379459529 0.80821265703206302 4.0230775767500839
decision_type=2 2 2 2 2 2 2 2 2 2 2 2 2 2 2 2 2 2 2 2 2 2 2 2 2 2 2 2 2
left_child=3 2 5 8 20 6 22 -8 9 17 15 27 -13 14 -11 25 -17 18 -1 -19 26 -22 -2 -15 -23 -10 -5 -12 -4
right_child=1 -3 28 4 -6 -7 7 -9 10 13 11 12 -14 23 -16 16 -18 19 -20 -21 21 24 -24 -25 -26 -27 -28 -29 -30
leaf_value=-0.001714156057742949 0.0057497040961699414 -0.0082798282132657899 -0.0081050334518011687 0.0057887814788281488 0.0069008910404302435 -0.0064897086647340355 -0.0054612846719618137 -0.00014727298852711189 0.0031829423027588339 0.0041635370463204389 -0.0023076096505276148 0.0049002529436828444 0.00010162004239374294 0.0062875863335206204 -0.0012992309074686915 0.0023104708080926724 -0.003945037101115257 -0.0020290606099479546 0.0045310732185327458 0.0022742357878787296 0.0033422268335110217 0.00055540113140312933 0.00021810744534426246 0.00030755855820292609 -0.0027089217982133353 0.010447346105031313 -0.00018351269277622656 -0.0068017803363521314 -0.0039178880114960207
leaf_weight=2055 130 69 66 64 56 79 153 599 63 203 52 230 1951 241 386 1235 84 257 95 525 88 210 213 82 1049 77 59 82 55
leaf_count=2055 130 69 66 64 56 79 153 599 63 203 52 230 1951 241 386 1235 84 257 95 525 88 210 213 82 1049 77 59 82 55
internal_value=0 -0.00145292 -0.0010847 0.000216838 -0.00109327 -0.000547802 -0.000113998 -0.00123568 0.000479939 -0.000135053 0.00110765 0.000277382 0.00061016 0.00207233 0.000575422 0.00242151 0.00190803 -0.000823412 -0.00143568 0.000853509 -0.00140166 -0.00179704 0.00233027 0.00478548 -0.00216046 0.00721866 0.00288558 -0.00509808 -0.00624788
internal_weight=10508 1364 1295 9144 1526 1174 1095 752 7618 3844 3774 2315 2181 912 589 1459 1319 2932 2150 782 1470 1347 343 323 1259 140 123 134 121
internal_count=10508 1364 1295 9144 1526 1174 1095 752 7618 3844 3774 2315 2181 912 589 1459 1319 2932 2150 782 1470 1347 343 323 1259 140 123 134 121
is_linear=0
shrinkage=0.05


Tree=75
num_leaves=31
num_cat=0
split_feature=14 51 0 43 0 11 23 24 32 10 6 29 3 44 23 11 10 3 6 29 29 23 4 29 29 44 8 7 8 35
split_gain=1.2844 1.33396 3.77284 1.71113 1.69993 1.5065 2.0348 1.44197 1.61394 1.56963 1.50415 1.44072 1.3772 1.33734 1.26541 1.23972 1.15915 1.08341 1.025 0.904313 1.04465 0.794202 0.846326 1.05687 0.675591 0.783372 0.751009 0.645915 0.614794 0.498286
threshold=6.0824165712211498 1.0000000180025095e-35 0.078986063827420308 1.0000000180025095e-35 1.0298892000909856 0.58011876648189675 -0.51725833602442384 0.99782258833717463 0.0017674004598431001 1.1487760119460064 0.42368462561424119 1.1264888206878403 0.44012150078324203 1.0000000180025095e-35 -0.32594017573228018 0.24584334640806907 -0.44312719565666553 -0.39001890371980813 0.98405144451321791 -1.3276201041760782 -0.65644583546391888 -1.0778101863082112 2.0506224102749591 -1.2153272562963462 -0.4072282166761772 1.0000000180025095e-35 -0.022596676758315497 -0.14034099723771479 0.30932228734206541 1.0000000180025095e-35
decision_type=2 2 2 2 2 2 2 2 2 2 2 2 2 2 2 2 2 2 2 2 2 2 2 2 2 2 2 2 2 2
left_child=1 5 29 4 14 7 19 10 9 -9 11 -1 18 -12 -4 27 -14 -17 -8 -7 -21 -2 23 -23 25 -25 -26 -5 -10 -3
right_child=21 2 3 15 -6 6 12 8 28 -11 13 -13 16 -15 -16 17 -18 -19 -20 20 -22 22 -24 24 26 -27 -28 -29 -30 -31
leaf_value=-0.00066083421335438733 0.0076286322605223673 -0.00653622844678769 -0.00076764417190191767 -0.0078672546182808698 -0.0056619648764117203 -0.0017824259486446947 0.0021273781157636509 0.0039688424879257877 -8.9804410979107079e-05 -0.0033196791179136726 -0.010043157632532754 0.0028950434530454084 0.0018671264163684629 -0.0019640639924565421 0.0013558309118293518 0.0051760029269119646 -0.005111669959985899 -0.0037332726112100606 -0.0031982391445086085 0.0095316643758373114 0.0036295189725166761 0.0086290762991393898 -0.0021988530882658219 0.0033611746237200441 0.0003439285688294786 -0.0034629405739235205 0.0048512113643722592 -0.0025487629785296388 -0.0063855825604358764 -0.0033450374181198091
leaf_weight=2941 57 245 1287 137 121 58 657 530 100 85 73 315 88 179 1538 63 178 74 104 94 406 59 128 66 175 114 202 104 65 265
leaf_count=2941 57 245 1287 137 121 58 657 530 100 85 73 315 88 179 1538 63 178 74 104 94 406 59 128 66 175 114 202 104 65 265
internal_value=0 -0.000158672 -0.000884445 -0.000268419 0.000136351 0.000314281 0.00163169 -0.00017154 0.00177117 0.00295298 -0.000604963 -0.000315209 0.000305782 -0.00432733 0.000386666 -0.00343548 -0.00278427 0.000328011 0.00139267 0.00406257 0.0047508 0.00192436 0.00147965 0.00225237 0.00156651 -0.000932526 0.00277288 -0.00559489 -0.00260261 -0.00488884
internal_weight=10508 9707 3834 3324 2946 5873 1585 4288 780 615 3508 3256 1027 252 2825 378 266 137 761 558 500 801 744 616 557 180 377 241 165 510
internal_count=10508 9707 3834 3324 2946 5873 1585 4288 780 615 3508 3256 1027 252 2825 378 266 137 761 558 500 801 744 616 557 180 377 241 165 510
is_linear=0
shrinkage=0.05


Tree=76
num_leaves=31
num_cat=0
split_feature=31 31 17 11 4 4 45 12 1 3 8 17 23 14 6 2 21 22 10 2 16 5 28 5 1 17 5 11 46 8
split_gain=1.21655 10.969 2.41497 2.18861 1.55468 5.21962 1.91174 1.98052 1.72193 1.69361 1.69125 1.64693 1.46014 1.53282 1.45817 1.45407 1.44739 1.27354 1.51939 1.22361 1.62641 1.32759 1.19011 1.77193 1.11994 1.09113 1.07272 1.04152 1.01707 0.810865
threshold=1.0000000180025095e-35 0.99883613163232965 1.0000000180025095e-35 -1.4259934586600904 0.99667128552813999 1.0000000180025095e-35 1.0000000180025095e-35 0.47311668878313201 3.0763989551809461 0.73203171781148224 -0.63429097017007352 0.99833302829423731 -0.64224477323556239 1.8149716342748869 0.52858542726121194 1.591858551347102 1.0000000180025095e-35 4.019287263413478 0.010833223425180801 0.12373744886160216 1.9999417408089133 1.4111336340353469 0.99808485474983877 -0.62382547398340205 1.8439476772886416 1.3358761878331162 0.19592382265485542 -0.51139156747569914 1.0000000180025095e-35 -1.1319833602440721
decision_type=2 2 2 2 2 2 2 2 2 2 2 2 2 2 2 2 2 2 2 2 2 2 2 2 2 2 2 2 2 2
left_child=4 -2 14 -4 5 19 8 10 9 11 29 -6 -9 -14 17 16 -5 18 -3 21 26 28 23 -10 -12 -23 -21 -11 -1 -8
right_child=1 2 3 15 6 -7 7 12 22 27 24 -13 13 -15 -16 -17 -18 -19 -20 20 -22 25 -24 -25 -26 -27 -28 -29 -30 -31
leaf_value=-0.00018943856257378237 -0.0056726423148737012 0.010575822136924148 0.0053938172858019329 0.0017983368631921918 -0.000978435853722248 -0.0037316020851918203 -0.0016530007664149315 0.0090935324486087557 -0.0073921739678363746 -0.0044119356490877676 -0.0085314492832247891 0.004088994605079433 -0.0068366940832659323 0.0035853374722745789 0.011254214713304768 0.0047989580016962116 -0.0011044936850318581 -0.0021534992848180339 0.00081650149630876565 0.0024039464792049462 0.0060646095515194346 0.010124817884453123 0.0063544611615752242 0.00016552237250901572 -0.0025931975215484336 0.00082890925947788705 -0.0013129231451378977 0.0014399588309301312 -0.0053365513451659559 0.0070289009842533171
leaf_weight=1267 864 78 191 556 182 845 53 65 91 112 118 1256 52 109 70 140 1875 79 84 564 208 54 61 514 255 79 294 235 104 53
leaf_count=1267 864 78 191 556 182 845 53 65 91 112 118 1256 52 109 70 140 1875 79 84 564 208 54 61 514 255 79 294 235 104 53
internal_value=0 -0.000695029 0.000702981 0.000230662 0.000416426 -0.000321762 0.00121676 -0.00107314 0.00187748 0.00268723 -0.00289841 0.00344414 0.00277292 0.000186025 0.00488016 -0.00015116 -0.000438477 0.00300414 0.0055499 0.000797528 0.00209359 -0.000117847 -0.000285354 -0.000964026 -0.00448697 0.00464552 0.0011245 -0.000435159 -0.000583891 0.00264336
internal_weight=10508 3937 3073 2762 6571 3415 3156 705 2451 1785 479 1438 226 161 311 2571 2431 241 162 2570 1066 1504 666 605 373 133 858 347 1371 106
internal_count=10508 3937 3073 2762 6571 3415 3156 705 2451 1785 479 1438 226 161 311 2571 2431 241 162 2570 1066 1504 666 605 373 133 858 347 1371 106
is_linear=0
shrinkage=0.05


Tree=77
num_leaves=24
num_cat=0
split_feature=12 42 14 17 22 16 5 10 13 5 2 4 39 7 6 22 23 44 36 12 57 12 14
split_gain=1.16705 1.21055 1.53424 1.35571 1.25934 1.3309 1.20234 1.13834 1.08256 1.06372 1.05197 0.988053 1.07832 0.918801 1.45607 0.85931 0.742094 0.699209 0.592371 0.516676 0.380991 0.317618 0.309628
threshold=-2.0255147750730971 1.0000000180025095e-35 5.8717195275729823 3.9987430771465284 2.0086302295448077 2.9798674223998245 1.4111336340353469 -0.38798982475873406 13.004637287977436 -0.68016295023389473 -0.41286212676330564 2.0004422967495619 1.0000000180025095e-35 -0.71825297079208783 2.010271789991791 3.9883957803425267 -0.10247623804487774 1.0000000180025095e-35 1.0000000180025095e-35 0.071530378152673962 1.0000000180025095e-35 0.18135032607102347 2.5503400626940711
decision_type=2 2 2 2 2 2 2 2 2 2 2 2 2 2 2 2 2 2 2 2 2 2 2
left_child=7 2 4 8 10 6 -6 -1 16 -7 18 12 17 14 -10 -15 -3 -4 -2 -12 -9 -13 -5
right_child=1 3 11 22 5 9 -8 20 13 -11 19 21 -14 15 -16 -17 -18 -19 -20 -21 -22 -23 -24
leaf_value=-0.0011916444837292541 0.0027362120267336292 0.0059569061109199352 0.0063838597020346695 0.0008724811335850415 -0.00053025205666430914 0.006960124040340139 0.0018696595623445965 0.0033890662589761175 0.0011830368546159298 0.0011553918248254202 0.0026380752961049731 -0.0037824279227838876 -0.0017466229299532684 -0.0066097235925041799 -0.0079322775134963355 -0.0025350172402130314 -0.0011938947291885312 0.002574274497227648 -0.0043840896595634107 0.0083639898772592293 0.0091306615956180046 0.0011057785874081971 0.0062919390067937217
leaf_weight=71 66 67 199 52 6868 99 564 55 274 405 76 74 94 169 52 592 77 324 52 90 71 58 59
leaf_count=71 66 67 199 52 6868 99 564 55 274 405 76 74 94 169 52 592 77 324 52 90 71 58 59
internal_value=0 -7.27669e-05 0.000136292 -0.0014736 -6.0528e-05 -0.000178217 -0.000347432 0.00381127 -0.00195356 0.00230668 0.00320945 0.00230271 0.00314534 -0.00249534 -0.000257594 -0.00344723 0.00210034 0.00403431 -0.000360266 0.00577576 0.00666874 -0.00159752 0.00380117
internal_weight=10508 10311 8969 1342 8220 7936 7432 197 1231 504 284 749 617 1087 326 761 144 523 118 166 126 132 111
internal_count=10508 10311 8969 1342 8220 7936 7432 197 1231 504 284 749 617 1087 326 761 144 523 118 166 126 132 111
is_linear=0
shrinkage=0.05


Tree=78
num_leaves=26
num_cat=0
split_feature=22 22 5 21 5 23 14 22 22 23 13 12 5 10 0 2 51 10 31 15 23 35 25 23 35
split_gain=1.11676 2.63279 1.34037 1.45057 1.33845 1.28898 1.18273 1.14943 1.5216 1.14543 0.965649 0.891014 0.813181 0.798833 1.01808 0.765286 0.834823 0.758002 0.729229 0.567328 0.827137 0.242418 0.123493 0.109258 0.0545696
threshold=5.9996751502361008 5.0045029240548375 0.27566536910356182 0.99988648089087229 1.4111336340353469 -0.59798480313539737 7.1050000000000013 2.0086302295448077 3.997867226025662 -0.73717446139403686 23.996526308798625 0.60674045209434191 0.58020419472821849 -1.0390004642235942 -1.3498407762976516 -0.41286212676330564 1.0000000180025095e-35 0.51381566979200077 0.17151264446246384 4.8544799106966581 0.21282696900511913 0.075469631009337512 1.0000000180025095e-35 0.28506908815208193 0.71350915594724296
decision_type=2 2 2 2 2 2 2 2 2 2 2 2 2 2 2 2 2 2 2 2 2 2 2 2 2
left_child=1 4 3 5 6 -2 7 12 -9 -4 13 19 -1 -6 -15 16 -8 23 -17 -5 -21 22 -3 -11 -23
right_child=2 21 9 11 10 -7 15 8 -10 17 -12 -13 -14 14 -16 18 -18 -19 -20 20 -22 24 -24 -25 -26
leaf_value=0.0015247528686259245 -0.0063631395298837578 -0.0085385338117656261 -0.0062540483227384244 0.01110712726925938 0.0060168186747966215 0.003211698664573884 0.0032371064128104057 -0.0017307110926303099 -5.8413869098617175e-05 0.0055312606454106994 0.0086170939565055251 0.00066506221926617402 0.008475006129337501 -0.0057175678115078512 0.0015174333042091343 0.0067781552777343634 -0.0038013364648588916 -0.0036022144943883973 0.00095579679887128192 0.0020484452238620091 0.009380109774817685 -0.0020934641982865844 -0.0052089319907063815 0.0020150478001676512 -0.0046212190815141645
leaf_weight=258 57 58 74 66 87 91 90 1729 6409 51 52 72 51 53 554 133 79 51 94 86 73 57 83 50 50
leaf_count=258 57 58 74 66 87 91 90 1729 6409 51 52 72 51 53 554 133 79 51 94 86 73 57 83 50 50
internal_value=0 -0.000134393 0.00197369 0.00356873 -2.29723e-06 -0.000443954 -0.000174402 -0.000300143 -0.000414342 -0.00114505 0.00203086 0.00558462 0.00269043 0.00152899 0.000876638 0.00249455 -2.37873e-05 0.00131182 0.00439063 0.00713567 0.00544976 -0.00521971 -0.00661907 0.00384373 -0.00332456
internal_weight=10508 9837 671 445 9589 148 8843 8447 8138 226 746 297 309 694 607 396 169 152 227 225 159 248 141 101 107
internal_count=10508 9837 671 445 9589 148 8843 8447 8138 226 746 297 309 694 607 396 169 152 227 225 159 248 141 101 107
is_linear=0
shrinkage=0.05


Tree=79
num_leaves=31
num_cat=0
split_feature=8 14 39 34 11 26 26 2 2 31 6 1 17 29 6 31 3 8 8 9 54 48 10 29 10 2 8 3 15 2
split_gain=1.1241 1.37532 1.5586 1.33458 1.30506 1.20394 2.15602 1.83127 1.42656 1.49253 1.14513 1.09064 1.63262 1.22745 1.12472 1.26944 1.07378 1.05748 1.04748 0.982359 0.956043 0.875406 0.820065 1.00299 0.815467 0.71457 0.699562 0.623412 0.57006 0.568
threshold=-0.77117160930351758 3.9492373842713415 1.0000000180025095e-35 1.0000000180025095e-35 -1.1739349892178808 0.99062878869563853 1.0000000180025095e-35 -0.36313732382785924 1.5366396720605431 0.99883613163232965 2.010271789991791 2.0593929658931929 3.9987430771465284 -0.51008724335437849 -0.092383377298226182 0.99883613163232965 2.1360151104702907 -0.19203110011828436 -1.9065276324393101 -0.073193991461930383 1.0000000180025095e-35 1.0000000180025095e-35 0.16302392599881524 0.036809492596058008 -0.58788208870491954 -0.41286212676330564 -1.2982138881170913 -0.42904730835112309 6.9969080886795529 -0.10186570554292594
decision_type=2 2 2 2 2 2 2 2 2 2 2 2 2 2 2 2 2 2 2 2 2 2 2 2 2 2 2 2 2 2
left_child=3 5 4 11 25 6 8 -7 10 -10 -2 12 19 -13 18 -16 17 -6 -15 20 -1 -21 23 -9 -4 -3 -14 -26 -24 -29
right_child=1 2 24 -5 16 7 -8 22 9 -11 -12 13 26 14 15 -17 -18 -19 -20 21 -22 -23 28 -25 27 -27 -28 29 -30 -31
leaf_value=0.0037844100786676989 -0.00064049588283194886 0.0098608395699621588 0.0028059318418774174 -0.0053403855555862363 -0.0019801303899313512 0.0057611290719817854 -0.0061034551064163313 -0.0084202499169217897 0.00043398779166882678 0.0081017692232779447 -0.0039763102032486742 -0.0060738961874837356 0.0042473104470746627 0.0051380834357615916 0.00076596073064345968 0.0075905022440401274 0.0081202672069086729 0.0014001641315912509 -0.0015294676671051999 -0.0051772679808005859 -0.00068495602241574972 0.0018917751976068689 -0.00031220222262291221 -0.00033996547420433548 -0.00079565014573611779 0.0031682250392947421 0.012736675063049725 -0.010474552465657433 0.0060341373613875086 -0.003378981198336978
leaf_weight=499 5338 62 53 77 287 182 185 53 220 90 271 73 51 67 203 104 51 1175 472 84 155 90 79 144 87 122 51 51 62 70
leaf_count=499 5338 62 53 77 287 182 185 53 220 90 271 73 51 67 203 104 51 1175 472 84 155 90 79 144 87 122 51 51 62 70
internal_value=0 -0.000244659 0.000918523 0.00109194 0.00147368 -0.000589249 -0.000786564 0.00171702 -0.000619439 0.00267814 -0.000802626 0.00136278 0.00257014 0.000135393 0.000677747 0.00309586 0.000985912 0.000733081 -0.000690589 0.00182659 0.00271757 -0.00149316 -0.000446849 -0.00254239 -0.00267109 0.00545464 0.00854928 -0.00409139 0.00244525 -0.00641714
internal_weight=10508 8582 1958 1926 1697 6624 6104 520 5919 310 5609 1849 930 919 846 307 1513 1462 539 828 654 174 338 197 261 184 102 208 141 121
internal_count=10508 8582 1958 1926 1697 6624 6104 520 5919 310 5609 1849 930 919 846 307 1513 1462 539 828 654 174 338 197 261 184 102 208 141 121
is_linear=0
shrinkage=0.05


Tree=80
num_leaves=31
num_cat=0
split_feature=20 20 38 47 0 11 13 45 26 35 2 13 17 31 38 11 8 4 9 13 17 17 23 12 0 36 35 35 33 21
split_gain=1.08435 5.81599 1.3812 1.35578 1.25154 1.63407 1.53676 1.22727 0.957613 0.955722 1.01065 0.807078 1.53893 1.08644 0.739701 0.894208 1.07085 1.04206 0.868663 0.790244 0.749038 0.65212 0.627588 0.607447 0.578782 0.57432 0.510034 0.644398 0.31828 0.275465
threshold=1.0000000180025095e-35 0.99791866160774123 1.0000000180025095e-35 1.0000000180025095e-35 -1.7043795702481404 -0.088952629691505886 14.00218444525056 1.0000000180025095e-35 0.99062878869563853 1.0000000180025095e-35 -0.022295994616413396 16.995766387913697 2.9999692811546179 0.99883613163232965 1.0000000180025095e-35 0.63587412723860448 0.13721511037189352 1.059629160649491 -0.35376961935303325 15.989473677927331 1.9955975600497167 3.000050210194213 -0.055703120362441495 0.81465905425244911 -0.87239163540455433 1.0000000180025095e-35 0.98936791663484891 0.0043935834348633506 0.065051881022813021 0.99988648089087229
decision_type=2 2 2 2 2 2 2 2 2 2 2 2 2 2 2 2 2 2 2 2 2 2 2 2 2 2 2 2 2 2
left_child=8 26 3 4 5 -3 -6 9 14 10 -4 12 -5 -13 15 16 18 25 -1 -18 -16 -11 -22 24 -9 -17 27 28 29 -2
right_child=1 2 7 11 6 -7 -8 23 -10 21 -12 13 -14 -15 20 17 19 -19 -20 -21 22 -23 -24 -25 -26 -27 -28 -29 -30 -31
leaf_value=0.0031394880089653516 -0.0043220915112157808 -0.0060431147786951366 0.0028973549950890888 -0.0043118725913529827 0.0027320147873113251 0.0012655636385858187 0.00056473281437747699 -0.0083040624415356562 0.0062036705892213545 -0.0010888150527392096 -0.0010238539399427401 -0.0012093159039141326 0.0030240103031699914 0.0036492560700599197 0.00011819630663763876 -0.0029526622089524855 -0.00014782098551066901 -0.0083285681534817513 -0.002040047645729751 0.0062591238534793793 0.010386576364419378 -0.0059181540342076273 0.0026397309423223164 0.00062322159403912136 -0.0032116323231044606 0.0034892276121703705 -0.0079224970808202833 -0.0020751111232666926 -0.0024636169561406004 -0.0076641908085588826
leaf_weight=121 122 151 336 349 990 153 4771 71 99 419 319 463 89 153 81 83 70 56 243 144 54 85 55 77 300 59 97 268 79 151
leaf_count=121 122 151 336 349 990 153 4771 71 99 419 319 463 89 153 81 83 70 56 243 144 54 85 55 77 300 59 97 268 79 151
internal_value=0 -0.000170228 0.000184938 0.000484308 0.000772453 -0.00234909 0.000938079 -0.0011381 0.0015127 -0.000274237 0.000980139 -0.00116893 -0.00280949 0 0.00102618 0.000334298 0.00133339 -0.00255621 -0.000304157 0.00414095 0.00382403 -0.00191422 0.00652945 -0.00336126 -0.00420164 -0.000240344 -0.00449905 -0.00395419 -0.00536966 -0.00619109
internal_weight=10508 9443 8726 7119 6065 304 5761 1607 1065 1159 655 1054 438 616 966 776 578 198 364 214 190 504 109 448 371 142 717 620 352 273
internal_count=10508 9443 8726 7119 6065 304 5761 1607 1065 1159 655 1054 438 616 966 776 578 198 364 214 190 504 109 448 371 142 717 620 352 273
is_linear=0
shrinkage=0.05


Tree=81
num_leaves=31
num_cat=0
split_feature=31 31 17 17 12 17 14 6 2 17 4 4 45 41 37 25 2 22 10 3 57 29 4 16 33 30 27 25 2 25
split_gain=1.05522 9.15599 2.13351 1.32106 1.66342 1.87426 1.44503 1.31366 1.30518 1.22401 1.19691 3.44244 1.72102 1.62713 1.44512 1.43116 1.134 1.1324 1.37609 1.07933 1.42512 1.04862 1.01004 0.673988 0.440632 0.405273 0.372918 0.239423 0.198125 0.213538
threshold=1.0000000180025095e-35 0.99883613163232965 1.0000000180025095e-35 0.99833302829423731 -1.3767312236978875 0.071635949685076514 7.1050000000000013 0.52858542726121194 1.591858551347102 0.99833302829423731 0.99667128552813999 1.0000000180025095e-35 1.0000000180025095e-35 1.0000000180025095e-35 1.0000000180025095e-35 1.0000000180025095e-35 -0.26797622237167912 4.019287263413478 0.010833223425180801 -0.43075179080372944 1.0000000180025095e-35 -0.66717167371936104 2.0004422967495619 0.99775815936918899 0.033893044064204209 -0.38324093836432832 0.9872736820026331 0.052832611732237009 -1.0937920225527615 1.0000000180025095e-35
decision_type=2 2 2 2 2 2 2 2 2 2 2 2 2 2 2 2 2 2 2 2 2 2 2 2 2 2 2 2 2 2
left_child=3 24 7 4 -1 19 10 17 9 -4 11 13 14 -5 -12 -14 25 18 -3 20 -6 -21 -11 -10 28 -8 -13 -7 -2 -30
right_child=1 2 8 6 5 27 16 -9 23 22 12 26 15 -15 -16 -17 -18 -19 -20 21 -22 -23 -24 -25 -26 -27 -28 -29 29 -31
leaf_value=-0.0085632603265161644 -0.0031702686821057503 0.0099582575299752077 -0.0057993352308519999 0.0013900965660995045 -0.007057258546157877 -0.0057978455479520494 0.004037089993110198 0.010606794636404295 0.0090921017323054524 0.0010086120473823466 0.0026086737891895424 -0.0026664777251374982 0.00084417756276697396 -0.0024292996326959115 -0.00080128683809311543 -0.0043377542966614377 0.0079061216284835468 -0.0020869057576081394 0.00066873651888225928 -0.0020358692292920095 0.0010137424355977065 0.0036409582406137786 -0.0010092714416048787 0.0020532772542206546 -0.0030812095425715273 -0.0021531886532699888 -0.005523236224679838 -0.0026026453085967768 -0.0070696035386282573 -0.0050565575102826908
leaf_weight=73 71 78 90 1774 88 138 50 70 56 1428 1653 512 342 330 380 217 121 79 84 108 142 318 1095 93 200 55 154 116 314 279
leaf_count=73 71 78 90 1774 88 138 50 70 56 1428 1653 512 342 330 380 217 121 79 84 108 142 318 1095 93 200 55 154 116 314 279
internal_value=0 -0.000647052 0.000630079 0.000388088 -0.00130038 -0.000711383 0.000686024 0.00455623 0.000186037 -7.17058e-05 0.000519856 -0.000201211 0.00129235 0.000788583 0.00196883 -0.00115889 0.00460437 0.00277439 0.0051757 0.000694131 -0.00205429 0.00218989 0.000130849 0.0047366 -0.00519477 0.000748026 -0.00333529 -0.0043599 -0.0058233 -0.00613193
internal_weight=10508 3937 3073 6571 983 910 5588 311 2762 2613 5362 2770 2592 2104 2033 559 226 241 162 656 230 426 2523 149 864 105 666 254 664 593
internal_count=10508 3937 3073 6571 983 910 5588 311 2762 2613 5362 2770 2592 2104 2033 559 226 241 162 656 230 426 2523 149 864 105 666 254 664 593
is_linear=0
shrinkage=0.05


Tree=82
num_leaves=29
num_cat=0
split_feature=3 3 3 3 3 6 35 17 17 2 19 0 29 25 17 17 2 6 30 11 7 21 21 21 21 32 25 35
split_gain=1.00905 1.18032 3.86185 1.62345 3.85795 2.0443 1.60643 1.72711 2.24881 1.75705 1.56568 1.29429 1.49014 1.2864 1.18225 1.2048 1.0401 0.814857 1.07717 0.768472 0.618747 0.497733 0.484064 0.505332 0.344416 0.209137 0.163653 0.0821766
threshold=2.4440909835234916 -0.42904730835112309 -0.14209198825999367 -0.43075179080372944 -0.71980215760611366 1.4141745281288205 0.99944630601664541 1.0002211483747809 1.9955975600497167 -1.0464139331050368 0.026688791096054404 -1.3498407762976516 -1.2438555393786441 0.031464537397592057 0.99833302829423731 2.0011858512989225 0.99967091986986734 -0.57154138183892955 -0.59942325896872251 -0.37651307300379161 1.3217557814351395 0.99988648089087229 0.043460081144672306 0.99988648089087229 0.13222418642617673 0.083418851187149812 0.010836341618995151 0.058852027344894454
decision_type=2 2 2 2 2 2 2 2 2 2 2 2 2 2 2 2 2 2 2 2 2 2 2 2 2 2 2 2
left_child=1 3 21 4 14 11 7 9 -9 -4 20 -5 -13 -12 16 -16 -1 -2 -19 -20 -8 24 -6 -24 -3 26 -23 -26
right_child=17 2 6 5 22 -7 10 8 -10 -11 13 12 -14 -15 15 -17 -18 18 19 -21 -22 25 23 -25 27 -27 -28 -29
leaf_value=-0.0024430915515228774 0.00895373728981394 -0.0061806729494757141 -0.0034627797873083635 -0.0023656148066654972 -0.008711586089718967 -0.0050185883986686866 0.0051235200213386768 -0.0052181769031445016 -0.00086328074982198176 0.0015474737839933491 0.0016512659896747491 0.011738672778148088 0.0031028249686825167 -0.0018380604968223563 0.001950728648726004 -0.00027741383066335018 0.0050905204010824809 -0.0038625212645930804 0.0089767348507487164 0.0007597998295362572 -0.00030268181344845157 -0.0086622334473052155 -0.0013504546354096705 -0.0048844536133143737 -0.0031944850784171607 -0.0039141327216122958 -0.0055096336595161274 -0.00078959383561990953
leaf_weight=418 50 61 207 98 52 86 291 346 2105 1116 701 54 751 423 1612 967 51 58 52 66 62 96 170 268 61 83 99 104
leaf_count=418 50 61 207 98 52 86 291 346 2105 1116 701 54 751 423 1612 967 51 58 52 66 62 96 170 268 61 83 99 104
internal_value=0 -7.25424e-05 -0.000548098 0.000530907 2.88414e-05 0.00232173 -0.000145804 -0.000693757 -0.00148028 0.000759575 0.00125088 0.00302683 0.00368972 0.000333617 0.000692284 0.00111337 -0.0016123 0.0033042 0.00166666 0.00442769 0.0041565 -0.00472868 -0.00408714 -0.00352484 -0.00294126 -0.00616221 -0.00709096 -0.00171036
internal_weight=10508 10282 5755 4527 3538 989 5251 3774 2451 1323 1477 903 805 1124 3048 2579 469 226 176 118 353 504 490 438 226 278 195 165
internal_count=10508 10282 5755 4527 3538 989 5251 3774 2451 1323 1477 903 805 1124 3048 2579 469 226 176 118 353 504 490 438 226 278 195 165
is_linear=0
shrinkage=0.05


Tree=83
num_leaves=25
num_cat=0
split_feature=12 10 16 33 13 13 23 10 42 12 15 25 5 27 12 15 2 23 0 2 5 49 5 5
split_gain=0.9508 1.02643 1.00307 1.04276 1.35878 1.83285 1.33835 1.32551 1.14366 1.96963 1.14124 1.00675 1.62062 0.84987 0.838172 0.823598 0.699548 0.622256 1.53247 0.729183 0.562621 0.619052 0.531773 0.349457
threshold=-2.0255147750730971 -0.38798982475873406 2.9798674223998245 0.99970103058260251 13.004637287977436 12.999701030582605 0.62681825534842917 -0.23741359725333686 1.0000000180025095e-35 0.40926984427491747 2.0990800389496496 1.0000000180025095e-35 -0.48884046727538349 0.14101585788426771 0.95319519044897227 19.053524583647583 -0.074004983473272681 -0.76191252540402465 0.41782439755281331 -1.2442714244908941 0.67227598225191876 1.0000000180025095e-35 -0.0094116015628314485 -0.020039357899577347
decision_type=2 2 2 2 2 2 2 2 2 2 2 2 2 2 2 2 2 2 2 2 2 2 2 2
left_child=1 -1 3 4 5 6 -2 -7 9 -6 16 15 -13 22 -10 20 -5 18 -12 -19 21 -4 -14 -3
right_child=2 23 11 10 8 7 -8 -9 14 -11 17 12 13 -15 -16 -17 -18 19 -20 -21 -22 -23 -24 -25
leaf_value=-0.0013092195905801355 -0.0006964356221651752 0.0027487058980676703 0.0077056078342129649 0.0025088053585541597 -0.00096646486547763075 0.010000294081604577 0.005479496967181717 0.0023611482303591818 -0.0014621639977836249 0.00084884303460679991 -0.0053648591187315693 0.0071017081030842035 -0.0081539070518159493 0.0010328824910739041 -0.005176692700491624 -0.00045366778428996765 0.010438837148905268 0.0061533981804237818 0.0045450973650676954 0.00082901643853143948 0.00060306720866595885 0.0016634122178921821 -0.0013788468525387767 0.0083229758109745634
leaf_weight=71 661 50 159 66 4408 88 101 167 853 2258 113 56 68 97 187 96 51 73 59 572 63 61 54 76
leaf_count=71 661 50 159 66 4408 88 101 167 853 2258 113 56 68 97 187 96 51 73 59 572 63 61 54 76
internal_value=0 0.00343989 -6.58727e-05 -0.000194685 -0.000365156 0.00135103 0.00011621 0.00501989 -0.000592314 -0.000350805 0.00139193 0.00182828 -0.000458662 -0.00241709 -0.00213531 0.00350053 0.00601415 0.00072322 -0.00193579 0.00144023 0.00485924 0.00605451 -0.00519965 0.00615455
internal_weight=10508 197 10311 9657 8723 1017 762 255 7706 6666 934 654 275 219 1040 379 117 817 172 645 283 220 122 126
internal_count=10508 197 10311 9657 8723 1017 762 255 7706 6666 934 654 275 219 1040 379 117 817 172 645 283 220 122 126
is_linear=0
shrinkage=0.05


Tree=84
num_leaves=31
num_cat=0
split_feature=8 4 18 8 4 4 4 6 15 4 31 45 10 2 0 14 2 2 31 7 10 10 6 10 15 51 7 5 0 32
split_gain=0.956954 1.17548 1.23151 1.1688 1.87553 1.36744 1.62973 1.59018 2.35218 1.46061 2.33015 1.43838 1.37758 1.31334 1.27314 1.22201 1.1652 1.13236 1.12588 1.19911 1.12745 1.06325 1.04716 1.0379 1.34658 1.02514 0.969227 0.940289 0.922431 0.978874
threshold=-0.77117160930351758 2.9993804676660694 0.035070798102927507 -0.022596676758315497 1.0000000180025095e-35 0.99667128552813999 0.0092324066708639515 -0.55231346803963521 3.9868062739364509 1.0000582591910869 0.99883613163232965 1.0000000180025095e-35 -0.98837121229782299 -0.074004983473272681 1.5005984694210419 3.6299277071812006 -1.0744373071436575 0.17127109475167712 0.017265924094630205 -0.50292312683642204 0.16302392599881524 0.51381566979200077 -0.90011543052747733 1.1047727475756581 2.0021425146187655 1.0000000180025095e-35 1.4462361024015347 0.070954981484770918 0.41782439755281331 0.058282912175255962
decision_type=2 2 2 2 2 2 2 2 2 2 2 2 2 2 2 2 2 2 2 2 2 2 2 2 2 2 2 2 2 2
left_child=1 18 27 4 16 6 13 8 25 11 -11 -9 -10 15 23 -5 -2 21 -1 20 -20 -18 -15 24 -6 -7 -25 -3 29 -21
right_child=3 2 -4 5 14 7 -8 9 12 10 -12 -13 -14 22 -16 -17 17 -19 19 28 -22 -23 -24 26 -26 -27 -28 -29 -30 -31
leaf_value=0.0013281694083829424 0.0067239736437745036 0.0038460533202031889 -0.0013871336340068765 -0.0027240971390821468 0.0031212099206646038 0.0011611459872104787 -0.0032224084210900855 0.0021881615075836232 0.0082578412098299279 -0.0047970396286275453 -1.0212407083160192e-05 -0.0017179192960711379 0.0027002592768008656 -0.0025939738126450331 0.0035161126633916281 0.001837985755197313 -0.0037686762946544704 0.0030414993739456258 -0.0016179478844798138 -0.0074002962749069867 0.0068189527124621748 0.0029075946437783729 0.0023172960077777276 -0.0036347598195091801 -0.0021868773452224459 -0.004601411435468411 -0.011452817973009722 0.011909985064729501 0.00067521883965904726 0.00057990424109288471
leaf_weight=1245 85 107 65 556 130 164 555 1009 133 319 1261 306 735 131 101 198 195 224 95 151 67 85 611 212 1378 144 50 57 89 50
leaf_count=1245 85 107 65 556 130 164 555 1009 133 319 1261 306 735 131 101 198 195 224 95 151 67 85 611 212 1378 144 50 57 89 50
internal_value=0 0.00100726 0.0043722 -0.000225966 -0.00114667 0.000143198 -0.000908534 0.000674305 0.00222478 4.26944e-05 -0.000980074 0.00127535 0.00355844 -4.66117e-05 -0.00192235 -0.00151938 0.00130874 0.000384383 0.000550008 -0.00158214 0.0018426 -0.00172379 0.00144324 -0.00223568 -0.00172579 -0.00151743 -0.00514963 0.00668478 -0.00351248 -0.00539101
internal_weight=10508 1926 229 8582 2460 6122 2051 4071 1176 2895 1580 1315 868 1496 1871 754 589 504 1697 452 162 280 742 1770 1508 308 262 164 290 201
internal_count=10508 1926 229 8582 2460 6122 2051 4071 1176 2895 1580 1315 868 1496 1871 754 589 504 1697 452 162 280 742 1770 1508 308 262 164 290 201
is_linear=0
shrinkage=0.05


Tree=85
num_leaves=31
num_cat=0
split_feature=54 57 5 11 8 10 3 5 3 23 9 13 3 10 5 55 10 10 13 6 12 0 3 21 21 35 35 3 19 10
split_gain=0.915326 2.06214 1.23593 1.20506 1.1727 1.76567 1.38993 1.06642 1.16993 1.16454 1.04884 1.06038 1.01894 1.22157 0.984355 0.940231 0.900512 1.01531 0.879964 0.853884 0.816499 0.891106 0.870432 0.495587 0.356687 0.280724 0.398755 0.165679 0.134087 0.114716
threshold=1.0000000180025095e-35 1.0000000180025095e-35 1.3651571918645695 0.58011876648189675 0.2548376011455753 1.2640817845676058 -1.0340105095013736 -2.0505510246534024 2.4832778533449802 -0.68827658024923977 2.637903517924562 22.994348731705493 -0.40294399112961216 -0.30992276228467713 -0.89667536185951968 1.0000000180025095e-35 1.9167797296735218 1.5143971840091115 18.996156716355113 1.5009231386912736 -0.74393226401545853 0.75600529198806765 -0.31004108801453317 0.99988648089087229 1.0000000180025095e-35 0.99944630601664541 0.0043935834348633506 -0.0076982391995675985 0.99944395290190646 -0.095923269094028443
decision_type=2 2 2 2 2 2 2 2 2 2 2 2 2 2 2 2 2 2 2 2 2 2 2 2 2 2 2 2 2 2
left_child=2 15 3 7 12 6 -6 18 9 -9 11 20 13 -5 -14 16 17 19 -1 -2 22 -22 -4 24 -3 26 29 -17 -26 -25
right_child=1 23 10 4 5 -7 -8 8 -10 -11 -12 -13 14 -15 -16 27 -18 -19 -20 -21 21 -23 -24 25 28 -27 -28 -29 -30 -31
leaf_value=0.0007174379446621634 0.00064480475506412636 -0.0054582540852608774 0.0036248199243277789 0.0070324552917480675 -0.0089707259916596959 0.0081040029834868032 -0.00051844612082039144 -0.0015882207955857327 0.0053140905656318274 3.3424637347812974e-06 -0.0045686758931971598 0.0093153172300249193 0.0050800261796206427 0.0019657722686733685 1.0492766948802468e-05 -0.0021725018611839031 -0.006039100454983402 0.0064622815895012554 0.0088396655465351713 -0.0037401952334992954 0.0020789324984754293 0.0077552118036300624 -0.004475814576281675 -0.007078898862378849 0.00033352212339333347 -0.0077867464094283304 -0.0017114704462813574 -0.0056661358048331594 -0.0019723618717511354 -0.0041922133775221309
leaf_weight=86 1441 53 56 183 53 55 604 1719 87 3449 50 59 114 352 608 83 53 70 56 120 318 90 80 73 113 58 129 67 134 95
leaf_count=86 1441 53 56 183 53 55 604 1719 87 3449 50 59 114 352 608 83 53 70 56 120 318 90 80 73 113 58 129 67 134 95
internal_value=0 -0.000837446 0.000260139 7.46048e-05 0.00113392 -0.000481686 -0.00120916 -0.000310954 -0.00042738 -0.000525102 0.00234503 0.00292726 0.00205298 0.0037092 0.000818462 1.99704e-05 0.000360644 0.000572029 0.00395972 0.000304292 0.00222366 0.0033449 -0.00110331 -0.00324548 -0.00172145 -0.00451847 -0.00386098 -0.00376904 -0.000897501 -0.00547976
internal_weight=10508 2489 8019 7366 1969 712 657 5397 5255 5168 653 603 1257 535 722 1834 1684 1631 142 1561 544 408 136 655 300 355 297 150 247 168
internal_count=10508 2489 8019 7366 1969 712 657 5397 5255 5168 653 603 1257 535 722 1834 1684 1631 142 1561 544 408 136 655 300 355 297 150 247 168
is_linear=0
shrinkage=0.05


Tree=86
num_leaves=31
num_cat=0
split_feature=47 13 13 45 44 42 12 8 12 12 3 12 2 6 2 0 7 8 3 16 2 2 1 7 3 35 45 32 27 25
split_gain=0.877636 1.09205 1.1611 1.08848 1.41363 1.05173 1.33746 1.26619 1.16036 1.0486 1.01586 0.961735 1.13169 0.980367 1.89366 1.20942 1.36961 1.26237 0.87957 0.863364 0.844989 0.694376 1.86941 1.74012 0.301483 0.299342 0.210183 0.183163 0.144676 0.125171
threshold=1.0000000180025095e-35 14.00218444525056 14.974318478100129 1.0000000180025095e-35 1.0000000180025095e-35 1.0000000180025095e-35 1.4774271758183073 0.97590009239564723 0.41052040829039843 1.5594245578416002 0.14974252036532057 1.1552167356812204 -0.16900017204748863 0.19804645279063623 0.70763904736537186 -0.32911086325280769 0.23996678142390593 -0.88266516489287472 0.90560540533467881 1.9975087144301469 1.1912707708288874 -0.89932535772507904 1.2657988879831907 -0.82421408301711019 -0.18759770012149357 0.009205331465844251 1.0000000180025095e-35 0.0017674004598431001 0.22500238892437452 0.25906428353394589
decision_type=2 2 2 2 2 2 2 2 2 2 2 2 2 2 2 2 2 2 2 2 2 2 2 2 2 2 2 2 2 2
left_child=1 11 26 4 9 6 7 -4 20 21 -8 13 -13 15 18 16 -1 -17 -15 -10 -7 23 -23 -2 27 29 -3 -6 -5 -26
right_child=3 2 5 28 24 8 10 -9 19 -11 -12 12 -14 14 -16 17 -18 -19 -20 -21 -22 22 -24 -25 25 -27 -28 -29 -30 -31
leaf_value=-0.0038233408443504517 -0.010207001797300502 -0.0072085433171560926 -0.00021935303135005256 -0.0066202915297151462 -0.0028509370039035632 -0.000835817090960991 0.0010668585414639283 0.0019041570033569597 -0.0048573796853100225 0.0068061899982653122 0.0064707362628004961 -0.0062414613770549144 0.0015996604135816361 0.0078168862357406669 -0.0020897282059669123 0.0080096992457078572 0.0020833907727760446 0.0015264490196495045 0.00031763539350258856 0.002114750191190238 0.0053985677700285513 0.0074141594350801065 -0.00024296493854005709 0.0004632782363420525 -0.0081321651777413444 -0.0024998309176652144 -0.00265934609351136 -3.9493731515147477e-05 -0.003325442568444878 -0.0042771398915189829
leaf_weight=210 55 59 5169 80 142 489 229 812 299 60 143 84 100 206 88 89 183 503 50 51 61 90 683 122 52 119 53 104 73 50
leaf_count=210 55 59 5169 80 142 489 229 812 299 60 143 84 100 206 88 89 183 503 50 51 61 90 683 122 52 119 53 104 73 50
internal_value=0 0.000195968 -5.47274e-05 -0.00106622 -0.000646314 2.26336e-05 0.000249939 6.81326e-05 -0.00157619 0.000401207 0.00315877 0.00141953 -0.00195427 0.00189051 0.00419317 0.00108091 -0.00106033 0.00251076 0.00637241 -0.00382685 -0.000134422 0 0.000642926 -0.002828 -0.00292214 -0.00427725 -0.00510469 -0.00168318 -0.0050841 -0.00629746
internal_weight=10508 8878 7365 1630 1477 7253 6353 5981 900 1010 372 1513 184 1329 344 985 393 592 256 350 550 950 773 177 467 221 112 246 153 102
internal_count=10508 8878 7365 1630 1477 7253 6353 5981 900 1010 372 1513 184 1329 344 985 393 592 256 350 550 950 773 177 467 221 112 246 153 102
is_linear=0
shrinkage=0.05


Tree=87
num_leaves=23
num_cat=0
split_feature=10 20 20 38 47 19 45 30 12 9 38 3 9 17 14 35 35 23 25 30 23 21
split_gain=0.840902 1.0112 4.31367 1.14188 1.06847 1.25748 1.00484 1.11454 0.827261 0.728741 0.771355 0.954295 0.967358 0.624714 0.587295 0.463396 0.570932 0.387582 0.275687 0.239871 0.217731 0.178147
threshold=2.4423532339146643 1.0000000180025095e-35 0.99791866160774123 1.0000000180025095e-35 1.0000000180025095e-35 0.99944395290190646 1.0000000180025095e-35 0.69320169128464426 1.4774271758183073 1.2324894829075013 1.0000000180025095e-35 -0.86470356166191231 -0.12750497322794244 1.9955975600497167 3.6046310654062617 0.98936791663484891 0.0043935834348633506 -0.055703120362441495 0.0043101856371638011 0.50768759312128764 0.21282696900511913 0.8209893785041501
decision_type=2 2 2 2 2 2 2 2 2 2 2 2 2 2 2 2 2 2 2 2 2 2
left_child=1 9 15 4 5 -4 7 -5 -6 10 11 19 -13 -12 -8 16 18 -15 -3 -1 -11 -18
right_child=-2 2 3 6 8 -7 14 -9 -10 20 13 12 -14 17 -16 -17 21 -19 -20 -21 -22 -23
leaf_value=0.0059416690867551622 -0.0059985267528190108 -0.0063688655668872112 -0.00036322236388781486 -0.0010802815667657613 -0.0013430978191383155 0.0011918843911213413 -0.0040595023593104343 0.0026507812386338077 0.0051633734926727192 0.007800486452330304 0.00056306371667635133 0.00041241449519228849 -0.0047858291270278545 0.0095587024907186884 0.00015826196423806359 -0.0071544641053689802 0.00015185056746253413 0.0032764215951860522 -0.0034195086720109204 0.0016724273563884257 0.0029674082960070903 -0.0025204589404763927
leaf_weight=78 58 149 1887 900 999 4148 340 257 51 53 80 514 108 53 106 96 91 52 197 64 50 177
leaf_count=78 58 149 1887 900 999 4148 340 257 51 53 80 514 108 53 106 96 91 52 197 64 50 177
internal_value=0 3.34336e-05 -0.000130641 0.000175054 0.000448205 0.000704813 -0.00102906 -0.000247036 -0.00102185 0.00150382 0.00106342 0.000354562 -0.000482761 0.00396202 -0.00304606 -0.00387786 -0.00335633 0.00650113 -0.00470553 0.00405522 0.00550798 -0.0015947
internal_weight=10508 10450 9398 8688 7085 6035 1603 1157 1050 1052 949 764 622 185 446 710 614 105 346 142 103 268
internal_count=10508 10450 9398 8688 7085 6035 1603 1157 1050 1052 949 764 622 185 446 710 614 105 346 142 103 268
is_linear=0
shrinkage=0.05


Tree=88
num_leaves=18
num_cat=0
split_feature=7 46 5 8 23 32 32 22 22 0 12 12 17 10 29 45 11
split_gain=0.819706 0.845613 1.61738 1.06817 1.48389 1.03147 3.59281 1.22087 0.806721 0.837649 0.798173 0.774649 0.569176 0.630051 0.531762 0.491725 0.484165
threshold=-1.4384072874673663 1.0000000180025095e-35 -0.57364924963544228 -2.1078829216025663 -0.30319992876624896 0.99967515023610021 1.0000000180025095e-35 3.0005536939833553 3.997867226025662 -0.60083681521545329 -0.877899837281927 0.2011560768743588 3.9987430771465284 -0.68804626056304852 -1.0345866405823037 1.0000000180025095e-35 0.24584334640806907
decision_type=2 2 2 2 2 2 2 2 2 2 2 2 2 2 2 2 2
left_child=-1 3 11 4 -2 6 7 -5 10 -10 -7 -3 13 16 -15 -8 -4
right_child=1 2 12 5 -6 8 15 -9 9 -11 -12 -13 -14 14 -16 -17 -18
leaf_value=0.0063174319360587471 -0.00059001442529293567 -0.00016215970961418595 0.0032273818665022182 0.0016551284714792205 0.0086445832281058683 -0.0064431059518626158 -0.004085506909661237 -0.00011778541554308068 -0.00037717715245242452 0.0026525215578165964 0.00014225974358131815 0.0067045273302180595 0.0019033174165858904 0.00047537172660442061 -0.0047768110332405654 -0.0015175830422777244 -0.0032846049884576582
leaf_weight=51 86 94 58 1158 86 55 579 5991 307 858 271 71 57 53 391 286 56
leaf_count=51 86 94 58 1158 86 55 579 5991 307 858 271 71 57 53 391 286 56
internal_value=0 -3.07181e-05 -0.00161468 9.64535e-05 0.00400057 2.52382e-05 -0.000198894 0.000168712 0.00123322 0.00184988 -0.000955071 0.00276458 -0.00279799 -0.00328745 -0.00413864 -0.00324251 0
internal_weight=10508 10457 780 9677 172 9505 8014 7149 1491 1165 326 165 615 558 444 865 114
internal_count=10508 10457 780 9677 172 9505 8014 7149 1491 1165 326 165 615 558 444 865 114
is_linear=0
shrinkage=0.05


Tree=89
num_leaves=27
num_cat=0
split_feature=12 13 16 30 30 30 30 11 17 23 14 30 51 25 15 11 15 3 6 44 7 30 27 45 21 45
split_gain=0.806418 0.849072 0.829584 0.956406 2.61802 1.42497 3.4473 1.63345 1.7132 1.60522 1.34691 1.22325 1.12888 0.84393 0.769902 0.764893 0.712366 0.570194 0.512711 0.896409 0.479028 0.423752 0.407046 0.327602 0.297596 0.250327
threshold=-2.0255147750730971 20.999446306016647 2.9798674223998245 -0.14763947614101694 -0.56337380373074819 -0.14429265770524644 0.27371186789599861 0.078433581872870958 2.7971467865045936 -0.40604600445700134 6.0824165712211498 0.27512405679221202 1.0000000180025095e-35 1.0000000180025095e-35 4.0421481989447843 0.49656797127856972 19.053524583647583 0.44012150078324203 1.0000000180025095e-35 1.0000000180025095e-35 -0.39106543787222686 0.076474418713706818 0.00092838185607260011 1.0000000180025095e-35 0.99988648089087229 1.0000000180025095e-35
decision_type=2 2 2 2 2 2 2 2 2 2 2 2 2 2 2 2 2 2 2 2 2 2 2 2 2 2
left_child=1 15 3 4 10 7 23 9 -9 -5 12 -8 -2 16 -12 -1 17 21 20 -20 -15 -4 24 -7 -6 -24
right_child=2 -3 13 5 22 6 11 8 -10 -11 14 -13 -14 18 -16 -17 -18 -19 19 -21 -22 -23 25 -25 -26 -27
leaf_value=-0.001705800813197354 0.00018968732243042515 0.0084502747644097324 0.0075817830909325635 -0.0029498713469222116 -0.0032537056992942579 -0.0052641414675038099 0.0018238023082252555 0.0069253843670441075 0.00010339060210553366 0.0029343301212289177 0.0071287560767871894 -0.0001542639242684658 -0.001640064604524193 -0.0057785292882731407 0.0013611879113851139 0.0058537355003257597 -0.00048142387820010414 0.00042508312712616244 -0.0024835803293051951 0.0061969046549940551 -6.0857390707725054e-05 0.0029182550119307509 -0.0038506797046554894 -0.0022369256494717696 -0.0072210038377889798 -0.00090593054450528081
leaf_weight=89 2129 55 128 223 84 297 1063 256 146 241 82 2938 1391 61 207 53 96 69 56 62 96 86 216 138 130 116
leaf_count=89 2129 55 128 223 84 297 1063 256 146 241 82 2938 1391 61 207 53 96 69 56 62 96 86 216 138 130 116
internal_value=0 0.00316822 -6.04093e-05 -0.000177596 -0.000726931 0.000272683 -8.84233e-05 0.00212798 0.00446082 9.55628e-05 -0.000261337 0.000370059 -0.000531982 0.0016621 0.00301686 0.00108266 0.00319334 0.0044573 -0.000430453 0.0020364 -0.00231646 0.00573325 -0.00396521 -0.00431601 -0.00568935 -0.00283743
internal_weight=10508 197 10311 9657 4355 5302 4436 866 402 464 3809 4001 3520 654 289 142 379 283 275 118 157 214 546 435 214 332
internal_count=10508 197 10311 9657 4355 5302 4436 866 402 464 3809 4001 3520 654 289 142 379 283 275 118 157 214 546 435 214 332
is_linear=0
shrinkage=0.05


Tree=90
num_leaves=30
num_cat=0
split_feature=3 3 3 13 12 12 3 3 8 9 7 23 7 17 13 10 7 14 30 14 35 35 35 25 30 27 25 23 14
split_gain=0.787433 0.891364 2.91754 1.32288 1.33066 1.43942 1.29708 2.8702 1.37201 1.26162 1.4045 1.35739 1.16603 1.11096 1.04841 1.42093 1.31701 0.927331 0.657084 0.678968 0.399429 0.309396 0.295673 0.263182 0.250331 0.157854 0.126231 0.0640838 0.0146773
threshold=2.4440909835234916 -0.42904730835112309 -0.14209198825999367 13.004637287977436 -0.46999660329425469 -0.46979815702466005 -0.43075179080372944 -0.71980215760611366 1.9251083192301914 1.5808809622339186 -1.1326120015354113 -1.07800611862815 -1.2077059228130589 0.99833302829423731 12.999701030582605 0.20213756140583658 0.0099800147697263024 2.5153904573555903 -0.5653545488842191 2.1017285367095826 0.0043935834348633506 0.99944630601664541 0.99944630601664541 0.034070936031103907 -0.10739762678078114 0.0043618569133836013 0.74412532669909948 0.31146120969665475 2.1378787457467916
decision_type=2 2 2 2 2 2 2 2 2 2 2 2 2 2 2 2 2 2 2 2 2 2 2 2 2 2 2 2 2
left_child=1 6 20 14 12 -6 7 8 13 10 17 -12 -5 -1 16 -16 -4 -8 -2 -20 23 27 25 28 -10 -9 -25 -22 -3
right_child=18 2 3 4 5 -7 9 22 24 -11 11 -13 -14 -15 15 -17 -18 -19 19 -21 21 -23 -24 26 -26 -27 -28 -29 -30
leaf_value=-0.0014983195837462795 -0.00088761571151243362 -0.0085621402307544028 0.0031392658238200335 0.003849828254439849 0.0065689362839442171 -2.080860475676281e-05 -0.0088801605087851822 -0.0040764768147430767 -0.007260577154503004 0.007858010176374523 0.01019164546729324 0.0016641211612678905 -0.0020377364686832221 0.0012074853309115218 0.0092415270122972043 0.00023711611436547415 -0.0024572133605050453 0.00065832818168663461 0.0088498965697587969 0.001955174004553624 -0.002263959553431596 -0.0053727176095227256 -0.0068307080631738243 -0.0021248522102049897 -0.0023925064645342014 -0.0020798945152558719 -0.0056141438172624984 -0.00016996765439113157 -0.006477353162316477
leaf_weight=446 74 52 242 89 85 3110 50 205 55 86 50 753 1360 2488 100 80 185 50 62 90 138 84 62 57 59 223 60 57 56
leaf_count=446 74 52 242 89 85 3110 50 205 55 86 50 753 1360 2488 100 80 185 50 62 90 138 84 62 57 59 223 60 57 56
internal_value=0 -6.40585e-05 -0.000477378 -0.000127583 -0.00041541 0.000153141 0.000460273 1.13598e-05 0.000583803 0.00206098 0.00150253 0.00220253 -0.00167242 0.000794432 0.00206598 0.00526968 0.000702847 -0.00406507 0.00291892 0.00480434 -0.00411111 -0.00280976 -0.00353866 -0.0057006 -0.00478926 -0.00304861 -0.0039602 -0.0016779 -0.00753438
internal_weight=10508 10282 5755 5251 4644 3195 4527 3538 3048 989 903 803 1449 2934 607 180 427 100 226 152 504 279 490 225 114 428 117 195 108
internal_count=10508 10282 5755 5251 4644 3195 4527 3538 3048 989 903 803 1449 2934 607 180 427 100 226 152 504 279 490 225 114 428 117 195 108
is_linear=0
shrinkage=0.05


Tree=91
num_leaves=24
num_cat=0
split_feature=10 20 20 38 11 23 0 45 11 5 10 11 9 10 17 22 0 14 35 35 12 27 21
split_gain=0.762456 0.845041 3.53245 0.956456 0.961774 1.82609 1.30741 0.882723 0.911153 0.698287 1.44514 1.42415 0.993241 0.976914 1.09252 0.967526 0.773183 0.517825 0.407387 0.509091 0.37375 0.275201 0.159712
threshold=2.4423532339146643 1.0000000180025095e-35 0.99791866160774123 1.0000000180025095e-35 0.32650262320318724 -0.20040091119345463 -1.7043795702481404 1.0000000180025095e-35 1.4152465093675295 -0.57439014916593056 0.80956792500180008 -0.51139156747569914 0.26048892683893238 -0.63928907578054894 2.9999692811546179 4.126054614083551 0.010757482348109302 3.6046310654062617 0.98936791663484891 0.0043935834348633506 0.33443662217113584 0.99150267018472393 0.8209893785041501
decision_type=2 2 2 2 2 2 2 2 2 2 2 2 2 2 2 2 2 2 2 2 2 2 2
left_child=1 9 18 4 6 -6 -4 8 -5 10 11 -1 13 15 -15 -11 -14 -9 19 21 -13 -3 -21
right_child=-2 2 3 7 5 -7 -8 17 -10 12 -12 20 16 14 -16 -17 -18 -19 -20 22 -22 -23 -24
leaf_value=-0.0047202497566213265 -0.0057119933513222389 -0.0034664787623089051 -0.003839966260367179 -0.00056258809512680415 0.0026004243603667734 -4.7854165432527052e-05 0.00015520925844985512 -0.0037857753218038873 0.0054377146720353264 -0.0047086571018658688 -0.0068655663106626692 0.0066688182609163336 0.010919060292890517 0.00080620890915770755 0.0057619307850208844 0.003399905744101683 0.00245863032636001 0.00017233593049252886 -0.0065823307370426716 0.00029858884022854328 0.0013776852530899279 -0.0068868151604496832 -0.0022339302040143699
leaf_weight=65 58 264 215 1090 1204 1409 4257 340 67 108 72 74 53 330 170 55 59 106 96 91 66 82 177
leaf_count=65 58 264 215 1090 1204 1409 4257 340 67 108 72 74 53 330 170 55 59 106 96 91 66 82 177
internal_value=0 3.17265e-05 -0.000118221 0.000158359 0.000408393 0.00117054 -3.583e-05 -0.000943587 -0.000210359 0.00137591 -0.000765324 0.00135513 0.00214768 0.00140184 0.00250197 -0.00194158 0.006513 -0.00283402 -0.00350922 -0.00301959 0.00421288 -0.00429328 -0.00135557
internal_weight=10508 10450 9398 8688 7085 2613 4472 1603 1157 1052 277 205 775 663 500 163 112 446 710 614 140 346 268
internal_count=10508 10450 9398 8688 7085 2613 4472 1603 1157 1052 277 205 775 663 500 163 112 446 710 614 140 346 268
is_linear=0
shrinkage=0.05


Tree=92
num_leaves=23
num_cat=0
split_feature=54 10 5 9 13 5 14 46 8 17 10 6 11 10 12 19 10 48 14 6 10 12
split_gain=0.749126 1.07809 0.933646 0.943852 0.980406 0.932752 0.943465 0.908933 0.722942 0.695075 0.634059 0.730589 1.61109 0.857298 0.937538 0.741376 0.587437 0.53097 0.520029 0.444027 0.316867 0.14634
threshold=1.0000000180025095e-35 -1.8380715599441915 1.3651571918645695 2.637903517924562 22.994348731705493 1.2269547947582125 7.3784476087294584 1.0000000180025095e-35 -0.30014883978102541 0.20446041350226138 1.9167797296735218 1.5009231386912736 -0.25535172032646508 1.4653359647733755 -1.28167195094066 0.0063356526468802011 0.058481360775902706 1.0000000180025095e-35 1.5900974369819874 0.0098128186850590521 -2.1873532933641022 0.107461064652366
decision_type=2 2 2 2 2 2 2 2 2 2 2 2 2 2 2 2 2 2 2 2 2 2
left_child=1 18 5 4 9 6 7 -3 -8 -4 11 13 -13 14 17 -16 -14 -2 -1 -7 -20 -15
right_child=10 2 3 -5 -6 19 8 -9 -10 -11 -12 12 16 21 15 -17 -18 -19 20 -21 -22 -23
leaf_value=0.00069625972986229329 0.0054441515329189255 9.0392433235499028e-05 0.0066739805068104967 -0.0045851633518733488 0.0088456601130239895 -0.0073330847125813343 -0.00053666459050439642 -0.0021223338306470742 0.0047411062526819259 0.0011655129973304685 -0.0056759431794018451 0.0021519350801453142 -0.010409386822536067 0.0021034575916806441 0.0010516680272338896 -0.0014164581960481482 -0.0030430736476109322 0.00025809583962814502 0.0031799504526767264 -0.00089597760882329002 0.0082225781832000779 0.0060442516673170407
leaf_weight=93 92 6259 66 50 56 63 98 501 183 466 64 73 66 55 376 1552 50 111 70 50 64 50
leaf_count=93 92 6259 66 50 56 63 98 501 183 466 64 73 66 55 376 1552 50 111 70 50 64 50
internal_value=0 0.000235169 0.000135527 0.00196822 0.00253467 -2.72407e-05 4.4414e-05 -7.28874e-05 0.00288314 0.00185942 -0.000757782 -0.000625692 -0.00361297 -0.000370804 -0.000590245 -0.0009325 -0.00728267 0.00263457 0.0036319 -0.00453233 0.00562999 0.00403157
internal_weight=10508 8019 7792 638 588 7154 7041 6760 281 532 2489 2425 189 2236 2131 1928 116 203 227 113 134 105
internal_count=10508 8019 7792 638 588 7154 7041 6760 281 532 2489 2425 189 2236 2131 1928 116 203 227 113 134 105
is_linear=0
shrinkage=0.05


Tree=93
num_leaves=19
num_cat=0
split_feature=7 22 22 5 23 10 3 23 12 5 22 0 48 10 32 10 23 17
split_gain=0.73279 0.732542 1.64301 1.27556 1.07541 1.04383 1.01912 1.25198 1.07924 0.996889 0.872884 0.782274 0.717181 0.680992 0.250317 0.120078 0.119842 0.0550117
threshold=-1.4384072874673663 5.9996751502361008 5.0045029240548375 0.27566536910356182 -0.73717446139403686 2.4423532339146643 0.43975276555098036 0.53012509501486293 0.67592136491017651 1.4111336340353469 2.0086302295448077 0.14098591063004298 1.0000000180025095e-35 0.51381566979200077 0.25236891041106241 0.10410922064085232 0.28506908815208193 2.2997527455008329
decision_type=2 2 2 2 2 2 2 2 2 2 2 2 2 2 2 2 2 2
left_child=-1 2 5 6 -5 9 7 8 -3 10 -2 -11 -8 16 15 17 -6 -4
right_child=1 3 14 4 13 -7 12 -9 -10 11 -12 -13 -14 -15 -16 -17 -18 -19
leaf_value=0.0059730704604063021 0.0024063922003753173 0.0017347565077001385 -0.0048939940501883383 -0.0064725455839477397 0.0050268975624389979 -0.0069593959303775911 0.0025091271969427259 0.0072454604210755724 -0.0060023813102997956 0.00036115068459933639 -0.00024090605391452097 0.0036808411455517124 0.0098831427332476546 -0.0038271895831473129 -0.0013519051571666482 -0.003475763540869219 0.0013975154781600686 -0.0076816516744340965
leaf_weight=51 323 171 55 73 51 54 61 72 61 422 8432 311 78 50 64 79 50 50
leaf_count=51 323 171 55 73 51 54 61 72 61 422 8432 311 78 50 64 79 50 50
internal_value=0 -2.90937e-05 -0.000138803 0.00157346 -0.00148592 -3.3828e-05 0.00313169 0.0014879 -0.000279744 5.13409e-06 -0.000142641 0.00177677 0.00668714 0.000894426 -0.00415598 -0.00510289 0.00328279 -0.00627507
internal_weight=10508 10457 9790 667 224 9542 443 304 232 9488 8755 733 139 151 248 184 101 105
internal_count=10508 10457 9790 667 224 9542 443 304 232 9488 8755 733 139 151 248 184 101 105
is_linear=0
shrinkage=0.05


Tree=94
num_leaves=25
num_cat=0
split_feature=13 13 29 11 8 8 29 11 27 27 29 14 15 49 29 6 35 43 0 10 30 33 13 30
split_gain=0.721604 1.06402 0.892393 2.00082 1.29595 1.31297 1.18529 0.860925 1.37292 1.27062 1.20983 1.54993 1.54201 1.10889 1.48252 1.34972 1.13945 0.951692 0.810585 0.788602 0.748255 0.74609 0.573155 0.398441
threshold=23.996526308798625 23.008479035308028 -0.3723379801924584 0.86903823106531763 -0.93745059495729344 0.67151013361610112 0.87441831738594245 0.99815730255514923 1.0000000180025095e-35 0.98377807972553966 0.32494460632320099 4.5606072733789693 2.0021425146187655 1.0000000180025095e-35 -0.088230124920998784 1.4141745281288205 0.013772275336770601 1.0000000180025095e-35 -0.68270960588286234 -0.44312719565666553 -0.5653545488842191 1.0000000180025095e-35 19.608871248839858 -0.53480557067852275
decision_type=2 2 2 2 2 2 2 2 2 2 2 2 2 2 2 2 2 2 2 2 2 2 2 2
left_child=1 7 3 19 -4 6 18 8 10 21 11 -1 -12 15 22 16 -9 -11 -6 -2 -21 -10 -15 -16
right_child=2 -3 4 -5 5 -7 -8 13 9 17 12 -13 -14 14 23 -17 -18 -19 -20 20 -22 -23 -24 -25
leaf_value=-0.00075641461096495751 0.0015845037534721097 -0.0055543509458571127 0.007492387883376775 -0.005162918515979293 -0.0082528904578874178 0.0051694909330510606 0.003803331207877562 0.0039970802311487452 -0.0032965894051153106 -6.4961042076467761e-05 0.0055655934722734311 0.0021081414465657171 0.00080481349256003414 0.0040701855830798869 -0.0056802553487339388 -0.0045777090826469051 0.00021242351560212861 -0.00356659087072809 -0.0019312870036351751 0.0032192129731288461 0.010812491935327176 2.5647969341269599e-05 -0.0014079921792239645 -0.0014268263441297199
leaf_weight=2860 74 89 54 50 68 77 69 547 766 2017 193 565 1471 132 124 70 317 215 213 54 91 213 73 106
leaf_count=2860 74 89 54 50 68 77 69 547 766 2017 193 565 1471 132 124 70 317 215 213 54 91 213 73 106
internal_value=0 -0.000114764 0.00149455 0.00380129 0.000193592 -0.000719272 -0.00203019 -6.41203e-05 -0.000256225 -0.00106607 0.000253791 -0.00028236 0.0013603 0.00109686 -0.000980369 0.00206965 0.00261447 -0.000404644 -0.00348125 0.00587216 0.00802328 -0.00256874 0.00209531 -0.00374318
internal_weight=10508 9758 750 269 481 427 350 9669 8300 3211 5089 3425 1664 1369 435 934 864 2232 281 219 145 979 205 230
internal_count=10508 9758 750 269 481 427 350 9669 8300 3211 5089 3425 1664 1369 435 934 864 2232 281 219 145 979 205 230
is_linear=0
shrinkage=0.05


Tree=95
num_leaves=31
num_cat=0
split_feature=8 37 35 4 18 1 17 2 0 26 0 9 7 8 5 6 14 0 18 18 1 12 23 23 32 14 4 21 2 1
split_gain=0.696341 1.002 1.33004 0.99005 1.03647 1.01245 1.34802 1.01738 0.958693 0.950503 0.982299 0.899392 0.930416 0.84118 0.834891 0.830544 1.71685 1.19727 0.848656 2.73809 1.36455 1.06588 1.05728 0.77678 0.826569 0.748594 0.727831 1.04517 0.793406 0.69653
threshold=-0.77117160930351758 1.0000000180025095e-35 0.99944630601664541 2.9993804676660694 0.035070798102927507 2.0892252758006093 3.9987430771465284 1.0513531122216264 -0.058061591132225941 0.065542009694345163 -1.0754799799107813 -0.49946522931339071 -1.0375007983683315 1.1435573872600751 0.070954981484770918 2.010271789991791 1.550454249109678 0.12314837976999392 0.99651552123028841 0.12054929667426356 0.88813730339946373 -0.46999660329425469 1.4319567858643247 0.72473195837257187 0.47502550022316792 5.6817162706750004 0.93121604339176123 0.99988648089087229 0.074726202376511064 2.4360489456012999
decision_type=2 2 2 2 2 2 2 2 2 2 2 2 2 2 2 2 2 2 2 2 2 2 2 2 2 2 2 2 2 2
left_child=3 15 23 5 14 6 9 11 -9 10 -1 -7 -13 26 -5 18 29 -18 19 21 -20 -2 -22 25 -25 -3 28 -28 -4 -17
right_child=1 2 13 4 -6 7 -8 8 -10 -11 -12 12 -14 -15 -16 16 17 -19 20 -21 22 -23 -24 24 -26 -27 27 -29 -30 -31
leaf_value=0.0063951674201621822 -0.00079290590146014568 -0.0029726049376853718 -0.0057007474718957351 0.0033923968626229737 -0.0013316626240196746 0.0025502706969005324 0.0074338922109640944 -0.001412778680037057 0.0052663136282523086 -0.0039803468093868788 0.00083068070911075501 0.0034906413685013983 -0.0033984055270502352 0.0071396925496455864 0.010992789639065437 -0.0035705054231231822 0.0034627248876781406 -0.0033511599230490055 -0.0046361567120815307 -0.0042213441834893723 0.0014966123300397423 0.00075696949662802464 0.0072306667542407516 -0.0010702874747148643 0.0060950598227414408 0.0019865625672864599 -0.0025383412729062717 0.0046933309444443273 0.0017980493224071987 -0.011982359752145424
leaf_weight=92 1636 1009 81 107 65 97 90 99 115 86 599 54 465 52 57 53 124 134 83 366 893 3435 89 164 53 81 76 142 61 50
leaf_count=92 1636 1009 81 107 65 97 90 99 115 86 599 54 465 52 57 53 124 134 83 366 893 3435 89 164 53 81 76 142 61 50
internal_value=0 -0.000192689 -0.00127233 0.000859295 0.00394728 0.000439435 0.00163619 -0.000804695 0.00215388 0.000957339 0.00157959 -0.00184081 -0.00267146 0.00119695 0.00606956 7.70198e-05 -0.00225582 -5.68244e-05 0.000207344 -4.45902e-05 0.00149809 0.000255959 0.00202207 -0.00205457 0.000658745 -0.00259934 0.000322923 0.00214926 -0.00244525 -0.00771009
internal_weight=10508 8582 1719 1926 229 1697 867 830 214 777 691 616 519 412 164 6863 361 258 6502 5437 1065 5071 982 1307 217 1090 360 218 142 103
internal_count=10508 8582 1719 1926 229 1697 867 830 214 777 691 616 519 412 164 6863 361 258 6502 5437 1065 5071 982 1307 217 1090 360 218 142 103
is_linear=0
shrinkage=0.05


Tree=96
num_leaves=26
num_cat=0
split_feature=12 5 40 29 13 28 28 13 12 14 51 6 19 29 11 17 10 12 11 23 7 6 10 8 35
split_gain=0.680917 0.919941 0.694889 0.964664 0.92299 1.43728 2.23583 1.53709 1.15874 1.19182 0.930846 0.745945 1.26939 1.04699 1.26507 1.03952 0.969351 0.967748 0.739716 0.665981 0.892099 0.711191 0.491787 0.472395 0.212675
threshold=-2.0255147750730971 -0.2972179997211602 1.0000000180025095e-35 1.6660843737837878 14.00218444525056 0.98283773229243054 1.0000000180025095e-35 23.996526308798625 0.60674045209434191 1.2796092851861387 1.0000000180025095e-35 -0.048870596088599137 0.022682088747306855 -1.1987643492262798 -0.59041378669522704 1.5443011123247861 0.21283397389483785 0.93383580124142196 -1.2587942858399599 -0.6387518385228943 -0.39106543787222686 -0.63920920269891102 -0.38798982475873406 -0.022596676758315497 0.031835953056180206
decision_type=2 2 2 2 2 2 2 2 2 2 2 2 2 2 2 2 2 2 2 2 2 2 2 2 2
left_child=1 -1 4 18 11 6 7 -6 9 -7 -10 13 16 15 -15 -2 -13 -14 23 21 -21 -20 -3 -4 -8
right_child=2 22 3 -5 5 8 24 -9 10 -11 -12 12 17 14 -16 -17 -18 -19 19 20 -22 -23 -24 -25 -26
leaf_value=-0.0023809782486150428 -0.0092507113736312388 0.0011884439855870104 -0.0010803978974533279 0.0056549231133883153 -0.00035983381032485826 -0.0045031343191380066 -0.0057969718652875514 0.002487680735288717 0.0078473270730072906 0.0020312768795287188 0.00085077348776953481 0.011678792619192899 0.0026722484444754741 -0.001662625903727863 0.0024548090148050791 -0.00020407745432874234 0.0025080982119419109 -0.0035016195635474974 -0.0053527645809418687 -0.0023230302012643349 0.0010052669929213858 -0.00164263469765389 0.0074244939167176548 0.0050212278696498171 -0.0030841336429293185
leaf_weight=57 51 53 54 52 5776 88 156 516 129 332 78 62 312 276 569 87 57 79 193 396 407 410 87 73 158
leaf_count=57 51 53 54 52 5776 88 156 516 129 332 78 62 312 276 569 87 57 79 193 396 407 410 87 73 158
internal_value=0 0.00291134 -5.54368e-05 -0.00101883 0.000118992 -0.000114012 -0.000331823 -0.000125482 0.00217253 0.000649514 0.00523677 0.00125108 0.00280434 0.000439929 0.00110399 -0.00358788 0.00733388 0.00141148 -0.00124882 -0.00158109 -0.000629944 -0.0028391 0.00510193 0.00238869 -0.00444925
internal_weight=10508 197 10311 1585 8726 7233 6606 6292 627 420 207 1493 510 983 845 138 119 391 1533 1406 803 603 140 127 314
internal_count=10508 197 10311 1585 8726 7233 6606 6292 627 420 207 1493 510 983 845 138 119 391 1533 1406 803 603 140 127 314
is_linear=0
shrinkage=0.05


Tree=97
num_leaves=28
num_cat=0
split_feature=3 3 3 35 17 2 17 19 23 3 3 9 7 2 17 17 7 12 30 14 21 21 21 21 32 49 22
split_gain=0.662889 0.744503 2.3009 1.14543 1.37383 1.50921 1.47315 1.28296 1.28626 1.06421 2.26731 1.13001 1.25765 1.09406 0.864465 1.0307 0.922426 0.696057 0.563456 0.613515 0.426665 0.438169 0.424451 0.291712 0.214449 0.177979 0.0819295
threshold=2.4440909835234916 -0.42904730835112309 -0.14209198825999367 0.99944630601664541 1.0002211483747809 -1.1098617993353843 1.9955975600497167 0.026688791096054404 1.8516964224854415 -0.43075179080372944 -0.71980215760611366 1.5808809622339186 -1.1891456047977786 -1.3871346382531613 0.99833302829423731 2.0011858512989225 -0.94440983705657156 -1.1491996785484424 -0.5653545488842191 2.1017285367095826 0.043460081144672306 0.99988648089087229 0.99988648089087229 0.13222418642617673 1.0000000180025095e-35 1.0000000180025095e-35 4.0745316440348516
decision_type=2 2 2 2 2 2 2 2 2 2 2 2 2 2 2 2 2 2 2 2 2 2 2 2 2 2 2
left_child=1 9 22 4 5 -4 -6 17 -9 10 14 12 -11 -14 16 -16 -1 -5 -2 -20 -12 -22 23 -3 25 -24 -25
right_child=18 2 3 7 6 -7 -8 8 -10 11 20 -13 13 -15 15 -17 -18 -19 19 -21 21 -23 24 26 -26 -27 -28
leaf_value=0.003728593855672588 -0.00084274749192390366 -0.0049850981587177511 -0.0034589926699453676 -0.0017068952247649132 -0.0043163904009588345 0.0013936678775063524 -0.00079013422629595339 0.0006110484608270549 -0.0072200014818791045 -0.0048808246410443042 -0.0074724189593008018 0.0073566596691132151 0.008728793774564125 0.0014110541816340283 0.0016576876293006076 -0.00040345660706656711 -0.0023997726422265845 0.0045897649551401637 0.0082696542041841136 0.0017142422340092429 -0.0005930933452401308 -0.0038768254047491036 -0.007367575461561005 -0.0018266331678940739 -0.0028457550184046551 -0.0040615175340929267 0.00038567969008021009
leaf_weight=72 74 61 186 50 346 1137 2105 1069 55 74 52 86 55 774 1612 967 397 303 62 90 170 268 107 97 89 82 68
leaf_count=72 74 61 186 50 346 1137 2105 1069 55 74 52 86 55 774 1612 967 397 303 62 90 170 268 107 97 89 82 68
internal_value=0 -5.86837e-05 -0.000436459 -0.000125707 -0.000588536 0.000707446 -0.00129012 0.00105348 0.0002228 0.000420462 1.37029e-05 0.00187038 0.00134158 0.00190357 0.000522639 0.000882934 -0.0014477 0.0036835 0.00267824 0.00442471 -0.00314135 -0.00261416 -0.00366349 -0.00201544 -0.00498409 -0.00596255 -0.000884926
internal_weight=10508 10282 5755 5251 3774 1323 2451 1477 1124 4527 3538 989 903 829 3048 2579 469 353 226 152 490 438 504 226 278 189 165
internal_count=10508 10282 5755 5251 3774 1323 2451 1477 1124 4527 3538 989 903 829 3048 2579 469 353 226 152 490 438 504 226 278 189 165
is_linear=0
shrinkage=0.05


Tree=98
num_leaves=28
num_cat=0
split_feature=8 23 32 32 0 3 15 2 9 8 3 23 17 17 17 17 2 2 0 11 21 45 21 2 44 25 57
split_gain=0.667597 1.24876 0.719475 2.44421 0.876139 1.19835 1.24684 0.91152 0.903794 0.865149 0.85341 0.872904 0.8373 1.71926 1.38651 3.64764 1.35084 1.10707 0.82796 0.678356 0.494426 0.471243 0.374522 0.323061 0.32032 0.215527 0.196242
threshold=-2.1078829216025663 -0.30319992876624896 0.99967515023610021 1.0000000180025095e-35 0.14098591063004298 0.75990612999897511 2.6364031708238209 -0.26585671196784283 -0.53510963202812734 -0.80221652149817657 -0.72164220609890262 -0.32594017573228018 3.000050210194213 4.9992858284604127 2.9999692811546179 2.0011858512989225 -0.75599292591196743 -0.83039707796973594 -0.29900249737946988 -1.3424386564789084 0.99988648089087229 1.0000000180025095e-35 1.0000000180025095e-35 -0.16900017204748863 1.0000000180025095e-35 1.0000000180025095e-35 1.0000000180025095e-35
decision_type=2 2 2 2 2 2 2 2 2 2 2 2 2 2 2 2 2 2 2 2 2 2 2 2 2 2 2
left_child=1 -1 3 12 7 6 -6 10 -9 -8 -4 -12 14 19 15 -2 -15 -16 -10 -14 22 25 -5 -7 -23 -22 -24
right_child=2 -3 4 20 5 23 9 8 18 -11 11 -13 13 16 17 -17 -18 -19 -20 -21 21 24 26 -25 -26 -27 -28
leaf_value=-0.0010252635941833995 0.00031720563731044973 0.0069988375717674155 -0.0034325449494303109 -0.0050343495345362838 0.0098406666941611553 -0.0054524835299090144 0.0070458857281344538 -0.0066634082020856902 0.0007326898357989213 0.001464335025800768 0.0060036443765248927 0.00064249694596686647 0.0026154538966752529 0.0073782929447315073 -0.00081476035295310076 -0.0046926111515764382 0 0.0028566653207608744 -0.0043026255372052014 -0.0028689412544301704 -0.0059693810407944296 -0.0044163367279652279 -0.0035909080794778239 0 0 -0.003418797715203978 -0.00026659445621818919
leaf_weight=97 5115 95 68 59 61 53 82 75 290 483 124 202 60 82 273 391 255 805 113 740 171 62 52 53 123 191 333
leaf_count=97 5115 95 68 59 61 53 82 75 290 483 124 202 60 82 273 391 255 805 113 740 171 62 52 53 123 191 333
internal_value=0 0.00292054 -5.43404e-05 -0.00023397 0.000918142 0.00219388 0.00303011 -0.000147175 -0.00161994 0.00228435 0.00162686 0.00269825 6.54516e-05 -0.00118661 0.000282445 -3.77294e-05 0.00180013 0.00192226 -0.000667511 -0.00245109 -0.00257162 -0.00358309 -0.00131371 -0.00269567 -0.00148902 -0.00463876 -0.000729392
internal_weight=10508 192 10316 8712 1604 732 626 872 478 565 394 326 7721 1137 6584 5506 337 1078 403 800 991 547 444 106 185 362 385
internal_count=10508 192 10316 8712 1604 732 626 872 478 565 394 326 7721 1137 6584 5506 337 1078 403 800 991 547 444 106 185 362 385
is_linear=0
shrinkage=0.05


Tree=99
num_leaves=23
num_cat=0
split_feature=7 54 57 10 7 11 46 5 10 10 5 9 1 12 7 13 11 35 35 13 21 4
split_gain=0.652394 0.603491 1.07335 0.928237 0.826667 0.926464 0.8162 1.31448 0.81234 0.902837 0.809758 0.992674 0.970443 0.683858 0.584159 0.516223 0.866083 0.455463 0.511174 0.285646 0.220633 0.0906523
threshold=-1.4384072874673663 1.0000000180025095e-35 1.0000000180025095e-35 -1.8380715599441915 -1.1955687237097086 -0.0051184025747257984 1.0000000180025095e-35 -0.57364924963544228 1.9167797296735218 1.4653359647733755 -0.020039357899577347 3.949321427503437 2.0593929658931929 0.2011560768743588 0.23996678142390593 17.32425764641399 0.078433581872870958 0.99944630601664541 1.0000000180025095e-35 20.999446306016647 0.96118732570266263 0.99667128552813999
decision_type=2 2 2 2 2 2 2 2 2 2 2 2 2 2 2 2 2 2 2 2 2 2
left_child=-1 3 4 15 5 -3 10 13 9 -6 12 -12 -5 -8 -9 16 -2 18 20 -17 -4 -20
right_child=1 2 17 6 8 -7 7 14 -10 -11 11 -13 -14 -15 -16 19 -18 -19 21 -21 -22 -23
leaf_value=0.0056357858115679603 0.0014228303600086062 0.00037049999405122679 -0.0017180701658725849 0.00047278327023143277 0.00012243190931671681 -0.0084114912736157951 -0.00045502062627672345 -0.0016755577049316337 -0.0058285968418641089 0.0054750555998474264 0.00078118831195633808 -0.005906037080355666 -0.0013155938167540508 0.0069529460435445861 -0.0055392994650372935 -0.0016592149395607903 0.010502163868423394 -0.0057969077093399726 0.00082843984203048553 0.0032300922577234159 -0.0044783373194577742 -0.0010642781696142084
leaf_weight=51 56 57 138 1577 1568 61 69 291 54 83 4095 56 1457 55 152 53 52 89 110 66 173 145
leaf_count=51 56 57 138 1577 1568 61 69 291 54 83 4095 56 1457 55 152 53 52 89 110 66 173 145
internal_value=0 -2.75578e-05 -0.00070955 0.000183625 -8.29088e-05 -0.00413028 9.06559e-05 -0.00173447 0.000194496 0.000394866 0.000235402 0.000689628 -0.000384406 0.00279344 -0.0030135 0.00333504 0.00584629 -0.00244571 -0.00190899 0.00101096 -0.00327054 -0.000228207
internal_weight=10508 10457 2478 7979 1823 118 7752 567 1705 1651 7185 4151 3034 124 443 227 108 655 566 119 311 255
internal_count=10508 10457 2478 7979 1823 118 7752 567 1705 1651 7185 4151 3034 124 443 227 108 655 566 119 311 255
is_linear=0
shrinkage=0.05


Tree=100
num_leaves=21
num_cat=0
split_feature=8 23 22 22 5 21 20 10 14 23 5 0 29 15 22 8 8 32 35 30
split_gain=0.597829 1.11868 0.656053 1.20946 1.10858 1.08901 0.953314 0.882473 0.882467 0.861825 0.798367 0.754574 0.749172 0.717042 0.645416 0.593106 0.537109 0.235398 0.142255 0.111822
threshold=-2.1078829216025663 -0.30319992876624896 5.9996751502361008 5.0045029240548375 0.29487734858041531 0.99988648089087229 0.99970103058260251 2.1184884372749186 2.971105939907345 -0.59798480313539737 1.4111336340353469 0.14098591063004298 -0.84585107231155876 4.9874721042351693 2.0086302295448077 -0.18897739787864584 0.088124823568520111 0.25236891041106241 0.044992939851560852 -0.1980912090761642
decision_type=2 2 2 2 2 2 2 2 2 2 2 2 2 2 2 2 2 2 2 2
left_child=1 -1 3 7 5 9 -7 10 12 -4 14 -12 -6 -8 -2 -9 -10 18 19 -5
right_child=2 -3 4 17 8 6 13 15 16 -11 11 -13 -14 -15 -16 -17 -18 -19 -20 -21
leaf_value=-0.00096860563209382041 0.0020662856490172984 0.0066240451690377572 -0.005434594790778271 -0.0075506851548997542 -0.0087789559747176778 -0.0010556188290822526 0.010505784982364085 -0.0084443156022410808 0.0051827908074400277 0.0024330053079268123 0.00018519670401657669 0.0034648603459626667 -0.00042829018404936414 0.0042986391798713261 -0.00023132548008822107 -0.0011375806321563078 -0.0017547519713151311 -0.00089661738610746734 -0.0027512499232176255 -0.0039694500552817872
leaf_weight=97 317 95 56 52 54 56 68 51 56 91 417 307 56 165 8259 65 54 63 75 54
leaf_count=97 317 95 56 52 54 56 68 51 56 91 417 307 56 165 8259 65 54 63 75 54
internal_value=0 0.00276364 -5.15081e-05 -0.00015589 0.00147775 0.00294129 0.00472476 -6.52688e-05 -0.00140003 -0.000531842 -1.06469e-05 0.00158307 -0.00457737 0.00613535 -0.000145791 -0.0043976 0.00173317 -0.00363103 -0.00455415 -0.00577887
internal_weight=10508 192 10316 9660 656 436 289 9416 220 147 9300 724 110 233 8576 116 110 244 181 106
internal_count=10508 192 10316 9660 656 436 289 9416 220 147 9300 724 110 233 8576 116 110 244 181 106
is_linear=0
shrinkage=0.05


Tree=101
num_leaves=25
num_cat=0
split_feature=7 47 45 44 12 14 49 11 13 28 6 13 14 10 11 12 6 0 6 21 3 4 21 32
split_gain=0.5891 0.581729 0.719735 0.693927 0.828637 0.846418 0.68888 1.4977 1.19759 1.57651 1.1753 1.25169 1.11797 1.04028 0.988286 0.973141 1.00365 0.943266 0.900742 0.825294 0.301953 0.223917 0.206227 0.185414
threshold=-1.4384072874673663 1.0000000180025095e-35 1.0000000180025095e-35 1.0000000180025095e-35 1.5594245578416002 1.5101401298790933 1.0000000180025095e-35 1.0808550927864808 23.996526308798625 0.52370222555199264 1.3457710862999659 15.001428343079178 5.3502850860796451 -0.88797810174966563 -1.1739349892178808 -0.48332387284364692 -0.55231346803963521 -0.12508369300457642 0.33460188942645147 0.2502493991412934 -0.18759770012149357 0.99667128552813999 0.92577467663725044 0.0017674004598431001
decision_type=2 2 2 2 2 2 2 2 2 2 2 2 2 2 2 2 2 2 2 2 2 2 2 2
left_child=-1 6 3 4 5 -3 7 8 12 -10 11 -9 -2 15 19 17 -17 -8 -16 -15 23 -22 -4 -5
right_child=1 2 22 20 -6 -7 13 10 9 -11 -12 -13 -14 14 18 16 -18 -19 -20 -21 21 -23 -24 -25
leaf_value=0.0053552773863135492 -0.00034097570271123884 -0.0026763065666239225 -0.0023747391206796068 -0.0020952615582288813 0.0059292249491851145 0.00071856954607978725 0.0098422283895082049 0.0067713302735964293 0.0041750454082513412 -0.0045400125226051644 -0.004645973399786626 0.00183949688623056 0.0020164691362295722 0.0078693650254399745 -0.0019305880794246244 0.0047525366717300586 -0.0016880402382725601 0.0012437237886321359 0.00057403741497900342 0.00047528420301630675 -0.0015809519638041267 -0.0048961400204876552 -0.0062080934261119327 0.0006547721080244032
leaf_weight=51 4494 249 83 142 59 696 61 171 329 61 53 540 566 50 1512 84 215 70 467 160 95 126 70 104
leaf_count=51 4494 249 83 142 59 696 61 171 329 61 53 540 566 50 1512 84 215 70 467 160 95 126 70 104
internal_value=0 -2.63354e-05 -0.000896441 -0.000552907 0.000183194 -0.000170851 0.000133081 0.000420196 0.000128577 0.00279829 0.00249363 0.00303345 -7.62546e-05 -0.000546228 -0.000989339 0.0016976 0.00010562 0.0052902 -0.00133703 0.00226249 -0.00214585 -0.00349503 -0.00416413 -0.000912535
internal_weight=10508 10457 1624 1471 1004 945 8833 6214 5450 390 764 711 5060 2619 2189 430 299 131 1979 210 467 221 153 246
internal_count=10508 10457 1624 1471 1004 945 8833 6214 5450 390 764 711 5060 2619 2189 430 299 131 1979 210 467 221 153 246
is_linear=0
shrinkage=0.05


Tree=102
num_leaves=30
num_cat=0
split_feature=3 13 13 10 12 3 3 12 33 3 3 8 7 5 7 17 23 13 14 14 14 5 30 0 21 21 48 35 4
split_gain=0.580171 0.664376 1.19696 1.53542 1.07239 0.96118 1.56455 1.11261 1.20886 1.04055 1.89344 1.04401 1.03706 1.22813 1.00352 0.933134 0.655545 0.787951 0.745227 0.587646 0.562815 0.514949 1.27779 0.711489 0.373123 0.303179 0.265447 0.199139 0.1695
threshold=2.4440909835234916 13.004637287977436 12.999701030582605 -0.1877220100811868 -1.2142577922567468 -0.42904730835112309 -0.14209198825999367 -0.46999660329425469 0.99970103058260251 -0.43075179080372944 -0.71980215760611366 1.753165226976414 -1.1326120015354113 0.58020419472821849 -1.2077059228130589 2.9999692811546179 0.58064229464099404 11.239481814379316 3.5842061389459929 2.5153904573555903 2.0696425254265942 -0.38936183821015846 -0.5653545488842191 0.078986063827420308 0.99988648089087229 0.087602522464621871 1.0000000180025095e-35 0.019156932535670305 0.99667128552813999
decision_type=2 2 2 2 2 2 2 2 2 2 2 2 2 2 2 2 2 2 2 2 2 2 2 2 2 2 2 2 2
left_child=1 2 4 26 -1 9 24 14 -9 10 11 -3 19 -14 -8 20 18 -18 -6 -11 -5 -2 -23 -24 27 -12 -4 -7 -26
right_child=21 5 3 15 16 6 7 8 -10 12 25 -13 13 -15 -16 -17 17 -19 -20 -21 -22 22 23 -25 28 -27 -28 -29 -30
leaf_value=0.0057335693837323471 0.0066280884651920644 0.00068013892921187568 0.005584599708249708 0.0025555241256251127 -0.0021124429766790562 -0.0038095833435985078 0.0035902876133051122 -0.00018461024866657145 0.0030583564097311873 -0.006578168459601132 -0.006584819877404423 -0.0039762385840942053 0.0037583124883728324 -0.00083800118216464578 -0.0018705855979391128 0.0061767901452301835 0.0058856590722748412 -0.00098098717235675474 0.0019109700733357276 0.00089845284891105668 -0.0037262684560417426 -0.0054833814867183486 0.0072945965273119792 -0.00047055440183409202 -0.0030226495141357345 -0.0025433479331948357 0.010863058178885738 -0.00049211525212033264 -0.0058118040348882931
leaf_weight=77 57 2554 50 61 491 76 89 2876 319 51 55 126 560 194 1360 64 81 84 149 52 84 51 68 50 100 393 59 122 155
leaf_count=77 57 2554 50 61 491 76 89 2876 319 51 55 126 560 194 1360 64 81 84 149 52 84 51 68 50 100 393 59 122 155
internal_value=0 -5.51691e-05 0.00104981 0.00367963 9.56683e-05 -0.00020173 -0.000656903 -0.00038206 0.0001377 0.000379204 -4.2158e-05 0.000459214 0.00192281 0.00256912 -0.00153149 0.00114154 -0.000438044 0.00236115 -0.00116778 -0.00275786 -0.00104918 0.00250531 0.00108212 0.00396433 -0.00346276 -0.00305203 0.00849491 -0.00179201 -0.00473923
internal_weight=10508 10282 1200 318 882 9082 5097 4644 3195 3985 3128 2680 857 754 1449 209 805 165 640 103 145 226 169 118 453 448 109 198 255
internal_count=10508 10282 1200 318 882 9082 5097 4644 3195 3985 3128 2680 857 754 1449 209 805 165 640 103 145 226 169 118 453 448 109 198 255
is_linear=0
shrinkage=0.05


Tree=103
num_leaves=25
num_cat=0
split_feature=12 5 23 7 41 30 30 11 0 30 29 33 44 3 7 29 11 11 5 4 2 9 21 30
split_gain=0.556804 0.818433 0.625052 0.739926 0.706491 0.694234 1.58798 1.12982 1.1207 0.859794 0.807307 0.6758 0.623661 0.613809 0.52963 1.17208 0.681379 0.991559 0.59912 0.517934 0.840018 0.679614 0.428509 0.271447
threshold=-2.0255147750730971 -0.2972179997211602 1.5081867512838751 -0.8745383718236357 1.0000000180025095e-35 -0.14763947614101694 -0.56337380373074819 -1.3424386564789084 -1.487399508456267 -0.14429265770524644 -0.91829707380107484 0.94881249562322112 1.0000000180025095e-35 -0.14209198825999367 -0.64472632110180073 -0.14741286698425896 -0.65424330677823517 0.16193763905999106 0.13585525625162592 0.99667128552813999 -0.55626888003950492 -0.31969424464248081 0.98589442400110983 0.27371186789599861
decision_type=2 2 2 2 2 2 2 2 2 2 2 2 2 2 2 2 2 2 2 2 2 2 2 2
left_child=1 -1 4 12 5 6 7 -2 10 -10 -7 19 -4 -13 15 -5 18 -18 -16 21 -21 -6 -8 -3
right_child=2 23 3 14 11 8 22 -9 9 -11 -12 13 -14 -15 16 -17 17 -19 -20 20 -22 -23 -24 -25
leaf_value=-0.0023573197921878297 0.003047081588723596 0.0067818279843157372 0.00081348380119740426 0.0032046190670906092 -0.0037069152614955195 -0.0051416583525119471 -0.0015875226818266265 -0.00038627561565696036 0.0022692750552332492 0.00033630187846045803 4.7247462550216896e-05 -0.00082950486405287656 0.00727498055480587 0.0062176440896273919 0.0070344629762958376 -0.0063336147091073965 -0.0025993745457428882 0.0024664055548481879 0.00013990806684228497 0.0016831125375544893 -0.0016974263898343585 -3.5647078151491232e-05 -0.0048331479102320055 0.0022139605661187492
leaf_weight=57 261 75 70 55 410 147 193 2899 697 3352 149 65 85 57 81 76 175 215 54 266 588 186 230 65
leaf_count=57 261 75 70 55 410 147 193 2899 697 3352 149 65 85 57 81 76 175 215 54 266 588 186 230 65
internal_value=0 0.00263238 -5.04334e-05 0.00128116 -0.000164648 2.67428e-05 -0.000487822 -0.000101028 0.000452219 0.000670329 -0.00251366 -0.001133 0.00439153 0.00242446 0.000538064 -0.00229148 0.00125393 0.000180398 0.0043158 -0.00143591 -0.000638544 -0.00256977 -0.00336483 0.00469982
internal_weight=10508 197 10311 811 9500 7928 3583 3160 4345 4049 296 1572 155 122 656 131 525 390 135 1450 854 596 423 140
internal_count=10508 197 10311 811 9500 7928 3583 3160 4345 4049 296 1572 155 122 656 131 525 390 135 1450 854 596 423 140
is_linear=0
shrinkage=0.05


Tree=104
num_leaves=26
num_cat=0
split_feature=10 39 31 6 10 8 11 17 30 30 8 1 5 9 29 9 12 3 6 2 29 10 4 3 33
split_gain=0.546652 0.605248 0.983374 0.924248 1.3413 1.05439 0.958521 0.874579 1.02724 2.66711 1.01992 0.985329 0.98159 0.971148 0.840636 0.838629 0.834926 0.766334 0.907048 0.714115 0.518983 0.513755 0.660333 0.369925 0.198926
threshold=2.4423532339146643 1.0000000180025095e-35 1.0000000180025095e-35 0.52858542726121194 0.11327036786844287 -0.58706051993296315 -0.25614664581974089 4.9992858284604127 -1.4026254290491655 -0.98761927137592953 0.10569676550259771 3.1169787679700787 0.44071082597440853 -0.33197607726696476 1.4983752191365187 0.083461972092500211 -0.26708566240240733 -0.41520170081751023 0.82960398266906421 0.26909759697239355 0.8417510906932556 0.41422270022361168 2.9608756325486092 0.45159279548094822 0.0026787841827322508
decision_type=2 2 2 2 2 2 2 2 2 2 2 2 2 2 2 2 2 2 2 2 2 2 2 2 2
left_child=1 7 3 4 5 -3 -5 8 10 24 13 15 -12 -1 -11 16 -9 18 19 -4 -6 22 -19 -23 -10
right_child=-2 2 17 6 20 -7 -8 11 9 14 12 -13 -14 -15 -16 -17 -18 21 -20 -21 -22 23 -24 -25 -26
leaf_value=-0.00017789922541963828 -0.0048365526157791976 0.0069212050020051241 -0.00054027845852067135 -0.00081091303726533157 -0.0017483259583112359 0.00016987526147584772 0.007876339877681774 0.0092606812847215603 -0.0051934340011338684 -4.6324607716693346e-05 -0.0020091509244358563 -0.0023938420294246209 0.0042087619981950658 0.0045609803926626195 0.0021909316845602485 -0.0015943149310923745 0.0029620646022255359 -0.0041369004117136326 -0.0060094998227231897 0.0065980633338746019 -0.0065695152404858905 -0.009900803155353544 0.0019903978387245812 -0.0037031691478650848 -0.0018506292293248032
leaf_weight=152 58 74 113 55 273 271 72 83 259 7092 248 78 85 358 446 55 154 189 51 50 72 54 56 50 60
leaf_count=152 58 74 113 55 273 271 72 83 259 7092 248 78 85 358 446 55 154 189 51 50 72 54 56 50 60
internal_value=0 2.6861e-05 -0.000948068 0.000154188 -0.0005611 0.00163406 0.00407713 0.000175757 7.38978e-05 -0.000103474 0.0017328 0.00255664 -0.000406198 0.00313905 8.54109e-05 0.00389651 0.00519197 -0.00255624 -0.000175749 0.00162144 -0.00277059 -0.00400111 -0.00271573 -0.00697562 -0.00458114
internal_weight=10508 10450 1380 817 690 345 127 9070 8700 7857 843 370 333 510 7538 292 237 563 214 163 345 349 245 104 319
internal_count=10508 10450 1380 817 690 345 127 9070 8700 7857 843 370 333 510 7538 292 237 563 214 163 345 349 245 104 319
is_linear=0
shrinkage=0.05


Tree=105
num_leaves=21
num_cat=0
split_feature=8 23 22 5 12 5 22 36 14 10 5 5 29 8 8 13 8 32 35 30
split_gain=0.519781 0.979524 0.541952 1.00043 1.04291 1.10934 0.984213 0.877718 0.795595 0.759446 0.689567 0.68746 0.65918 0.562452 0.525043 0.504142 0.482151 0.206496 0.127552 0.0952805
threshold=-2.1078829216025663 -0.30319992876624896 5.9996751502361008 0.29487734858041531 0.60674045209434191 -0.98989278205353159 5.0045029240548375 1.0000000180025095e-35 2.971105939907345 2.1184884372749186 1.4111336340353469 1.4610648819944558 -0.84585107231155876 -1.8511445386620422 -0.18897739787864584 18.996156716355113 0.088124823568520111 0.25236891041106241 0.044992939851560852 -0.1980912090761642
decision_type=2 2 2 2 2 2 2 2 2 2 2 2 2 2 2 2 2 2 2 2
left_child=1 -1 6 4 5 -4 9 -7 12 10 13 -12 -5 -2 -11 -6 -10 18 19 -8
right_child=2 -3 3 8 15 7 17 -9 16 14 11 -13 -14 -15 -16 -17 -18 -19 -20 -21
leaf_value=-0.00091278123539003493 -0.0037726173312939374 0.006189638971851515 -0.0011899925964856954 -0.0083515267908683324 0.0018086409398213659 0.008655008922593346 -0.0069436884972618454 0.0025593111377166609 0.0048516353739611476 -0.0078878154420456079 0.0057033512459522878 0.0008988700448518853 -0.00050945952584478945 -9.0488494215191793e-05 -0.0010085252143682973 -0.0046211589147351463 -0.00172057834483146 -0.00071377977872748527 -0.0024324708331138218 -0.0036169258769114298
leaf_weight=97 105 95 71 54 64 131 52 113 56 51 85 639 56 8471 65 57 54 63 75 54
leaf_count=97 105 95 71 54 64 131 52 113 56 51 85 639 56 8471 65 57 54 63 75 54
internal_value=0 0.0025768 -4.81593e-05 0.00134169 0.00273237 0.0042511 -0.000143073 0.00585469 -0.00139166 -6.12715e-05 -1.05608e-05 0.00147055 -0.0044087 -0.000136197 -0.0040803 -0.0011803 0.00158123 -0.003278 -0.00414202 -0.00530105
internal_weight=10508 192 10316 656 436 315 9660 244 220 9416 9300 724 110 8576 116 121 110 244 181 106
internal_count=10508 192 10316 656 436 315 9660 244 220 9416 9300 724 110 8576 116 121 110 244 181 106
is_linear=0
shrinkage=0.05


Tree=106
num_leaves=31
num_cat=0
split_feature=43 14 11 51 32 8 8 27 46 28 14 15 3 23 6 11 20 29 12 13 6 35 22 6 11 6 6 8 44 6
split_gain=0.524531 1.05254 1.27258 0.948333 0.902202 0.878777 0.840998 0.686721 0.682655 0.944588 0.813818 1.22418 1.17199 0.938665 1.03727 0.855901 0.765125 0.651819 1.13035 0.649291 0.621481 1.03459 0.758124 0.755168 0.569964 0.567925 0.567719 0.552571 0.546212 0.396146
threshold=1.0000000180025095e-35 1.4004572925177132 0.24584334640806907 1.0000000180025095e-35 0.010381139375095201 -0.022596676758315497 -0.43885478624641211 0.99952829236618446 1.0000000180025095e-35 0.99808485474983877 0.63002562433882392 7.5273751107250471 -0.25885716616875415 1.5081867512838751 0.49139379538972622 -0.0051184025747257984 0.027269208343248103 -1.560193893051381 1.0748273714373251 15.917523302401163 0.64662823934597313 0.050567800923112756 3.1431509954464079 0.40113354449433553 0.16193763905999106 -0.34924002421100864 -0.39767815105145726 -2.1078829216025663 1.0000000180025095e-35 -0.24295651545818747
decision_type=2 2 2 2 2 2 2 2 2 2 2 2 2 2 2 2 2 2 2 2 2 2 2 2 2 2 2 2 2 2
left_child=8 2 7 4 5 6 -3 -2 10 20 11 15 -13 17 16 19 -15 18 -12 -1 22 -22 -10 -24 25 -5 -17 -19 -7 -6
right_child=1 3 -4 24 29 28 -8 -9 9 -11 13 12 -14 14 -16 26 -18 27 -20 -21 21 -23 23 -25 -26 -27 -28 -29 -30 -31
leaf_value=0.0059993969266024022 -0.0041668436281851315 0.0029689695486814147 0.00073035299153884385 0 -0.0052527724126928263 0.0095292006921016623 -0.0050625772771826149 -0.011091064513294635 -0.0075640182343835408 0.0046284853023617917 -0.00081338622147740037 0.0027854981981257879 -0.0053177733386874414 0.0062291153029150519 0.0065524541373220601 0.011042649341701564 0.00033915722029247684 0.0032226146094112341 -0.0085611039133848248 -0.00076378072754235712 -0.0026536108356014282 0.006847119174791712 -0.0011903426525181353 -0.0075949240830278254 0.00054555484582653171 -0.0053594888047891484 0.0044857274013832887 5.7754358501139785e-06 0.0032588831540930167 0.00079239023525914758
leaf_weight=53 136 93 106 77 56 57 50 51 68 60 259 93 85 63 104 53 457 136 58 104 66 50 432 52 138 145 100 7157 99 50
leaf_count=53 136 93 106 77 56 57 50 51 68 60 259 93 85 63 104 53 457 136 58 104 66 50 432 52 138 145 100 7157 99 50
internal_value=0 -0.00105605 -0.00360413 -7.32411e-05 0.00157953 0.0029918 0.00012422 -0.00608691 0.000117869 -0.00135193 0.000241136 0.00222543 -0.00105678 0.000122901 0.00198718 0.00412591 0.00106342 -2.93315e-05 -0.00224897 0.00148987 -0.00189719 0.00140084 -0.00259944 -0.00189019 -0.00194641 -0.00351754 0.00679547 6.64921e-05 0.00558663 -0.0023561
internal_weight=10508 1058 293 765 405 299 143 187 9450 728 8722 488 178 8234 624 310 520 7610 317 157 668 116 552 484 360 222 153 7293 156 106
internal_count=10508 1058 293 765 405 299 143 187 9450 728 8722 488 178 8234 624 310 520 7610 317 157 668 116 552 484 360 222 153 7293 156 106
is_linear=0
shrinkage=0.05


Tree=107
num_leaves=22
num_cat=0
split_feature=7 54 10 57 6 11 10 10 46 5 5 9 2 12 7 36 14 35 35 21 4
split_gain=0.506548 0.488722 0.778118 0.768397 0.894594 1.73083 0.690534 0.775102 0.647914 1.12933 0.661035 0.888359 0.878091 0.594038 0.514317 0.460801 0.640227 0.399815 0.440195 0.199636 0.0744577
threshold=-1.4384072874673663 1.0000000180025095e-35 -1.8380715599441915 1.0000000180025095e-35 1.5009231386912736 -0.17637953234343076 1.9167797296735218 1.4653359647733755 1.0000000180025095e-35 -0.57364924963544228 -0.020039357899577347 3.949321427503437 1.975898619273446 0.2011560768743588 0.23996678142390593 1.0000000180025095e-35 1.5900974369819874 0.99944630601664541 1.0000000180025095e-35 0.96118732570266263 0.99667128552813999
decision_type=2 2 2 2 2 2 2 2 2 2 2 2 2 2 2 2 2 2 2 2 2
left_child=-1 2 15 4 6 -6 7 -3 10 13 12 -12 -4 -10 -11 16 -2 18 19 -5 -20
right_child=1 3 8 17 5 -7 -8 -9 9 14 11 -13 -14 -15 -16 -17 -18 -19 20 -21 -22
leaf_value=0.0049658103873351789 -0.0030551459104008623 0.00013114387924575196 -0.00049304717901213285 -0.0013908761802023783 0.0024909189477257446 -0.0090642867386638744 -0.005353833203222913 0.0051208222350706874 -0.00037244098539317274 -0.0014753337755795456 0.00070646939959991733 -0.0056195954750802492 0.0047764094870275699 0.0065266337367400062 -0.0051017506721929787 0.0058951493383308084 0.0038991792205911521 -0.0052460404914384667 0.00091524588728288049 -0.0040138426665917463 -0.00080665169926559229
leaf_weight=51 53 1556 2953 138 56 75 54 82 69 291 4095 56 81 55 152 88 86 89 110 173 145
leaf_count=51 53 1556 2953 138 56 75 54 82 69 291 4095 56 81 55 152 88 86 89 110 173 145
internal_value=0 -2.45068e-05 0.000165488 -0.000638276 -0.000107584 -0.00408839 0.00019789 0.000384282 8.03123e-05 -0.0015457 0.000209343 0.000619788 -0.000350566 0.00265014 -0.00273177 0.00305088 0.00121129 -0.00210743 -0.00160423 -0.00286685 -4.42046e-05
internal_weight=10508 10457 7979 2478 1823 131 1692 1638 7752 567 7185 4151 3034 124 443 227 139 655 566 311 255
internal_count=10508 10457 7979 2478 1823 131 1692 1638 7752 567 7185 4151 3034 124 443 227 139 655 566 311 255
is_linear=0
shrinkage=0.05


Tree=108
num_leaves=25
num_cat=0
split_feature=3 6 12 6 47 13 12 2 6 2 21 17 2 14 17 15 14 12 14 14 11 2 8 21
split_gain=0.499054 0.665403 0.761427 0.624832 0.607972 0.855606 0.789577 0.893358 0.874876 1.72738 1.32159 0.724432 1.20257 1.26612 1.03325 1.05651 1.02511 0.64523 0.541402 0.993078 0.692874 0.569044 0.468132 0.392163
threshold=2.4440909835234916 -0.57154138183892955 -0.17693675649302182 0.11329852950202171 1.0000000180025095e-35 14.00218444525056 1.1552167356812204 -0.16900017204748863 0.19804645279063623 0.70763904736537186 0.99988648089087229 3.0380050744720326 1.4407945131001718 3.9492373842713415 3.9987430771465284 7.9999846405773098 5.1001654771782894 1.5594245578416002 1.5101401298790933 1.3430158026641055 1.6500766535848466 -1.4348635161251717 -0.60389464401411053 0.99988648089087229
decision_type=2 2 2 2 2 2 2 2 2 2 2 2 2 2 2 2 2 2 2 2 2 2 2 2
left_child=4 -2 -3 -4 5 6 8 -8 10 -10 -1 12 13 -7 23 -16 -14 18 19 22 21 -20 -6 -13
right_child=1 2 3 -5 17 11 7 -9 9 -11 -12 14 16 -15 15 -17 -18 -19 20 -21 -22 -23 -24 -25
leaf_value=-0.0017648695125831637 0.0074205030915801403 0.0049061022085747485 -0.0055817558909568412 0.0020460978812884877 0.0021805632664679739 -0.00048984293511792211 -0.005729411674003218 0.001343232147108752 0.0060438043655437574 -0.0022378414753585277 0.0021887105653868744 -0.0021137694943340456 0.0037032491625092986 0.0013010062950109132 -0.0018411789561336397 0.001858992860981918 -0.0029896763327563448 0.0035027672368767356 -0.0054980468355479359 -0.0079808002294452212 0.0048083201962159606 -0.00058693827861519077 -0.0024762604495449235 -0.0063927092310283942
leaf_weight=314 50 70 54 52 66 4458 82 96 242 84 641 109 363 1267 534 301 67 77 63 74 56 999 274 115
leaf_count=314 50 70 54 52 66 4458 82 96 242 84 641 109 363 1267 534 301 67 77 63 74 56 999 274 115
internal_value=0 0.00232337 0.000843535 -0.00179426 -5.13745e-05 0.000113716 0.00121824 -0.00188827 0.00165392 0.00389452 0.000883506 -0.00010899 9.80941e-05 -9.26209e-05 -0.0013172 -0.000501294 0.00264832 -0.000944324 -0.00117132 -0.00271911 -0.000593498 -0.000883473 -0.00155721 -0.00433473
internal_weight=10508 226 176 106 10282 8673 1459 178 1281 326 955 7214 6155 5725 1059 835 430 1609 1532 414 1118 1062 340 224
internal_count=10508 226 176 106 10282 8673 1459 178 1281 326 955 7214 6155 5725 1059 835 430 1609 1532 414 1118 1062 340 224
is_linear=0
shrinkage=0.05


Tree=109
num_leaves=31
num_cat=0
split_feature=39 37 10 22 22 35 14 11 23 12 7 8 15 6 18 22 3 11 16 16 15 16 6 7 12 7 5 6 15 6
split_gain=0.480154 0.999564 0.909252 0.969017 1.06763 1.21783 0.652698 1.43209 1.23934 1.13359 1.18503 1.09687 0.86083 1.22372 0.848418 0.844727 0.906667 1.19002 0.765347 0.693332 1.9287 1.24769 0.669036 0.568689 0.546961 0.531128 0.729944 0.693646 0.593989 0.414709
threshold=1.0000000180025095e-35 1.0000000180025095e-35 0.16338693762223927 3.0127419921088556 4.9825889908562866 1.0000000180025095e-35 3.9492373842713415 -1.1739349892178808 0.69925532020836245 -0.74393226401545853 -0.7237702002248444 -1.6455797982899247 8.0012070641843476 1.4645771226208864 0.99952829236618446 2.0086302295448077 -0.14209198825999367 0.078433581872870958 1.0541142769481684 0.0074517921751326007 6.9969080886795529 0.98972619626829872 -1.0065332415094266 -0.26042929641856311 0.88519435978505501 -0.91147242320082833 -0.11479523828861719 0.26903429229655768 9.2744397994488921 0.0098128186850590521
decision_type=2 2 2 2 2 2 2 2 2 2 2 2 2 2 2 2 2 2 2 2 2 2 2 2 2 2 2 2 2 2
left_child=6 2 3 -2 5 -5 8 23 15 10 -10 -9 14 -14 -13 16 -1 -18 -11 20 -17 -21 -12 -8 -20 26 -4 28 -27 -6
right_child=1 -3 25 4 29 -7 7 11 9 18 22 12 13 -15 -16 19 17 -19 24 21 -22 -23 -24 -25 -26 27 -28 -29 -30 -31
leaf_value=-0.00091164300172260314 0.0052223924581228315 -0.0049574455467010026 -0.0026595571729538833 0.0013531193696555853 0.0015974592386464013 -0.0041718154254220359 0.0070221955127119512 -0.0046769615616104321 0.0042780642176652147 0.0073041937278749917 -0.0080500509383569577 0.00090156279461920188 -8.3450959898205635e-05 -0.0076552079590316404 0.0045912484078385269 -0.00027313935595677034 0.01133771358118634 0.00048487217342316994 0.0023650022035473298 -0.0039618240002189707 0.0060364446988919896 -0.00070377068302292917 -0.0015820480803957996 0.0020336153808850751 -0.00044626030863486211 -0.00053688094871595724 0.0054909906518889381 -0.0071605974818814326 -0.0047942618731550502 0.0071116089107023236
leaf_weight=85 106 135 56 200 105 197 119 99 75 66 50 1061 489 60 184 2570 52 51 741 336 127 2406 216 117 222 290 53 71 116 53
leaf_count=85 106 135 56 200 105 197 119 99 75 66 50 1061 489 60 184 2570 52 51 741 336 127 2406 216 117 222 290 53 71 116 53
internal_value=0 -0.000868788 -0.00042178 0.000844214 0 -0.00137624 0.000131239 0.00089803 -0.00010137 0.00124625 -0.00124276 0.000437122 0.00072237 -0.000921315 0.00145121 -0.000430379 0.0028596 0.00601816 0.00207598 -0.000545067 2.23339e-05 -0.00110496 -0.0028192 0.00457213 0.00171175 -0.00185823 0.00125912 -0.00258118 -0.00176647 0.0034821
internal_weight=10508 1382 1247 661 555 397 9126 2129 6997 1370 341 1893 1794 549 1245 5627 188 103 1029 5439 2697 2742 266 236 963 586 109 477 406 158
internal_count=10508 1382 1247 661 555 397 9126 2129 6997 1370 341 1893 1794 549 1245 5627 188 103 1029 5439 2697 2742 266 236 963 586 109 477 406 158
is_linear=0
shrinkage=0.05


Tree=110
num_leaves=31
num_cat=0
split_feature=8 4 18 1 17 26 2 14 12 9 20 8 4 9 4 6 15 49 3 9 4 15 2 29 6 4 31 45 51 23
split_gain=0.482314 0.821948 0.887799 0.829985 1.12692 0.877514 0.823662 0.828531 0.807224 0.767027 0.797759 0.719909 1.25519 1.06192 0.956931 1.36681 1.95726 1.20502 1.03446 0.978751 0.953139 1.09528 0.94589 1.00096 0.885111 0.870466 1.1616 1.10088 0.823917 0.790682
threshold=-0.77117160930351758 2.9993804676660694 0.035070798102927507 2.0892252758006093 3.9987430771465284 0.065542009694345163 1.0513531122216264 4.114711206580024 -0.7381722815348507 -0.49946522931339071 0.0019054480061073502 -0.022596676758315497 1.0000000180025095e-35 -0.60611350463681168 0.98647399218920051 -0.55231346803963521 3.9868062739364509 1.0000000180025095e-35 1.0200466022620529 -0.34007024029110117 3.4147732957386858 2.1785156380234549 -1.0744373071436575 -0.34650999334959864 2.010271789991791 1.0000582591910869 0.99883613163232965 1.0000000180025095e-35 1.0000000180025095e-35 0.65096449324250971
decision_type=2 2 2 2 2 2 2 2 2 2 2 2 2 2 2 2 2 2 2 2 2 2 2 2 2 2 2 2 2 2
left_child=1 3 -3 4 5 8 9 -8 -1 -5 -11 12 22 -14 18 16 28 -18 24 -20 21 -15 -2 -24 29 27 -27 -17 -16 -13
right_child=11 2 -4 6 -6 -7 7 -9 -10 10 -12 14 13 20 15 25 17 -19 19 -21 -22 -23 23 -25 -26 26 -28 -29 -30 -31
leaf_value=0.004654947587377614 0.0060033809022647447 0.0054933108660091103 -0.0013540715974871467 0.0023259860780435386 0.0067167775150384357 -0.003950344242640143 0.0037774080667444276 -0.0031857231513255642 0.0004862464126128617 -0.0079875144798642692 -0.0017772050328321827 -0.0015239885479367606 -0.0065669816622875195 0.0031122805600331915 0.0010066989698605628 0.0017402310001788759 0.004466524951421671 0.00040390060147797637 -0.0019896733107357457 0.0044273060531112348 -0.0061123005909327188 -0.0013560891842344506 -0.002993636090569976 0.001805434396879425 -0.0071613110402000829 -0.003498103142386846 -0.00011653132248921987 -0.0016602655566403789 -0.004147710982449533 0.0011005859949314728
leaf_weight=149 85 164 65 97 90 86 156 58 542 59 460 1365 99 150 164 1009 602 266 90 170 95 1527 158 346 60 319 1261 310 145 361
leaf_count=149 85 164 65 97 90 86 156 58 542 59 460 1365 99 150 164 1009 602 266 90 170 95 1527 158 346 60 319 1261 310 145 361
internal_value=0 0.000714744 0.00352816 0.000331958 0.00141587 0.00079465 -0.000794287 0.00186624 0.00139292 -0.00172683 -0.00249423 -0.00016077 -0.000883437 -0.00151825 0.000128812 0.000572399 0.00200929 0.00322748 -0.000752434 0.00218691 -0.00123301 -0.000953271 0.00112452 0.00029075 -0.00118323 -9.30758e-06 -0.000802609 0.000937168 -0.00139642 -0.000972119
internal_weight=10508 1926 229 1697 867 777 830 214 691 616 519 8582 2460 1871 6122 4076 1177 868 2046 260 1772 1677 589 504 1786 2899 1580 1319 309 1726
internal_count=10508 1926 229 1697 867 777 830 214 691 616 519 8582 2460 1871 6122 4076 1177 868 2046 260 1772 1677 589 504 1786 2899 1580 1319 309 1726
is_linear=0
shrinkage=0.05


Tree=111
num_leaves=19
num_cat=0
split_feature=13 5 8 2 2 8 10 14 13 30 14 51 0 52 46 5 16 10
split_gain=0.454728 0.787237 0.743262 0.840768 0.782371 0.870084 0.774762 0.882473 0.720824 0.619807 0.603782 0.554268 1.33495 1.36225 0.987592 1.30121 0.892274 0.522309
threshold=23.996526308798625 1.1319061718200703 0.97590009239564723 -0.52391309490314941 -0.15089178006471893 -0.68842226340626478 -0.48789997194367685 2.3371802603208192 23.008479035308028 2.6324779449081164 2.0004804192279839 1.0000000180025095e-35 0.14098591063004298 1.0000000180025095e-35 1.0000000180025095e-35 -0.43515501150592667 1.0000000180025095e-35 0.69723629678415378
decision_type=2 2 2 2 2 2 2 2 2 2 2 2 2 2 2 2 2 2
left_child=8 2 3 6 10 -6 -2 -8 9 11 -5 14 17 -14 16 -16 -1 -13
right_child=1 -3 -4 4 5 -7 7 -9 -10 -11 -12 12 13 -15 15 -17 -18 -19
leaf_value=0.0012105825415725273 -0.0010577299058569646 0.0060501602964448476 0.0050962736076889765 -0.0087545880407002008 0.0056501707705569615 -0.0011841608329337331 0.010022732245054657 0.0007308554978754945 -0.0045687783769761481 0.0054409589574703271 -0.0011547825963248012 -0.001661104163130157 0.00026010427843864935 -0.0034367123820144676 0.0024984066262234749 -0.003761972493464986 -0.00010396056717686369 -0.0047320394480593695
leaf_weight=2113 71 75 82 52 57 252 55 50 89 51 56 583 2736 274 112 312 3302 186
leaf_count=2113 71 75 82 52 57 252 55 50 89 51 56 583 2736 274 112 312 3302 186
internal_value=0 0.00118602 0.00063734 1.15736e-05 -0.00120307 6.17852e-05 0.00291689 0.00565051 -9.14979e-05 -4.9722e-05 -0.00486492 -7.94128e-05 -0.000551601 -7.48585e-05 0.000225335 -0.0020963 0.00040808 -0.0024109
internal_weight=10508 750 675 593 417 309 176 105 9758 9669 108 9618 3779 3010 5839 424 5415 769
internal_count=10508 750 675 593 417 309 176 105 9758 9669 108 9618 3779 3010 5839 424 5415 769
is_linear=0
shrinkage=0.05


Tree=112
num_leaves=31
num_cat=0
split_feature=0 0 17 17 17 17 29 14 12 29 22 3 2 30 1 14 23 1 0 23 0 6 23 29 1 3 2 23 0 12
split_gain=0.450109 0.883134 0.797986 1.72371 1.69573 2.23517 1.12035 0.943652 1.06397 0.804894 0.827184 0.771896 0.727302 0.717052 0.697501 0.894407 0.900007 0.748661 0.725532 0.973207 0.648453 0.953143 0.818398 0.816865 0.811366 0.647084 0.63233 0.585333 0.545314 0.935859
threshold=0.48605161637078836 0.48680507768942355 2.0011858512989225 2.9999692811546179 1.9955975600497167 1.0002211483747809 -1.5916876767016397 4.3212395255784033 0.2011560768743588 1.1616847488074769 4.9744553218112406 0.44012150078324203 2.220685039828723 0.43655100903881744 4.2030452771951117 3.2800138066789839 1.558110646641621 0.99952829236618446 0.078986063827420308 1.0000000180025095e-35 0.62223609707590999 1.4645771226208864 -0.9226344443931811 0.87441831738594245 1.9844981078085089 0.71382240792179907 -0.5131606803719756 -0.15198034413991199 0.96283100583616699 0.74821524836840492
decision_type=2 2 2 2 2 2 2 2 2 2 2 2 2 2 2 2 2 2 2 2 2 2 2 2 2 2 2 2 2 2
left_child=2 26 4 -4 5 9 -6 8 -8 10 -1 20 -11 -9 15 17 -17 -5 19 -16 22 24 -3 -23 -22 -13 -2 -28 29 -27
right_child=1 11 3 14 6 -7 7 13 -10 12 -12 25 -14 -15 18 16 -18 -19 -20 -21 21 23 -24 -25 -26 28 27 -29 -30 -31
leaf_value=-0.00066975630255906523 0.0081330906404654835 -0.0065966409180909643 -0.0035841878618760484 -0.0027830035406022991 -0.0042846606414116417 -0.0032594637043198518 0 0.0061507457242544507 0.0030560998348512312 0.0054516169572696623 0.0013588385091551146 -0.0057683246086726271 -0.0014161669134460184 0.00064178691857423587 0.003382305341030214 -0.0019082949396274471 0.0049647690119575391 0.0013171931832860139 -0.0080022978543023305 -0.0044303928282935136 -0.00011204162441503624 0.0002821173207153606 2.6783590013624597e-06 -0.0058516155625098591 0.0021349918154212394 -0.00040953697741357857 0.0054714878191966972 -0.0020923568515395 -0.0020896116914524243 0.0069062494802623713
leaf_weight=1784 61 63 493 124 78 592 710 194 473 126 699 69 54 88 66 643 51 1035 54 99 587 143 178 86 1245 242 50 51 317 53
leaf_count=1784 61 63 493 124 78 592 710 194 473 126 699 69 54 88 66 643 51 1035 54 99 587 143 178 86 1245 242 50 51 317 53
internal_value=0 0.000500389 -0.000214182 -0.000926372 0.000165523 -0.00048049 0.00153149 0.00184484 0.00121923 0.000135514 -9.66325e-05 0.000303255 0.00336388 0.0044502 -0.000291431 2.13324e-05 -0.00139537 0.000874002 -0.00295941 -0.00127487 0.000742051 0.00103054 -0.00170374 -0.0020011 0.00141231 -0.00117257 0.00409706 0.00160437 -0.00064539 0.000889776
internal_weight=10508 3145 7363 2565 4798 3255 1543 1465 1183 2663 2483 2983 180 282 2072 1853 694 1159 219 165 2302 2061 241 229 1832 681 162 101 612 295
internal_count=10508 3145 7363 2565 4798 3255 1543 1465 1183 2663 2483 2983 180 282 2072 1853 694 1159 219 165 2302 2061 241 229 1832 681 162 101 612 295
is_linear=0
shrinkage=0.05


Tree=113
num_leaves=25
num_cat=0
split_feature=10 20 20 38 11 23 0 6 30 24 5 10 11 12 10 22 10 8 14 8 35 35 33 21
split_gain=0.444038 0.474964 1.84648 0.638487 0.7651 1.59435 1.0909 0.671733 0.883442 0.725053 0.552601 0.89686 1.56516 0.709001 0.67789 0.615118 0.592346 0.888045 0.592432 0.386092 0.362248 0.435603 0.264288 0.128684
threshold=2.4423532339146643 1.0000000180025095e-35 0.9939756296395621 1.0000000180025095e-35 0.32650262320318724 -0.20040091119345463 -1.7043795702481404 1.0421919260035608 0.27371186789599861 0.99782258833717463 -0.4091402395464776 0.78677924090855555 -0.75805578342709878 0.33443662217113584 -0.63928907578054894 4.126054614083551 0.21283397389483785 0.42046960557497998 1.4403499564651174 0.088124823568520111 0.98936791663484891 0.0043935834348633506 0.19712877719966312 0.8209893785041501
decision_type=2 2 2 2 2 2 2 2 2 2 2 2 2 2 2 2 2 2 2 2 2 2 2 2
left_child=1 10 20 4 6 -6 -4 9 -9 -5 11 12 -1 -14 15 19 17 -16 -18 -12 21 22 -3 -23
right_child=-2 2 3 7 5 -7 -8 8 -10 -11 14 -13 13 -15 16 -17 18 -19 -20 -21 -22 23 -24 -25
leaf_value=-0.006152537071135041 -0.0043593713170536211 -0.0039644084366908094 -0.0035470713478909992 -0.00070169589914719096 0.002331289291323846 -0.00014332650760907797 9.3875180631502463e-05 -0.0054208318562135663 0.0015903290561752788 0.0037318888361876842 -0.0058416070013668098 -0.0051309571994577101 0.0061755218412864231 -9.0340561223374379e-05 0.0064712122897005167 0.0032163890262403671 -0.0022997095051780774 0 0.0025344516050405407 0 -0.005434325965907344 0.00094318934979528582 -0.00039646108670668922 -0.0013492182937239142
leaf_weight=59 58 274 216 1288 1204 1409 4260 154 62 99 60 84 95 83 171 58 87 75 226 54 96 91 68 177
leaf_count=59 58 274 216 1288 1204 1409 4260 154 62 99 60 84 95 83 171 58 87 75 226 54 96 91 68 177
internal_value=0 2.38741e-05 -8.842e-05 0.000110782 0.000315067 0.000995042 -8.07856e-05 -0.00078948 -0.00338543 -0.000381389 0.00103171 -0.000686215 0.000869548 0.00322732 0.00179293 -0.000930171 0.00263977 0.00448256 0.0011745 -0.00308462 -0.00254766 -0.00208436 -0.00326993 -0.000552115
internal_weight=10508 10450 9398 8692 7089 2613 4476 1603 216 1387 1052 321 237 178 731 172 559 246 313 114 706 610 342 268
internal_count=10508 10450 9398 8692 7089 2613 4476 1603 216 1387 1052 321 237 178 731 172 559 246 313 114 706 610 342 268
is_linear=0
shrinkage=0.05


Tree=114
num_leaves=21
num_cat=0
split_feature=12 10 16 5 25 3 27 10 8 35 40 13 3 12 29 17 6 51 6 3
split_gain=0.431797 0.850506 0.481827 0.751466 0.94585 0.842447 0.671724 0.783606 0.531834 0.823186 0.583769 0.77259 0.719955 0.66318 0.609591 0.515476 0.402041 0.396377 0.363564 0.282094
threshold=-2.0255147750730971 -0.38798982475873406 2.9798674223998245 -0.68016295023389473 1.0000000180025095e-35 0.5656680049663888 0.2965228739287748 0.86467061488956198 -2.2332588971772456 0.031835953056180206 1.0000000180025095e-35 22.770095492271412 2.7877794553779736 -1.8469902564040546 1.5303237172315616 2.146099148060387 -0.2728475850433249 1.0000000180025095e-35 -0.015914566364113297 0.14974252036532057
decision_type=2 2 2 2 2 2 2 2 2 2 2 2 2 2 2 2 2 2 2 2
left_child=1 -1 8 16 5 17 18 -8 9 -2 12 14 13 -10 -12 -13 -4 -5 -6 -3
right_child=2 19 3 4 6 -7 7 -9 10 -11 11 15 -14 -15 -16 -17 -18 -19 -20 -21
leaf_value=-0.0020076182737695015 0.0064028401400174342 0.006735812120981584 0.0014676824811150537 0.0055258781810123246 -0.0064421863678086905 -0.0022597813249820801 0.0055002047692164933 -0.0032315793408922953 -0.0045059813844391949 -0.0016062626880275124 -0.0008675374898833093 -0.0057476081323139874 0.0043366599786931635 -1.4974308764474233e-05 0.0046439034799954032 -0.00018643513539578712 0.007383904991214673 0.0011170735341495684 -0.00096438206082671222 0.0017359230511202783
leaf_weight=71 76 76 54 138 79 74 51 51 83 54 1217 135 94 7883 52 63 68 86 53 50
leaf_count=71 76 76 54 138 79 74 51 51 83 54 1217 135 94 7883 52 63 68 86 53 50
internal_value=-1.79233e-08 0.00231772 -4.48072e-05 0.00126776 0.000445396 0.00232088 -0.00192165 0.00108645 -0.000134228 0.00303887 -0.000178082 -0.00109549 -1.04727e-05 -6.2451e-05 -0.000637406 -0.00400437 0.00480955 0.00385678 -0.00428301 0.00479433
internal_weight=10508 197 10311 654 532 298 234 102 9657 130 9527 1467 8060 7966 1269 198 122 224 132 126
internal_count=10508 197 10311 654 532 298 234 102 9657 130 9527 1467 8060 7966 1269 198 122 224 132 126
is_linear=0
shrinkage=0.05


Tree=115
num_leaves=31
num_cat=0
split_feature=31 31 17 11 6 22 10 29 17 12 14 2 17 2 51 50 30 14 2 11 57 10 7 5 35 35 23 29 33 21
split_gain=0.419611 3.76237 1.56388 1.52885 1.08271 0.908911 1.11811 0.891285 0.857161 1.54849 0.801116 0.931514 0.82382 1.38933 0.919844 0.808919 0.857718 0.84409 0.767012 0.849719 0.912963 0.710106 0.651303 0.615742 0.498237 0.982677 0.303035 0.73137 0.252157 0.207765
threshold=1.0000000180025095e-35 0.99883613163232965 1.0000000180025095e-35 -1.4259934586600904 0.52858542726121194 4.2710136600325646 0.010833223425180801 2.0594524577556199 0.99833302829423731 -1.3767312236978875 7.1050000000000013 -0.26797622237167912 3.0380050744720326 1.1955913606393722 1.0000000180025095e-35 1.0000000180025095e-35 0.54805244828608124 3.9492373842713415 -0.92645473800209122 1.0808550927864808 1.0000000180025095e-35 0.76298385804910518 0.090389484900197367 -0.028590902978341649 0.99944630601664541 0.0043935834348633506 -0.24914664610474854 -0.14741286698425896 0.033893044064204209 0.99048752048291389
decision_type=2 2 2 2 2 2 2 2 2 2 2 2 2 2 2 2 2 2 2 2 2 2 2 2 2 2 2 2 2 2
left_child=8 24 4 26 5 6 -3 21 9 -1 12 22 15 14 -14 17 -17 -10 23 20 -20 -5 -12 -11 25 28 -4 -28 -2 -27
right_child=1 2 3 7 -6 -7 -8 -9 10 18 11 -13 13 -15 -16 16 -18 -19 19 -21 -22 -23 -24 -25 -26 29 27 -29 -30 -31
leaf_value=-0.008122317649732395 -0.0051155975300120433 0.0086064207950719059 0.006629397532062143 -0.00086560503538758628 0.009261925380342189 -0.0022435055398734027 0.00025590962777406718 0.0058813726634477093 0.00046796396331277981 -0.00029856527721039715 0.0037067768896064525 0.0063907844724301263 0.0011448730394029373 -0.0066379102863082769 -0.0022756484033951713 -0.0033422018361069479 0.0038670941982827259 0.0022873831094206692 -0.0030437378291051612 0.0051255879508169564 0.00089528594376765214 0.0011976376152280938 -0.0041699754572408409 -0.006308251461484316 -0.00679941651213164 0.00060758862437940186 0.0066095731938998056 -0.0015948673350676867 -0.0022584784852102283 -0.001917260269529517
leaf_weight=73 335 78 84 1988 70 78 85 57 3404 82 55 121 455 98 345 222 50 788 221 77 437 526 50 93 94 144 54 53 110 181
leaf_count=73 335 78 84 1988 70 78 85 57 3404 82 55 121 455 98 345 222 50 788 221 77 437 526 50 93 94 144 54 53 110 181
internal_value=-8.92969e-09 -0.000408672 0.000409489 2.91144e-05 0.00377044 0.00215148 0.00428534 -0.000289762 0.000244082 -0.00111587 0.000484225 0.00340226 0.000360241 -0.00101934 -0.000324078 0.000638902 -0.00199765 0.000811212 -0.000547488 0.000154458 -0.000420363 -0.000431897 0 -0.00352262 -0.00332413 -0.00289256 0.00434549 0.00250131 -0.00442124 -0.000783335
internal_weight=10508 3937 3073 2762 311 241 163 2571 6571 983 5588 226 5362 898 800 4464 272 4192 910 735 658 2514 105 175 864 770 191 107 445 325
internal_count=10508 3937 3073 2762 311 241 163 2571 6571 983 5588 226 5362 898 800 4464 272 4192 910 735 658 2514 105 175 864 770 191 107 445 325
is_linear=0
shrinkage=0.05


Tree=116
num_leaves=24
num_cat=0
split_feature=15 15 16 16 1 6 5 17 8 11 14 15 11 17 10 13 13 10 9 25 25 22 29
split_gain=0.4157 0.52797 0.969546 2.49951 0.96613 1.04038 1.20358 0.946807 0.93236 1.09803 0.910197 0.823669 0.986173 0.675918 0.60917 1.46839 1.02343 0.483997 0.464877 0.375425 0.581988 0.221635 0.181657
threshold=1.0000000180025095e-35 3.9868062739364509 0.0074517921751326007 0.98972619626829872 4.9954634604858557 -0.83048487983839447 0.67227598225191876 4.9992858284604127 -2.1078829216025663 1.916767187180666 6.3732018913059614 6.9969080886795529 0.58011876648189675 2.0335674660142495 0.40703553954529698 19.178190088730343 18.041124534427357 0.40703553954529698 -0.33479524287537754 0.017156789767456552 0.99973034052983667 4.0103656635793259 -0.049080292150414491
decision_type=2 2 2 2 2 2 2 2 2 2 2 2 2 2 2 2 2 2 2 2 2 2 2
left_child=-1 4 7 19 5 14 10 11 22 -10 -7 12 -3 -8 16 -16 -2 -6 -13 21 -21 -4 -5
right_child=1 2 3 8 17 6 13 -9 9 -11 -12 18 -14 -15 15 -17 -18 -19 -20 20 -22 -23 -24
leaf_value=0.0040783149017779912 0.0016496906977253433 -0.00023736239609352616 -0.0064937437756291379 0.0070689617027847526 0.0052295316191092065 -0.0013111974070583827 0.00395889417535696 0.0063525914244099884 -4.2884568636962175e-05 0.0044859496771305655 0.0048613602880406498 0.0075525976699760723 0.0026415356225041706 -0.00064443377843247671 -0.0090428848634363217 0.0012143650849453682 -0.004379719550992426 -4.0877300169512376e-05 0.0022567897446114662 -0.00010586619737171261 -0.005535965364853567 -0.0031481383187806425 0.002599432301928778
leaf_weight=62 124 1103 137 51 98 1394 215 85 5570 137 62 63 406 124 105 51 160 75 134 131 81 90 50
leaf_count=62 124 1103 137 51 98 1394 215 85 5570 137 62 63 406 124 105 51 160 75 134 131 81 90 50
internal_value=0 -2.46803e-05 0.000169384 -0.000123926 -0.000674531 -0.000954895 -0.000417507 0.00119519 0.00015024 6.50334e-05 -0.00104461 0.000934938 0.000534022 0.00226064 -0.00313524 -0.00565889 -0.00172991 0.00291708 0.00397871 -0.00376175 -0.00220578 -0.00519128 0.00491054
internal_weight=10508 10446 8038 6247 2408 2235 1795 1791 5808 5707 1456 1706 1509 339 440 156 284 173 197 439 212 227 101
internal_count=10508 10446 8038 6247 2408 2235 1795 1791 5808 5707 1456 1706 1509 339 440 156 284 173 197 439 212 227 101
is_linear=0
shrinkage=0.05


Tree=117
num_leaves=21
num_cat=0
split_feature=13 29 29 3 10 30 29 14 13 30 10 5 2 48 29 12 46 3 12 14
split_gain=0.413268 0.742918 0.957624 1.00931 0.933387 0.72845 0.629708 0.814788 0.575178 0.551095 0.533819 0.483943 0.844471 0.625163 0.586308 1.01783 0.517708 0.454244 0.548242 0.45316
threshold=23.996526308798625 -0.3723379801924584 0.2647523619314211 -0.58937472905431321 0.65814016773790873 0.50768759312128764 0.071107811337424068 2.5153904573555903 23.008479035308028 2.6324779449081164 -0.48789997194367685 -1.8657841697997417 -0.8990981841428588 1.0000000180025095e-35 1.7498616053958715 0.24868839241448029 1.0000000180025095e-35 0.43975276555098036 0.40926984427491747 2.6501664877676485
decision_type=2 2 2 2 2 2 2 2 2 2 2 2 2 2 2 2 2 2 2 2
left_child=8 10 4 -4 6 19 7 -3 9 11 -2 12 -1 -14 16 -16 -13 18 -12 -5
right_child=1 2 3 5 -6 -7 -8 -9 -10 -11 17 14 13 -15 15 -17 -18 -19 -20 -21
leaf_value=0.0066763315301989028 0 -0.0064174704564622506 0.0068254046600011503 -0.00057201236305999873 0.0034423849415630386 -0.0051059151557692429 -0.0088605740198683374 0.0014398142399821704 -0.0040868837943490851 0.0051273446528281134 0.0060088552993901208 -0.00011442965233533448 -0.0021410035690820287 0.0027486892913426604 0.0042837943396416374 -0.0011102785655273035 -0.0015460734571802223 0.0083348597069126101 -0.00067373866650796482 0.0055865280008419007
leaf_weight=70 87 61 78 67 53 50 50 70 89 51 66 8250 121 141 194 157 685 61 55 52
leaf_count=70 87 61 78 67 53 50 50 70 89 51 66 8250 121 141 194 157 685 61 55 52
internal_value=0 0.0011306 -3.6098e-05 0.00212438 -0.00233789 -1.85114e-05 -0.00405903 -0.00218289 -8.72885e-05 -4.99145e-05 0.0032346 -7.79401e-05 0.00179637 0.00047144 -0.000145509 0.00185719 -0.000224762 0.00477387 0.00293198 0.00207956
internal_weight=10508 750 481 247 234 169 181 131 9758 9669 269 9618 332 262 9286 351 8935 182 121 119
internal_count=10508 750 481 247 234 169 181 131 9758 9669 269 9618 332 262 9286 351 8935 182 121 119
is_linear=0
shrinkage=0.05


Tree=118
num_leaves=29
num_cat=0
split_feature=7 43 14 11 51 32 8 27 17 17 17 17 17 8 29 3 17 17 45 21 5 8 5 0 21 11 7 27
split_gain=0.402285 0.396335 0.871509 1.07126 0.761327 0.747302 0.818709 0.63221 0.595614 2.84263 1.21849 2.16558 0.947207 0.849194 0.87287 0.77095 0.75229 1.81833 0.707297 0.567929 0.514324 0.616812 0.481145 0.469191 0.449818 0.421527 0.393724 0.217814
threshold=-1.4384072874673663 1.0000000180025095e-35 1.4004572925177132 0.24584334640806907 1.0000000180025095e-35 0.010381139375095201 1.0000000180025095e-35 0.99952829236618446 1.9955975600497167 1.0002211483747809 2.0011858512989225 2.9999692811546179 3.000050210194213 1.4478581490021203 0.22402702033360497 -0.41520170081751023 0.99833302829423731 1.0000000180025095e-35 1.0000000180025095e-35 1.0000000180025095e-35 -0.21007567092718141 0.67151013361610112 -0.060415430747103344 -0.39728207209049088 0.97430016920923213 -0.46856372347615299 -0.072067405552894495 0.0043618569133836013
decision_type=2 2 2 2 2 2 2 2 2 2 2 2 2 2 2 2 2 2 2 2 2 2 2 2 2 2 2 2
left_child=-1 8 3 7 5 6 -4 23 9 16 13 27 -13 15 -15 -10 17 -2 -18 -11 25 -22 -5 -3 -21 -6 -7 -12
right_child=1 2 4 22 20 26 -8 -9 10 19 11 12 -14 14 -16 -17 18 -19 -20 24 21 -23 -24 -25 -26 -27 -28 -29
leaf_value=0.0044252364500744707 0.00052036265282357841 -0.0067697348324732209 0.00058945630131279647 0.0042507294019585784 -0.0076665135003955269 0.00096345642412419693 0.0059847520588381014 -0.010334476553005716 0.0022165444667028088 -0.0079561139565531274 -0.004488977963631899 0.0013507540024012407 -0.00053921927105030044 0.0020427832774265004 0.0097254396329575585 0.00018342484655690358 0.001291322920659612 -0.0034001014351933527 -0.00087990640208805693 -0.0010812612347269417 0.0013625378842941692 -0.0047998340063609615 -0.0024936619566756947 -0.00080012717489257945 -0.0038894749185490324 -0.0019284253333767031 -0.0050942542399034689 -0.0022878912798205255
leaf_weight=51 947 65 182 51 52 50 117 51 837 61 210 1291 1358 105 59 1066 1656 429 482 234 162 54 54 71 390 92 55 276
leaf_count=51 947 65 182 51 52 50 117 51 837 61 210 1291 1358 105 59 1066 1656 429 482 234 162 54 54 71 390 92 55 276
internal_value=0 -2.19465e-05 -0.000940718 -0.0032639 -4.59452e-05 0.0014371 0.00271867 -0.00553549 8.07347e-05 -0.000361582 0.000438729 -0.000181231 0.000379995 0.0013814 0.00484138 0.00108035 0.000211493 -0.000698458 0.000799475 -0.00330831 -0.00172407 -0.000156426 0.000735539 -0.00369286 -0.00284475 -0.00403909 -0.00216388 -0.00324999
internal_weight=10508 10457 1056 292 764 404 299 187 9401 4199 5202 3135 2649 2067 164 1903 3514 1376 2138 685 360 216 105 136 624 144 105 486
internal_count=10508 10457 1056 292 764 404 299 187 9401 4199 5202 3135 2649 2067 164 1903 3514 1376 2138 685 360 216 105 136 624 144 105 486
is_linear=0
shrinkage=0.05


Tree=119
num_leaves=22
num_cat=0
split_feature=10 39 37 10 17 13 13 9 17 10 8 30 30 30 14 9 57 27 17 21 35
split_gain=0.408168 0.4254 0.742314 0.843584 0.984911 0.813677 0.786503 0.766877 0.692602 0.87037 0.840246 0.854652 0.733893 1.8131 1.01009 1.15972 0.66753 0.637339 0.581176 0.25171 0.16978
threshold=2.4423532339146643 1.0000000180025095e-35 1.0000000180025095e-35 0.16338693762223927 1.029011093314401 13.080929178991195 18.159207523276272 -0.36233692723811811 4.9992858284604127 -0.70456691242502223 -0.35481192954921759 0.46350232596756191 -1.4026254290491655 -0.98761927137592953 1.2796092851861387 -0.3221597257535298 1.0000000180025095e-35 0.0043618569133836013 3.0380050744720326 0.99988648089087229 0.031835953056180206
decision_type=2 2 2 2 2 2 2 2 2 2 2 2 2 2 2 2 2 2 2 2 2
left_child=1 8 3 5 6 -3 -5 -7 12 -10 -11 -12 14 20 16 -16 -1 -6 -15 -4 -14
right_child=-2 2 19 4 17 7 -8 -9 9 10 11 -13 13 18 15 -17 -18 -19 -20 -21 -22
leaf_value=-0.0060290646723068653 -0.0041796270155198814 0.0056757267327115207 -0.0018192843907114892 0.0045899422801038738 -0.0065936638353151682 0.0027061978633012972 -0.0020512530681475074 -0.0011170767496581891 -0.0024622809310760672 0.0075770223325099615 0.0037552538363960714 -0.0033787054735077179 -0.0051132503251997696 0.00021347295160595447 -0.00070168707274475802 0.0037597621099637519 0.0003738650819077136 -0.0019836392750796749 -0.001221083342347488 -0.0063059431130277682 -0.00268823440430274
leaf_weight=63 58 76 61 90 102 198 87 387 76 89 147 58 142 6750 211 458 111 305 788 74 177
leaf_count=63 58 76 61 90 102 198 87 387 76 89 147 58 142 6750 211 458 111 305 788 74 177
internal_value=0 2.28457e-05 -0.000794406 -0.000407944 -0.00179512 0.000810165 0.00129808 0.00016865 0.000147749 0.00226649 0.00350632 0.00171182 5.70421e-05 -9.27888e-05 0.00145929 0.00234527 -0.00191785 -0.00315259 6.28312e-05 -0.00431849 -0.00378464
internal_weight=10508 10450 1380 1245 584 661 177 585 9070 370 294 205 8700 7857 843 669 174 407 7538 135 319
internal_count=10508 10450 1380 1245 584 661 177 585 9070 370 294 205 8700 7857 843 669 174 407 7538 135 319
is_linear=0
shrinkage=0.05


Tree=120
num_leaves=27
num_cat=0
split_feature=47 13 12 5 0 6 2 21 7 13 29 9 1 35 1 10 12 29 14 14 29 21 11 5 5 45
split_gain=0.374208 0.521896 0.70193 0.877127 0.679241 0.835772 1.41552 1.03961 0.72126 0.544271 0.57217 1.10398 1.01993 1.00058 0.886861 0.73114 0.499472 0.489768 0.60333 0.968564 0.81609 1.00827 0.563258 0.451382 0.438609 0.173918
threshold=1.0000000180025095e-35 14.00218444525056 1.1552167356812204 -0.11479523828861719 -1.415212120631494 -0.052608316564493045 0.70763904736537186 0.99988648089087229 -0.15059817899837016 14.974318478100129 1.0412406868803692 -0.61782708886753224 3.0011858512989225 0.98294537566959572 2.999984640577309 0.16338693762223927 1.5594245578416002 -1.5916876767016397 1.5101401298790933 1.3430158026641055 -0.7941950986258387 0.97430016920923213 1.5818850718036408 0.39182081032581761 -0.57439014916593056 1.0000000180025095e-35
decision_type=2 2 2 2 2 2 2 2 2 2 2 2 2 2 2 2 2 2 2 2 2 2 2 2 2 2
left_child=1 2 4 -4 8 7 -7 -6 -1 25 12 -12 14 -14 -11 -13 17 -2 19 24 21 -20 -22 -5 -19 -3
right_child=16 9 3 23 5 6 -8 -9 -10 10 11 15 13 -15 -16 -17 -18 18 20 -21 22 -23 -24 -25 -26 -27
leaf_value=-0.0065788065102617855 -0.0054115915470219602 -0.0053972135398807977 -0.0060296350458585489 0.0042683300199144979 -0.0017804334862623191 0.005095858738100232 -0.0017483269160346777 0.0020381935615424746 0.0015333689295411272 -0.00023601277996150734 -0.0059728445271996023 0.0029505329304547571 -0.0025703416864426235 0.0011848461607174982 0.001318797378495441 7.7056990318031358e-05 0.0032172582291702745 -0.0041709078231501337 -0.0022406469665104964 -0.0075760006097179786 -0.0010505908229532222 0.0055820208071749346 0.0039866485593559979 -0.0021641183178026748 -9.4209897757363179e-05 -0.0012944798406411713
leaf_weight=53 58 59 76 53 267 326 97 531 55 4169 51 462 732 232 1175 432 77 91 61 73 840 122 59 55 249 53
leaf_count=53 58 59 76 53 267 326 97 531 55 4169 51 462 732 232 1175 432 77 91 61 73 840 122 59 55 249 53
internal_value=-4.53472e-08 0.000127331 0.000973255 -0.00190902 0.00137618 0.00171479 0.00351453 0.000754205 -0.00240376 -4.57799e-05 6.96789e-06 0.00115493 -0.000164231 -0.00166139 0.00010493 0.00156776 -0.00069685 -0.000894331 -0.000715385 -0.00234143 -8.99447e-05 0.00294736 -0.000714037 0.000947321 -0.00120093 -0.00350323
internal_weight=10508 8878 1513 184 1329 1221 423 798 108 7365 7253 945 6308 964 5344 894 1630 1553 1495 413 1082 183 899 108 340 112
internal_count=10508 8878 1513 184 1329 1221 423 798 108 7365 7253 945 6308 964 5344 894 1630 1553 1495 413 1082 183 899 108 340 112
is_linear=0
shrinkage=0.05


Tree=121
num_leaves=25
num_cat=0
split_feature=10 39 11 19 3 30 8 10 10 17 11 2 30 30 8 14 2 5 23 3 13 13 2 33
split_gain=0.366555 0.381069 0.811434 1.11439 1.37221 0.957841 1.05734 0.711839 0.778105 0.614061 0.942802 1.54146 0.652493 1.61488 0.917995 0.893754 0.848007 0.651526 0.580432 0.541109 0.523433 0.477939 0.261326 0.158525
threshold=2.4423532339146643 1.0000000180025095e-35 -0.59041378669522704 0.17419333331665152 -0.70052607890133356 -0.99697780186175056 0.30932228734206541 0.21393413796114205 0.54341513787558215 4.9992858284604127 -0.088952629691505886 -0.46098246993500164 -1.4026254290491655 -0.98761927137592953 0.10569676550259771 1.2796092851861387 -0.5131606803719756 -0.2972179997211602 -0.68827658024923977 2.4440909835234916 15.001428343079178 17.591334653312042 -0.070969326664695034 0.010231950675097952
decision_type=2 2 2 2 2 2 2 2 2 2 2 2 2 2 2 2 2 2 2 2 2 2 2 2
left_child=1 9 3 -3 -5 6 -4 18 -9 12 11 -11 14 23 15 -1 -16 -12 -7 -15 -6 -13 -19 -14
right_child=-2 2 5 4 20 7 -8 8 -10 10 17 21 13 19 16 -17 -18 22 -20 -21 -22 -23 -24 -25
leaf_value=-0.0012915257636757498 -0.0039610962000340482 -0.0073986180807102953 0 0.0046663109263958306 0.0012774975712693663 -0.000236697403596665 -0.0086123512072633322 -0.0040634779435206663 0.00067109232549850215 0.0056648792477587331 0.00036875022731653776 -0.00096468216599345001 -0.0041040350041924344 5.9482792496179138e-07 0.002916935173461348 0.0037992754981345136 -0.0024373991055483381 0.0087259334567314304 0.0033796294941812743 0.0031270149461581813 -0.004465258102861306 -0.0076847584885335486 0.0040249468998656565 -0.0010848550824849206
leaf_weight=108 58 95 80 75 50 178 63 131 253 63 66 59 261 7397 110 402 223 69 284 141 171 51 62 58
leaf_count=108 58 95 80 75 50 178 63 131 253 63 66 59 261 7397 110 402 223 69 284 141 171 51 62 58
internal_value=-1.49218e-07 2.13942e-05 -0.000752074 -0.00268006 -0.00114679 5.29167e-06 -0.00377285 0.000650193 -0.000931707 0.000139636 0.00213465 -0.000532929 5.41918e-05 -8.70514e-05 0.0013764 0.00271138 -0.000653345 0.0045017 0.00197576 5.97792e-05 -0.00314339 -0.00412992 0.00654395 -0.00357127
internal_weight=10508 10450 1380 391 296 989 143 846 384 9070 370 173 8700 7857 843 510 333 197 462 7538 221 110 131 319
internal_count=10508 10450 1380 391 296 989 143 846 384 9070 370 173 8700 7857 843 510 333 197 462 7538 221 110 131 319
is_linear=0
shrinkage=0.05


Tree=122
num_leaves=29
num_cat=0
split_feature=15 15 11 14 22 29 44 16 16 23 30 6 8 8 38 8 11 36 44 19 29 29 13 13 25 25 22 29
split_gain=0.36447 0.432908 0.907755 1.01613 0.930459 1.00159 0.898409 0.833064 2.00522 0.973764 1.06203 1.04547 0.963818 1.10089 1.02905 0.818065 0.952483 0.785908 0.768548 1.15308 0.989313 0.861605 0.81783 1.15243 0.337823 0.505714 0.197197 0.154378
threshold=1.0000000180025095e-35 3.9868062739364509 -0.0051184025747257984 0.82103902672249263 3.997867226025662 -1.4840607490421875 1.0000000180025095e-35 0.0074517921751326007 0.98972619626829872 -0.68827658024923977 -0.5653545488842191 -0.43625953024355468 0.053972543471066954 -0.7985997232867984 1.0000000180025095e-35 -2.1078829216025663 1.916767187180666 1.0000000180025095e-35 1.0000000180025095e-35 1.0000000180025095e-35 1.384253440391394 -0.24178895475356707 14.974318478100129 18.001408823048529 0.017156789767456552 0.99973034052983667 4.0103656635793259 -0.049080292150414491
decision_type=2 2 2 2 2 2 2 2 2 2 2 2 2 2 2 2 2 2 2 2 2 2 2 2 2 2 2 2
left_child=-1 2 18 -4 6 -6 -5 9 24 12 11 -11 13 -3 -14 27 -17 -12 22 21 -21 -20 -2 -24 26 -26 -9 -10
right_child=1 7 3 4 5 -7 -8 8 15 10 17 -13 14 -15 -16 16 -18 -19 19 20 -22 -23 23 -25 25 -27 -28 -29
leaf_value=0.0038185752445348991 -0.0042381810803927399 0.00198698088657611 0.0052354826418989312 0.002866977129842083 -0.0055868544946090304 0.0012736626099246384 -0.0042470093693851426 -0.0059616478331579199 0.0065805459119846095 0.0037389030972161566 0.0051437480321119469 -0.0030089368281035239 0.0034705555422535634 -0.002520879326518398 -0.0037641039586983715 -5.428041921826957e-05 0.0041638249750802726 0.0013952699341903596 0.006215444924203152 -0.0036252442330427879 0.0034729493866051636 -0.0013214217631808967 0.0055401644936490073 -0.0010617898070575229 0 -0.0050044595364954342 -0.0028030369452131838 0.0024404836556467108
leaf_weight=62 72 195 99 56 57 745 201 137 51 93 329 149 278 437 59 5570 137 251 61 699 52 98 115 153 131 81 90 50
leaf_count=62 72 195 99 56 57 745 201 137 51 93 329 149 278 437 59 5570 137 251 61 699 52 98 115 153 131 81 90 50
internal_value=-1.04752e-07 -2.32847e-05 -0.000611768 0.0003934 -5.49897e-05 0.0007792 -0.00267692 0.000152395 -0.000119438 0.00110329 0.00236908 -0.000394633 2.42354e-05 -0.001122 0.00218838 0.000126039 4.61728e-05 0.0035307 -0.00154691 -0.00230561 -0.0031267 0.00154074 0.000469097 0.0017535 -0.00337779 -0.00190143 -0.00473314 0.00458491
internal_weight=10508 10446 2408 1158 1059 802 257 8038 6247 1791 822 242 969 632 337 5808 5707 580 1250 910 751 159 340 268 439 212 227 101
internal_count=10508 10446 2408 1158 1059 802 257 8038 6247 1791 822 242 969 632 337 5808 5707 580 1250 910 751 159 340 268 439 212 227 101
is_linear=0
shrinkage=0.05


Tree=123
num_leaves=31
num_cat=0
split_feature=42 17 6 6 2 17 32 9 22 5 2 22 12 6 2 23 22 50 5 15 11 9 14 3 11 3 10 32 9 17
split_gain=0.344664 0.839992 0.597345 1.36075 0.659151 0.591117 0.846626 1.24136 0.965035 0.965852 0.943472 0.962351 0.763392 0.923159 1.33358 1.07614 0.957853 0.868971 0.909475 0.835971 0.825018 0.692036 0.684548 0.645074 1.00566 0.825358 0.595245 0.496469 0.490708 0.41486
threshold=1.0000000180025095e-35 3.9987430771465284 2.0678377722947352 0.47570642293293786 -0.26585671196784283 3.0380050744720326 0.99967515023610021 -0.25034884069293756 3.0127419921088556 -0.25527862577580718 -0.75278865999798172 4.0433029743178981 0.40926984427491747 0.15997611989857102 -1.1412564643123078 -0.27701891376373056 2.1012731595405452 1.0000000180025095e-35 -0.61997793171894888 1.086436910549234 0.91491263361532782 -0.30279486580870912 3.1784633448669091 0.44012150078324203 -1.5089739513391567 0.43975276555098036 0.76298385804910518 0.96929529582064344 -0.41768779512601212 1.0205700559797268
decision_type=2 2 2 2 2 2 2 2 2 2 2 2 2 2 2 2 2 2 2 2 2 2 2 2 2 2 2 2 2 2
left_child=5 2 3 27 -5 12 8 22 9 -7 11 -10 17 16 15 -15 -14 23 -19 -18 -16 -20 -8 25 -25 -1 -12 28 -2 -29
right_child=1 -3 -4 4 -6 6 7 -9 10 -11 26 -13 13 14 20 -17 19 18 21 -21 -22 -23 -24 24 -26 -27 -28 29 -30 -31
leaf_value=0.0002046788679919354 -0.0039601624312141873 0.003393747361774003 -0.0064814325544737782 0.0063478448006771245 0.00050670051614568523 -0.0026412540447602766 0.0022767024368625551 0.008296611622334962 0.0039599142598116793 0.0052916319995252731 -0.0020576168492514187 -0.0028247171193141211 0.0073150595306482151 0.00053524024695908575 0.0012452688882189599 -0.0084472310376296419 0.0068855296898128028 0.0032589380429912281 -0.0017662958390680661 0.0011667257569258919 -0.0033836540059202034 -0.0070200605096293655 -0.005080809122036972 0.005938280639539377 -0.0012171365360043871 0.0029801663287973832 -0.0054714089812565141 0.0043236647978387209 -0.001316409949632143 -0.001386622700912409
leaf_weight=3443 251 112 50 80 127 62 85 58 118 98 589 93 72 54 606 83 67 55 172 1563 114 102 50 51 1151 291 167 59 618 67
leaf_count=3443 251 112 50 80 127 62 85 58 118 98 589 93 72 54 606 83 67 55 172 1563 114 102 50 51 1151 291 167 59 618 67
internal_value=-9.1895e-09 -0.000741881 -0.00111608 -0.000888212 0.00279027 0.000110115 -0.00086767 0.00218142 -0.00139441 0.00218668 -0.00199228 0.000945925 0.000275727 0.000984259 -0.000349231 -0.00487242 0.00165862 -6.77107e-05 -0.00255594 0.00140527 0.000505045 -0.00374217 -0.000413036 9.71732e-05 -0.000908909 0.000422393 -0.00281896 -0.00165871 -0.00208615 0.0012489
internal_weight=10508 1364 1252 1202 207 9144 1320 193 1127 160 967 211 7824 2559 857 137 1702 5265 329 1630 720 274 135 4936 1202 3734 756 995 869 126
internal_count=10508 1364 1252 1202 207 9144 1320 193 1127 160 967 211 7824 2559 857 137 1702 5265 329 1630 720 274 135 4936 1202 3734 756 995 869 126
is_linear=0
shrinkage=0.05


Tree=124
num_leaves=18
num_cat=0
split_feature=13 5 18 8 12 30 10 12 30 13 5 8 8 1 13 7 3
split_gain=0.357863 0.731777 0.690617 0.68573 0.693139 0.773266 0.755652 0.613495 0.491691 0.442212 0.423697 0.811477 1.1229 0.461229 0.632518 0.617131 0.272031
threshold=23.996526308798625 -1.4953728121906262 0.19359828201484278 0.75401350876362672 -0.40246366897196334 -0.55129806481590549 0.71380403724997066 -0.26708566240240733 2.6324779449081164 23.008479035308028 -1.8657841697997417 0.75401350876362672 0.088417022210149618 0.93253377071626808 14.00218444525056 -0.88591514674211258 0.028546761340374701
decision_type=2 2 2 2 2 2 2 2 2 2 2 2 2 2 2 2 2
left_child=8 -2 3 4 5 -3 -6 -4 9 10 11 12 -1 15 -15 -12 -9
right_child=1 2 7 -5 6 -7 -8 16 -10 -11 13 -13 -14 14 -16 -17 -18
leaf_value=0.0024244687687704557 -0.0043665470024929652 -0.0046823961197585825 0.0027529576457140438 0.0063334235936836738 0.0014326478106840815 0.0030238921459115192 0.0072586527150253141 -0.0010459105008502295 0.0048083487699453501 -0.0036149837069869815 0.0015363029853364401 0.0072285624064620038 -0.0048894794484448979 0.00088786040961533793 -0.00023087567013189335 -0.0018936681327513241 -0.0063754972364166067
leaf_weight=207 57 78 56 91 238 55 74 51 51 89 160 55 70 1547 6885 694 50
leaf_count=207 57 78 56 91 238 55 74 51 51 89 160 55 70 1547 6885 694 50
internal_value=0 0.00105203 0.00150549 0.00236313 0.00153876 -0.00145814 0.00283236 -0.00139031 -8.12828e-05 -0.000107537 -7.45238e-05 0.00167916 0.000557037 -0.000137779 -2.50226e-05 -0.00124509 -0.00373747
internal_weight=10508 750 693 536 445 133 312 157 9758 9707 9618 332 277 9286 8432 854 101
internal_count=10508 750 693 536 445 133 312 157 9758 9707 9618 332 277 9286 8432 854 101
is_linear=0
shrinkage=0.05


Tree=125
num_leaves=11
num_cat=0
split_feature=7 6 10 16 6 6 12 10 16 7
split_gain=0.352929 0.341762 0.326899 0.329476 0.683047 0.727849 0.523713 0.74689 0.447277 0.340144
threshold=-1.4384072874673663 3.1922895879637587 2.4423532339146643 2.9798674223998245 0.49139379538972622 -0.57154138183892955 -2.0255147750730971 -0.38798982475873406 2.039394818892478 -1.079698259586886
decision_type=2 2 2 2 2 2 2 2 2 2
left_child=-1 2 3 6 5 -5 7 -2 -8 -6
right_child=1 -3 -4 4 9 -7 8 -9 -10 -11
leaf_value=0.0041448761980594261 -0.0014870861520221799 -0.0033158205725042759 -0.0037356628271752717 0.0030174406958272809 0.0019668936819013903 -0.00086114560183930583 -5.9857120590263842e-05 0.0051364515761842325 -0.0031706253954835312 0.0078248898146447265
leaf_weight=51 67 78 58 179 55 370 9371 112 117 50
leaf_count=51 67 78 58 179 55 370 9371 112 117 50
internal_value=0 -2.05684e-05 3.74598e-06 2.52804e-05 0.00111163 0.000394671 -4.77076e-05 0.00262989 -9.87771e-05 0.00480878
internal_weight=10508 10457 10379 10321 654 549 9667 179 9488 105
internal_count=10508 10457 10379 10321 654 549 9667 179 9488 105
is_linear=0
shrinkage=0.05


Tree=126
num_leaves=31
num_cat=0
split_feature=47 4 11 57 14 37 13 13 5 6 15 16 0 51 22 14 7 13 13 16 22 1 11 5 0 11 8 23 17 23
split_gain=0.329089 0.451509 0.4779 0.864948 0.938665 0.702955 0.473329 0.447003 0.442768 0.598203 0.428254 1.34412 1.29234 1.38378 1.41652 1.48889 1.22753 1.58103 1.06516 1.054 0.991105 0.977263 0.953226 0.76289 0.83606 0.725232 0.846953 0.697299 0.644384 0.720578
threshold=1.0000000180025095e-35 3.0168191366863319 -0.67391706912945148 1.0000000180025095e-35 2.3200261851335409 1.0000000180025095e-35 17.221955658637341 13.004637287977436 -0.13165103242323581 -0.14580400696287751 4.9874721042351693 0.0074517921751326007 -1.0755857661319932 1.0000000180025095e-35 3.9584416959363691 0.80025526699203808 -0.31725366217332385 20.999446306016647 16.995766387913697 0.98972619626829872 2.7359757904938884 4.9954634604858557 -1.5123558928707161 1.1319061718200703 1.1325032331028981 1.916767187180666 -2.1078829216025663 -1.0527230677560881 2.9999692811546179 -1.0045726697703239
decision_type=2 2 2 2 2 2 2 2 2 2 2 2 2 2 2 2 2 2 2 2 2 2 2 2 2 2 2 2 2 2
left_child=10 2 3 4 -2 -4 7 -5 -7 -10 12 21 16 14 20 -16 28 18 -18 -13 -14 23 -15 24 -12 26 -21 -24 29 -1
right_child=1 -3 5 6 -6 8 -8 -9 9 -11 11 19 13 22 15 -17 17 -19 -20 25 -22 -23 27 -25 -26 -27 -28 -29 -30 -31
leaf_value=-0.0081080868468390126 -0.010010530469064916 -0.0048090776506067509 0.00071558968547405987 0.0014086184145086014 -0.0011347518557839084 -0.0045979200321418275 0.0016859510276900685 -0.0041200568141299358 0.0028560121502444343 -0.0035554380465244542 0.001816688577015416 -0.003230920002576325 0.0043947233309014752 0.0052703859635245083 0.0080439675734838498 0.0013901641608897565 -0.0015714349223970988 -0.006734262866557034 0.006849534857137924 0.0051592928071559647 -0.0031326620557001884 0.0072796475140102018 0.00049850776261550116 0.0064354959423945221 -0.0033334404218872413 0.0040805985657678097 3.3302478459011553e-05 -0.0021576093447357187 -0.010191491118406438 -0.00014700398646248672
leaf_weight=53 59 63 887 53 63 113 137 110 71 74 562 231 52 55 92 1027 78 69 71 82 260 87 336 75 91 119 4506 905 63 64
leaf_count=53 59 63 887 53 63 113 137 110 71 74 562 231 52 55 92 1027 78 69 71 82 260 87 336 75 91 119 4506 905 63 64
internal_value=0 -0.000653319 -0.000482753 -0.00192111 -0.00547277 4.31223e-05 -0.00045877 -0.00229197 -0.00224882 -0.000381775 0.000119581 0.00037594 -0.000350763 3.59141e-05 0.00110953 0.00194235 -0.00301208 -0.000463387 0.00240961 6.43924e-05 -0.00186107 0.0022572 -0.00114567 0.00164921 0.00109093 0.00022724 0.000126118 -0.00143446 -0.0060691 -0.00379985
internal_weight=10508 1630 1567 422 122 1145 300 163 258 145 8878 5753 3125 2727 1431 1119 398 218 149 4938 312 815 1296 728 653 4707 4588 1241 180 117
internal_count=10508 1630 1567 422 122 1145 300 163 258 145 8878 5753 3125 2727 1431 1119 398 218 149 4938 312 815 1296 728 653 4707 4588 1241 180 117
is_linear=0
shrinkage=0.05


Tree=127
num_leaves=31
num_cat=0
split_feature=43 10 0 0 0 5 17 5 17 17 17 17 17 10 23 8 1 3 40 7 23 0 7 12 48 21 0 30 21 15
split_gain=0.326162 0.757017 0.81435 0.84466 0.962977 0.954534 0.86212 0.607643 0.529711 2.22958 0.947382 1.80154 0.812485 1.61002 0.835183 0.672468 0.929229 0.616716 1.32975 1.13983 0.581316 0.840109 1.22322 0.574373 0.993889 0.848167 0.5025 0.773604 0.498525 0.43953
threshold=1.0000000180025095e-35 1.3548801051049486 0.89177041492148412 0.14694934342664467 -0.46445104986873292 -0.25051000191416667 2.0516439021628616 -0.020039357899577347 1.9955975600497167 1.0002211483747809 2.0011858512989225 2.9999692811546179 3.000050210194213 -1.0390004642235942 -1.0045726697703239 1.4478581490021203 1.9997303405298366 -0.41520170081751023 1.0000000180025095e-35 -0.79542539928051725 -0.88293138434784846 -1.0755857661319932 1.4864198913646518 1.0869511351924426 1.0000000180025095e-35 0.99048752048291389 0.48605161637078836 -0.56337380373074819 1.0000000180025095e-35 5.9977844502453452
decision_type=2 2 2 2 2 2 2 2 2 2 2 2 2 2 2 2 2 2 2 2 2 2 2 2 2 2 2 2 2 2
left_child=8 2 3 4 5 -2 -6 -4 9 20 15 -12 13 -13 -14 17 -17 19 -19 -10 21 -1 -23 25 -25 -22 27 -5 -11 -3
right_child=1 29 7 26 6 -7 -8 -9 10 28 11 12 14 -15 -16 16 -18 18 -20 -21 23 22 -24 24 -26 -27 -28 -29 -30 -31
leaf_value=-0.0047627261141887176 0.0020938710069423857 -0.0079000977889979989 -0.00073203517064053276 -0.0094445181886551877 0.0048213994087963254 -0.0037697963394683065 -0.0012212471993391322 0.006036247409135163 -0.00091440105511351663 -0.0072884206377341739 -0.0029157247673628219 -0.0028620888452120753 -0.0059850847378300556 0.0020366052833903823 -0.00017505289941761279 -0.0012931567046070051 0.0067810883758385888 0.0010590100367382702 -0.003391910443457935 0.0031642646397689964 -0.00047069602464748413 -0.0011245320687197705 0.0043657373316354558 -0.0041357701134640641 0.0012952209654903924 0.0015494154593972635 -0.00077781478149051297 -0.0020725623407289811 -0.0024991815326979223 -0.0013101516916314735
leaf_weight=122 105 56 55 63 151 200 95 79 237 61 486 197 65 1102 1297 50 116 864 208 602 792 680 119 165 170 1493 117 87 624 50
leaf_count=122 105 56 55 63 151 200 95 79 237 61 486 197 65 1102 1297 50 116 864 208 602 792 680 119 165 170 1493 117 87 624 50
internal_value=0 -0.000832767 -0.000380545 -0.000977202 0.000132648 -0.00173474 0.00246799 0.00322246 9.29304e-05 -0.000322598 0.000430032 -0.000115535 0.000394098 0.00128968 -0.00045642 0.00125903 0.00431967 0.000990337 0.000190499 0.0020062 0.000181224 -0.000897149 -0.000300131 0.000562229 -0.00136526 0.00084705 -0.00328548 -0.00520632 -0.00293397 -0.00484292
internal_weight=10508 1058 952 818 551 305 246 134 9450 4226 5224 3147 2661 1299 1362 2077 166 1911 1072 839 3541 921 799 2620 335 2285 267 150 685 106
internal_count=10508 1058 952 818 551 305 246 134 9450 4226 5224 3147 2661 1299 1362 2077 166 1911 1072 839 3541 921 799 2620 335 2285 267 150 685 106
is_linear=0
shrinkage=0.05


Tree=128
num_leaves=22
num_cat=0
split_feature=8 0 8 23 6 14 25 8 13 15 12 11 23 44 0 3 15 0 8 30 11
split_gain=0.313475 0.909784 0.377625 0.802045 1.04668 0.945843 0.7734 0.764549 0.70744 0.635207 0.561569 0.607535 0.548838 1.24244 1.23826 1.1549 1.04914 1.03544 0.574862 0.253207 0.180074
threshold=2.2555743982909155 -0.12508369300457642 0.97590009239564723 -1.004784433520221 -0.9098521146415457 1.4796714910796753 0.79411279356680842 1.3107246659808294 23.996526308798625 4.1560193018695752 -2.0255147750730971 0.49656797127856972 -1.0527230677560881 1.0000000180025095e-35 -1.0755857661319932 0.44012150078324203 3.9868062739364509 0.82452886047803842 -0.74352927289767157 0.27371186789599861 0.04926335430518116
decision_type=2 2 2 2 2 2 2 2 2 2 2 2 2 2 2 2 2 2 2 2 2
left_child=2 -2 10 6 5 -5 7 -4 9 -6 11 19 13 15 -15 -12 17 -14 -18 -1 -7
right_child=1 -3 3 4 8 20 -8 -9 -10 -11 12 -13 16 14 -16 -17 18 -19 -20 -21 -22
leaf_value=0.0030414847901306039 -0.0067316083439959143 0.0010628843822264472 0.00041915670048490349 -0.0004660722715947443 0.0028229118656807072 0.0098465072426035249 0.0031867105465479004 -0.0068789644265473187 0.0058439346698958509 -0.00032366569657103837 0.0062521378146587316 0.0069934208719173996 -0.0022618169885665631 -0.0059699280192257514 0.00077681688299685537 -0.0021230336818879158 0.00082219113479203593 0.0016597999682555027 -0.00027259966247444639 -0.0018915240658221911 0.0053794362638765357
leaf_weight=51 65 86 58 50 205 56 50 89 63 728 172 57 1020 78 525 53 1554 200 5245 52 51
leaf_count=51 65 86 58 50 205 56 50 89 63 728 172 57 1020 78 525 53 1554 200 5245 52 51
internal_value=-6.7694e-08 -0.0022615 3.24417e-05 0.000812599 0.00131905 0.0051173 -0.00212536 -0.00396712 0.000714858 0.000362574 -8.39436e-05 0.00284944 -0.000137591 0.00108672 -8.84511e-05 0.00425704 -0.000264643 -0.00161475 -2.16272e-05 0.000503118 0.00777104
internal_weight=10508 151 10357 1350 1153 157 197 147 996 933 9007 160 8847 828 603 225 8019 1220 6799 103 107
internal_count=10508 151 10357 1350 1153 157 197 147 996 933 9007 160 8847 828 603 225 8019 1220 6799 103 107
is_linear=0
shrinkage=0.05


Tree=129
num_leaves=18
num_cat=0
split_feature=7 6 3 35 9 0 0 14 34 8 2 35 8 10 12 35 10
split_gain=0.308278 0.312744 0.998315 0.812247 0.442984 0.363509 0.720016 0.704975 1.02343 0.679232 0.659063 0.650999 0.627553 1.05155 0.82253 0.592889 0.372826
threshold=-1.4384072874673663 2.5053490980729713 -0.44476300345547098 1.0000000180025095e-35 -0.21948754021140537 0.48605161637078836 0.48680507768942355 1.0308647155612611 0.14736645933829526 2.0973812111797892 -0.12772970151360871 1.0000000180025095e-35 0.67045738913179187 1.3993817449118144 -2.0255147750730971 0.99944630601664541 0.058481360775902706
decision_type=2 2 2 2 2 2 2 2 2 2 2 2 2 2 2 2 2
left_child=-1 5 -3 4 -4 9 15 8 -8 12 -11 -9 14 -14 -2 16 -7
right_child=1 2 3 -5 -6 6 7 11 -10 10 -12 -13 13 -15 -16 -17 -18
leaf_value=0.0038736995958418758 0.0042936042890419808 0.0027000948321655605 -0.0097358465410724172 0.00090654536906536846 -0.0030642118145100135 -0.001478074945781144 0.0038815219378262435 0.00067205424188927646 -0.0019457847086564947 -0.0069869670080164792 -0.00046404368757854578 -0.00096873198222624914 0.00048882288665450587 0.0061972868030633396 -0.00041702337370414064 0.0078580219265980394 0.0045168797636103491
leaf_weight=51 94 80 56 52 50 52 278 1459 102 71 89 1032 1348 86 5501 57 50
leaf_count=51 94 80 56 52 50 52 278 1459 102 71 89 1032 1348 86 5501 57 50
internal_value=0 -1.93424e-05 -0.00181096 -0.00412693 -0.00664183 2.19123e-05 0.000481678 0.000298336 0.0023041 -0.000171177 -0.00339238 -5.71392e-06 -9.7095e-05 0.000835066 -0.000336912 0.00375852 0.0014132
internal_weight=10508 10457 238 158 106 10219 3030 2871 380 7189 160 2491 7029 1434 5595 159 102
internal_count=10508 10457 238 158 106 10219 3030 2871 380 7189 160 2491 7029 1434 5595 159 102
is_linear=0
shrinkage=0.05


Tree=130
num_leaves=26
num_cat=0
split_feature=15 31 31 17 11 9 6 15 17 12 2 27 14 2 9 23 45 11 35 35 1 29 25 21 3
split_gain=0.296921 0.293837 2.43311 1.19328 1.23872 1.00537 0.904286 0.765072 0.681545 1.46581 0.777392 0.758104 0.629415 0.801633 0.665685 1.01283 0.625355 0.58111 0.442534 0.860739 0.407042 0.298383 0.234388 0.168259 0.152753
threshold=1.0000000180025095e-35 1.0000000180025095e-35 0.99883613163232965 1.0000000180025095e-35 -1.4259934586600904 -0.035464208033480743 0.52858542726121194 1.2296232257298829 0.99833302829423731 -1.4175846277578794 -0.92645473800209122 0.99952829236618446 7.1050000000000013 -0.26797622237167912 -0.40568995201855912 -1.1265509766421375 1.0000000180025095e-35 0.11531012423236436 0.99944630601664541 0.0043935834348633506 2.0027621000963975 -0.71731658086814665 0.010836341618995151 0.99048752048291389 -0.14209198825999367
decision_type=2 2 2 2 2 2 2 2 2 2 2 2 2 2 2 2 2 2 2 2 2 2 2 2 2
left_child=-1 8 18 5 20 6 -4 -6 9 -2 17 -12 14 21 15 -10 -16 -11 19 22 -5 -14 -3 -21 -15
right_child=1 2 3 4 7 -7 -8 -9 12 10 11 -13 13 24 16 -17 -18 -19 -20 23 -22 -23 -24 -25 -26
leaf_value=0.0034467907748432555 -0.008001685492576802 -0.0048781527209484721 0.00018027475769793138 0.0060455850255744714 -0.0047253302783764302 0.0091331212868041006 0.0074212643166808104 -0.00015086541296998237 0.005832074811370578 -0.0059198293599984674 -0.00090242515612403817 0.0025073094495214623 0.0023716986380335008 0.0039391328188692291 0.00095955130227438955 -0.00096421715549562025 -0.00052074512194113902 0 -0.0059775726611139097 0.0009279318261952356 0.0013201680930182925 -0.0029494449622594655 -0.0025087507309451665 -0.0013524939462607848 0.0077713601476282097
leaf_weight=62 70 227 193 101 95 59 56 2458 57 102 493 243 54 65 3055 1287 926 72 94 144 89 51 218 181 56
leaf_count=62 70 227 193 101 95 59 56 2458 57 102 493 243 54 65 3055 1287 926 72 94 144 89 51 218 181 56
internal_value=0 -2.08305e-05 -0.000363764 0.000298098 -3.14919e-05 0.00324866 0.00183117 -0.000323223 0.000183977 -0.00103016 -0.000487574 0.000216738 0.000399242 0.00298542 0.000288489 -0.000671849 0.000613967 -0.00349387 -0.00270651 -0.00229997 0.00386026 -0.00016563 -0.00372947 -0.000326735 0.00575897
internal_weight=10508 10446 3915 3051 2743 308 249 2553 6531 980 910 736 5551 226 5325 1344 3981 174 864 770 190 105 445 325 121
internal_count=10508 10446 3915 3051 2743 308 249 2553 6531 980 910 736 5551 226 5325 1344 3981 174 864 770 190 105 445 325 121
is_linear=0
shrinkage=0.05


Tree=131
num_leaves=20
num_cat=0
split_feature=9 5 13 42 6 7 13 9 12 13 5 2 12 2 17 13 12 30 2
split_gain=0.299055 0.971213 0.460083 0.379066 0.628106 1.499 0.558405 0.566776 0.472781 1.0776 0.859899 0.596121 0.521543 0.521218 0.367544 1.01916 0.460876 0.266127 0.171755
threshold=-0.66081716861732442 0.34895531408831865 16.360735824983749 1.0000000180025095e-35 2.2532559186398502 -1.0875010425468161 11.861780543702489 -0.49172467545134479 1.4774271758183073 14.150309530264133 0.6082461162672349 -0.022609111429434548 1.3589131184234453 0.019242195297738057 3.0380050744720326 15.104804227696059 0.40926984427491747 0.036547303392736159 -0.12772970151360871
decision_type=2 2 2 2 2 2 2 2 2 2 2 2 2 2 2 2 2 2 2
left_child=1 2 -1 8 5 17 -7 -8 12 13 11 -11 14 -10 16 -16 -2 -5 -14
right_child=3 -3 -4 4 -6 6 7 -9 9 10 -12 -13 18 -15 15 -17 -18 -19 -20
leaf_value=0.0078003700388212934 -7.9204756707220331e-05 -0.0039771902088783029 0.0018617861352775646 0.007421997253259688 -0.0063273621879205745 0.0038128554957011607 -0.0038471532177645111 -0.00084942494168614789 -0.0065975384970844491 0.0019018105513521986 -0.0014916534963748387 0.0061752854624674437 -0.0056546062387803067 0.00046207017215069184 0.0019446253329263464 -0.0015567222708548574 0.00082044612903182902 0.0022346547363277622 -0.0013616954485333697
leaf_weight=52 5173 51 96 57 50 54 192 930 52 191 98 149 51 50 266 936 1960 50 50
leaf_count=52 5173 51 96 57 50 54 192 930 52 191 98 149 51 50 266 936 1960 50 50
internal_value=0 0.00191905 0.00398593 -3.73782e-05 -0.00082444 -0.000605612 -0.00112475 -0.00136716 7.8957e-05 0.00151316 0.00259721 0.00379056 -1.22725e-05 -0.00309091 3.04303e-05 -0.000777625 0.000167308 0.00504904 -0.00358231
internal_weight=10508 199 148 10309 1333 1283 1176 1122 8976 540 438 340 8436 102 8335 1202 7133 107 101
internal_count=10508 199 148 10309 1333 1283 1176 1122 8976 540 438 340 8436 102 8335 1202 7133 107 101
is_linear=0
shrinkage=0.05


Tree=132
num_leaves=19
num_cat=0
split_feature=10 5 9 17 0 19 5 0 12 12 12 50 30 15 9 29 2 8
split_gain=0.294442 0.298627 0.803697 0.839276 0.628051 1.30758 0.620683 1.33597 0.652179 0.63142 0.550871 0.402558 1.28287 0.678016 0.540788 0.988763 0.682573 0.507946
threshold=2.4423532339146643 1.3651571918645695 2.637903517924562 0.20446041350226138 0.69125840464888666 0.99944395290190646 1.1807163287249594 -0.58171081301579697 -0.33678149859685025 0.47953839006417892 0.51125905421759243 1.0000000180025095e-35 0.27371186789599861 8.9951572168196243 2.51958009751143 0.7474295358257691 -0.022609111429434548 -0.013896454756912948
decision_type=2 2 2 2 2 2 2 2 2 2 2 2 2 2 2 2 2 2
left_child=1 6 3 -3 10 -6 11 -8 -9 -10 -5 14 13 -13 16 -16 -1 -14
right_child=-2 2 -4 4 5 -7 7 8 9 -11 -12 12 17 -15 15 -17 -18 -19
leaf_value=-0.00040347393471575847 -0.0035498785533062262 0.0059402872680366118 -0.0047010303911667909 0.00086148121209364775 -0.0027258660302441669 0.0066891747458762973 0.0032068161568876772 -0.0011152713496327116 -0.011399093665532954 -0.0033397773860725103 -0.0027714713878151621 -0.004378676753382031 0.004451842655124205 0.0004236434993887881 0.003283066589528893 -0.003122048224688331 0.00050176255524911806 -0.00051262851596043215
leaf_weight=4608 58 88 59 417 55 108 70 69 52 50 139 266 99 99 293 75 3799 104
leaf_count=4608 58 88 59 417 55 108 70 69 52 50 139 266 99 99 293 75 3799 104
internal_value=0 1.9442e-05 0.000908931 0.0013258 0.000753326 0.00348194 -6.04182e-05 -0.00256526 -0.00495781 -0.00750456 -3.81008e-05 3.68497e-06 -0.00128564 -0.00306268 8.77254e-05 0.0019636 4.99553e-06 0.00188485
internal_weight=10508 10450 866 807 719 163 9584 241 171 102 556 9343 568 365 8775 368 8407 203
internal_count=10508 10450 866 807 719 163 9584 241 171 102 556 9343 568 365 8775 368 8407 203
is_linear=0
shrinkage=0.05


Tree=133
num_leaves=20
num_cat=0
split_feature=13 5 18 0 12 9 2 27 12 30 5 8 8 35 5 37 2 57 3
split_gain=0.296451 0.663653 0.605017 0.684375 1.00905 1.07474 0.645072 0.545143 0.528335 0.436241 0.354554 0.779589 1.03337 0.964764 0.709367 0.451412 0.556316 0.541126 0.246799
threshold=23.996526308798625 -1.4953728121906262 0.19359828201484278 -0.73643772566398802 -0.40246366897196334 -0.061743461840994593 1.0000000180025095e-35 0.050216625111696507 -0.26708566240240733 2.6324779449081164 -1.7258887823609055 0.97590009239564723 0.36638751890562177 0.022304792749224103 -1.6352284761892857 1.0000000180025095e-35 1.6889446643274131 1.0000000180025095e-35 0.028546761340374701
decision_type=2 2 2 2 2 2 2 2 2 2 2 2 2 2 2 2 2 2 2
left_child=9 -2 3 7 6 -6 -5 -3 -4 10 11 12 13 -1 -12 16 -16 -17 -10
right_child=1 2 8 4 5 -7 -8 -9 18 -11 14 -13 -14 -15 15 17 -18 -19 -20
leaf_value=0.0039953197749939134 -0.00420229260870068 -0.0040699109246355334 0.0025212423409436582 -0.0031489723777493764 0.0066118128533492141 -0.0007078283472210403 0.0038758465541654068 0.0025933710642508864 -0.00093110882751862376 0.0045316185087326431 -0.0051065345857958947 0.0069796244177104394 -0.0052803194513558983 -0.0015852591101347289 -4.3446944530291488e-05 0.00056017853818894289 0.0021066082109109734 -0.0013688078222463514 -0.0060114633871945081
leaf_weight=186 57 68 56 82 213 64 54 55 51 51 72 53 64 131 7079 499 314 1309 50
leaf_count=186 57 68 56 82 213 64 54 55 51 51 72 53 64 131 7079 499 314 1309 50
internal_value=0 0.000957511 0.00138967 0.00219267 0.00317056 0.00490294 -0.00032217 -0.00105009 -0.00131962 -7.39862e-05 -9.87453e-05 0.00129659 0.000491296 0.00167361 -0.000164603 -0.000125333 4.72225e-05 -0.000833649 -0.00349905
internal_weight=10508 750 693 536 413 277 136 123 157 9758 9707 434 381 317 9273 9201 7393 1808 101
internal_count=10508 750 693 536 413 277 136 123 157 9758 9707 434 381 317 9273 9201 7393 1808 101
is_linear=0
shrinkage=0.05


Tree=134
num_leaves=31
num_cat=0
split_feature=17 17 17 17 29 8 17 10 17 29 5 29 3 10 8 5 1 21 1 5 8 30 10 2 4 8 14 21 21 35
split_gain=0.297258 2.26752 0.994731 1.62311 0.834484 0.734702 0.823827 1.45527 0.956517 0.685848 1.00908 0.777606 0.682018 0.670056 1.26593 1.51648 1.08149 0.935493 0.905223 1.40111 0.991258 0.953601 0.900584 0.878689 0.79399 0.777443 0.665557 0.415333 0.513535 0.352403
threshold=1.9955975600497167 1.0002211483747809 2.0011858512989225 2.9999692811546179 -1.5916876767016397 2.0973812111797892 3.0380050744720326 -1.0390004642235942 3.9987430771465284 -0.8316046884398256 1.1319061718200703 1.7498616053958715 -0.71980215760611366 -0.83838168722446227 -0.21650055279054667 0.55704233693291905 2.2012068780280973 0.082085439020057702 0.7955900710429139 0.11302610185204752 0.088124823568520111 -0.98761927137592953 0.3132512765633112 -1.4708978642507193 0.12922287089788193 0.10569676550259771 1.2501302023126077 1.0000000180025095e-35 0.97430016920923213 0.009205331465844251
decision_type=2 2 2 2 2 2 2 2 2 2 2 2 2 2 2 2 2 2 2 2 2 2 2 2 2 2 2 2 2 2
left_child=1 13 4 -4 -2 6 7 -5 -8 10 26 12 -11 14 15 -1 25 -18 19 23 -21 24 -23 -15 -20 -16 -6 -3 -29 -30
right_child=2 27 3 5 9 -7 8 -9 -10 11 -12 -13 -14 18 16 -17 17 -19 21 20 -22 22 -24 -25 -26 -27 -28 28 29 -31
leaf_value=0.0069517870515866309 -0.0040116679277533386 -0.0064693398379441769 -0.0026391957516249784 -0.0026599505659072415 -0.00041437759885133474 -0.0052214939824005201 -0.0030035258368305358 0.0018648202824709374 0.0001385322179855067 0.0020675811395694048 -0.0025850064365998682 0.0050963907970346285 -0.00010885921650349896 0.0041668147047428696 -0.0010122166511734212 -0.0018312153652630993 -0.0078730155325669234 -0.00053928189833657013 0.0018297715202374859 -0.0027234135208009883 -0.012341706248623576 -0.00035961109031745222 0.0015611793732530561 -0.0030748985971266714 -0.0034723458517642719 0.0044792305764403172 0.0051956752908959881 -0.00063545180217162913 -0.0047856589612704434 -0.0019483120770988711
leaf_weight=176 78 69 607 208 63 61 304 1190 1178 516 65 100 1177 73 104 67 57 190 92 60 51 1344 1113 98 289 164 283 276 230 225
leaf_count=176 78 69 607 208 63 61 304 1190 1178 516 65 100 1177 73 104 67 57 190 92 60 51 1344 1113 98 289 164 283 276 230 225
internal_value=0 -0.000297261 0.00023783 -0.000284848 0.00105265 0.000199445 0.000316176 0.00118789 -0.000502778 0.00123431 0.00308067 0.000808147 0.000551616 0.000201544 0.00153534 0.00450981 0.000121536 -0.00225442 -0.000120935 -0.00282308 -0.00719476 0.000145894 0.000508484 0 -0.00217878 0.00232999 0.00415992 -0.00272119 -0.00235972 -0.0033943
internal_weight=10508 4678 5830 3548 2282 2941 2880 1398 1482 2204 411 1793 1693 3878 758 243 515 247 3120 282 111 2838 2457 171 381 268 346 800 731 455
internal_count=10508 4678 5830 3548 2282 2941 2880 1398 1482 2204 411 1793 1693 3878 758 243 515 247 3120 282 111 2838 2457 171 381 268 346 800 731 455
is_linear=0
shrinkage=0.05


Tree=135
num_leaves=23
num_cat=0
split_feature=4 4 20 6 8 7 19 17 17 17 17 9 40 55 10 12 12 6 35 35 32 35
split_gain=0.272443 0.356468 0.956651 0.800085 0.645224 0.68645 0.574515 0.402189 1.97796 0.909329 1.50162 0.796273 1.31917 0.862604 0.769024 0.705096 0.817547 0.650529 0.34919 0.572094 0.224966 0.194933
threshold=4.6383321639737689 3.0168191366863319 0.95490289962567598 -0.88977070297642802 -0.022596676758315497 -0.49475494647415358 0.92926887742167097 1.9955975600497167 1.0002211483747809 2.0011858512989225 2.9999692811546179 -0.34351866641109757 1.0000000180025095e-35 1.0000000180025095e-35 0.013366058630495802 -0.94405497498006008 1.1552167356812204 0.3183475257517181 0.039785429707439555 0.99944630601664541 0.23485749964326616 0.0043935834348633506
decision_type=2 2 2 2 2 2 2 2 2 2 2 2 2 2 2 2 2 2 2 2 2 2
left_child=1 7 -3 -4 5 -5 -6 8 15 11 21 13 -13 -9 -12 17 -17 -1 20 -20 -10 -11
right_child=-2 2 3 4 6 -7 -8 9 18 10 14 12 -14 -15 -16 16 -18 -19 19 -21 -22 -23
leaf_value=-0.0023393152689662419 0.0036776811670801955 0.0047131434712231815 -0.008443036767400788 -0.0075488593319170587 -0.0027231574581195856 0.00010300422387576702 0.0042581822414140009 0.0004903055120128977 -0.0044018622733811973 -0.0034738469421756769 0.0011140325585440581 0.0023971266207573529 -0.001880446274237933 -0.0042959281240030787 -0.0005343391641609549 0.00078898818709091276 -0.0015556611749995891 0.001285835718964564 -0.00019897991974516892 -0.0045781856877523024 -0.0017018769552557369 -0.0015949444154777365
leaf_weight=462 50 50 51 65 53 51 65 612 289 279 1405 1257 209 111 1421 2697 430 167 260 106 115 303
leaf_count=462 50 50 51 65 53 51 65 612 289 279 1405 1257 209 111 1421 2697 430 167 260 106 115 303
internal_value=-1.67735e-07 -1.82647e-05 -0.00162301 -0.00275341 -0.00148893 -0.00414442 0.00108051 3.43625e-05 -0.00031555 0.000318212 -0.000191309 0.00111373 0.0017838 -0.000238088 0.000283422 0.00015648 0.000464932 -0.00136884 -0.00262429 -0.00148184 -0.00364629 -0.00250469
internal_weight=10508 10458 335 285 234 116 118 10123 4526 5597 3408 2189 1466 723 2826 3756 3127 629 770 366 404 582
internal_count=10508 10458 335 285 234 116 118 10123 4526 5597 3408 2189 1466 723 2826 3756 3127 629 770 366 404 582
is_linear=0
shrinkage=0.05


Tree=136
num_leaves=28
num_cat=0
split_feature=3 23 13 6 7 17 30 12 0 30 30 3 14 3 3 12 8 13 17 9 8 38 11 17 11 4 35
split_gain=0.283318 0.397122 0.350284 0.954353 0.789718 0.732932 0.70959 0.683147 0.605133 0.594071 0.571025 0.8409 0.511907 0.426646 0.769061 0.856463 1.05021 0.94403 0.752085 0.782971 0.639758 0.729643 0.859414 0.847492 0.611139 0.398823 0.210216
threshold=2.4832778533449802 -0.44961153823665906 13.004637287977436 -0.12007526269855863 -0.21213469379276298 2.9999692811546179 0.99193511756416519 0.88519435978505501 -0.26045387253582736 0.40711194015474222 -0.14763947614101694 -0.14209198825999367 1.8149716342748869 -0.42904730835112309 0.14974252036532057 0.40926984427491747 1.1435573872600751 16.995766387913697 1.0000000180025095e-35 2.2001068623959745 1.8599857105938389 1.0000000180025095e-35 -1.2718797051074906 2.0011858512989225 -0.29299169869108527 0.93121604339176123 0.044992939851560852
decision_type=2 2 2 2 2 2 2 2 2 2 2 2 2 2 2 2 2 2 2 2 2 2 2 2 2 2 2
left_child=2 -2 3 4 9 6 -6 10 -7 12 25 -12 -1 20 18 17 -17 -16 26 -20 21 23 -23 -4 -22 -5 -15
right_child=1 -3 13 7 5 8 -8 -9 -10 -11 11 -13 -14 14 15 16 -18 -19 19 -21 24 22 -24 -25 -26 -27 -28
leaf_value=-0.00065589176432581339 0.0050559196470068629 0 0.0012879843071311643 -0.0012018043860376438 0.00040363525029468093 0.0076485185277240138 -0.0056707239110604232 -0.0014832047479165175 0.00094557729124951178 0.0010747495195759787 0.0018054683344207803 0.008768894043668686 -0.0070413506968147431 0.0044976105429409231 -0.0021171711480816651 0.00059185339626626084 0.0056403805175472502 7.8662082374972661e-05 -0.0013538178723360942 -0.00648239768509354 -0.0068969089436611121 0.0041051887750790956 -0.0016353052260473144 -0.0004678313189568427 -0.00039894238845839208 0.0035232748381452705 0.00010151714774746012
leaf_weight=51 66 96 2089 75 371 59 55 81 83 61 83 96 90 63 691 1022 115 1664 1464 79 59 72 648 1019 98 106 52
leaf_count=51 66 96 2089 75 371 59 55 81 83 61 83 96 90 63 691 1022 115 1664 1464 79 59 72 648 1019 98 106 52
internal_value=-2.67086e-07 0.0020734 -3.324e-05 0.000765142 -0.00029131 0.000656464 -0.000370025 0.00262072 0.00376921 -0.00298008 0.00355815 0.00557077 -0.00476925 -0.000139634 -0.00044056 -1.80792e-05 0.00110733 -0.000563575 -0.0013273 -0.00162004 0.000248014 0.000377499 -0.00105382 0.000710711 -0.00287552 0.00153818 0.00255507
internal_weight=10508 162 10346 1211 770 568 426 441 142 202 360 179 141 9135 5150 3492 1137 2355 1658 1543 3985 3828 720 3108 157 181 115
internal_count=10508 162 10346 1211 770 568 426 441 142 202 360 179 141 9135 5150 3492 1137 2355 1658 1543 3985 3828 720 3108 157 181 115
is_linear=0
shrinkage=0.05


Tree=137
num_leaves=22
num_cat=0
split_feature=10 17 11 10 5 17 13 10 2 11 2 17 17 10 10 13 10 0 29 0 25
split_gain=0.270404 0.28927 1.36712 1.14495 0.92948 0.642051 0.839974 1.49935 0.59724 0.52822 0.511015 0.499448 1.41232 1.3776 1.90903 1.63153 1.0133 0.484951 0.303606 0.294275 0.232188
threshold=2.4423532339146643 4.9992858284604127 -0.0051184025747257984 -0.70456691242502223 -0.2972179997211602 3.0380050744720326 15.001428343079178 0.26408934861438904 -0.46098246993500164 -1.3424386564789084 1.2927981032652374 2.9999692811546179 2.0011858512989225 -1.0390004642235942 -0.18707338244265445 18.195767729310717 -1.1387260153526746 0.28297581082655937 0.41111095404096104 -0.20323302024189824 0.99973034052983667
decision_type=2 2 2 2 2 2 2 2 2 2 2 2 2 2 2 2 2 2 2 2 2
left_child=1 5 3 -3 -4 11 7 17 -5 -8 -11 12 16 15 -15 -13 -1 -7 -10 -6 -14
right_child=-2 2 4 8 19 6 9 -9 18 10 -12 13 20 14 -16 -17 -18 -19 -20 -21 -22
leaf_value=0.0018105317836008016 -0.0034022241456533515 -0.0079046386896477108 -0.000205714104979945 0.0044241406184011593 0.0093831587930357785 0.0081153713251032426 0.0028053759636117413 -0.0032157827499930871 -0.0044432993770904148 -0.0017584281526465786 -0.0057703359273165722 0.0013005018181552095 -0.0018544664607830941 0.0045789632305890957 0.00027839130536565552 -0.0074818641543302937 -7.5790065386540547e-05 0.0016433747563031104 0.00089300154438403203 0.0044090480683172143 -0.0043157746677466398
leaf_weight=805 58 52 73 63 61 67 55 91 52 713 91 113 479 375 836 98 6123 55 52 70 126
leaf_count=805 58 52 73 63 61 67 55 91 52 713 91 113 479 375 836 98 6123 55 52 70 126
internal_value=-1.44711e-07 1.82916e-05 0.00129924 -0.00142692 0.00424962 -3.52605e-05 -0.00119196 0.00160551 0.000563691 -0.00189156 -0.00221939 0.000102661 -5.89538e-05 0.000962273 0.00161451 -0.00275644 0.000142693 0.00524235 -0.00172882 0.00676877 -0.00237596
internal_weight=10508 10450 423 219 204 10027 1072 213 167 859 804 8955 7533 1422 1211 211 6928 122 104 131 605
internal_count=10508 10450 423 219 204 10027 1072 213 167 859 804 8955 7533 1422 1211 211 6928 122 104 131 605
is_linear=0
shrinkage=0.05


Tree=138
num_leaves=31
num_cat=0
split_feature=17 17 17 17 29 8 1 9 27 40 3 11 9 18 55 36 5 4 23 5 54 8 56 21 21 0 35 27 33 27
split_gain=0.259828 1.7922 0.752563 1.16024 0.754299 0.661426 0.745529 0.940408 0.710406 0.655713 0.936859 0.860423 0.794831 1.1332 1.1252 0.771395 0.560948 0.677167 0.566244 0.634018 0.637017 0.560302 0.531735 0.371604 0.458805 0.340774 0.258555 0.226769 0.207214 0.187006
threshold=1.9955975600497167 1.0002211483747809 2.0011858512989225 2.9835595512882773 -1.5916876767016397 2.0973812111797892 3.0513967029275002 -0.39386665478579436 0.94716312482081644 1.0000000180025095e-35 -0.2978997862934244 -0.4896593128973637 -0.34351866641109757 0.091653594455947313 1.0000000180025095e-35 1.0000000180025095e-35 1.7895975013567433 0.53604101918911096 1.3111324692169772 0.67278691338266972 1.0000000180025095e-35 -2.2332588971772456 1.0000000180025095e-35 1.0000000180025095e-35 0.97430016920923213 0.33714543045697259 0.009205331465844251 0.0043618569133836013 0.0074657909811619511 0.99150267018472393
decision_type=2 2 2 2 2 2 2 2 2 2 2 2 2 2 2 2 2 2 2 2 2 2 2 2 2 2 2 2 2 2
left_child=1 16 4 27 -2 6 7 -5 -8 12 15 -12 14 -14 -6 -11 18 -18 21 20 -20 -1 -23 -3 -25 26 -26 28 -4 -29
right_child=2 23 3 5 9 -7 8 -9 -10 10 11 -13 13 -15 -16 -17 17 -19 19 -21 -22 22 -24 24 25 -27 -28 29 -30 -31
leaf_value=0.0051062126768503836 -0.003884108897856653 -0.0059779734713970197 -0.0043124657277799194 -0.00097201650626904516 0.00085117131594190888 -0.0049730989447933568 0.00015183897726938792 0.0013722183105372243 -0.0030522099373681173 0.0060536495877925841 0.0016417416728206975 -0.005125320801459418 0.0029839686667634878 -0.00056285425198829145 -0.005362380561435248 -0.0017503037459939562 0.0079269628510801153 0.00068780099352846904 0.0046605178658699854 -0.0029390936298204729 -0.00085011319854622904 -8.6151972974468947e-05 -0.0032458883510684262 -0.00046090531717882645 -0.0035623798383337848 -0.0051460037291368261 -0.00065074249743423199 -0.00032734067941292606 -0.00089085249659967114 -0.0026910558313144378
leaf_weight=50 78 69 180 582 506 61 433 1595 285 69 68 145 985 289 85 57 50 96 186 51 71 3235 139 276 158 140 157 191 64 157
leaf_count=50 78 69 180 582 506 61 433 1595 285 69 68 145 985 289 85 57 50 96 186 51 71 3235 139 276 158 140 157 191 64 157
internal_value=-1.14053e-07 -0.000278146 0.000222122 -0.000232339 0.000930879 0.000170743 0.000281023 0.000743197 -0.00111325 0.00110372 -0.00090981 -0.00294172 0.00147243 0.00217549 -3.47839e-05 0.00248505 0.000165168 0.00320492 4.48272e-05 0.00209897 0.00311894 -0.000138545 -0.000217899 -0.00243311 -0.0020909 -0.00306833 -0.00212772 -0.00225316 -0.00343621 -0.00140856
internal_weight=10508 4678 5830 3548 2282 2956 2895 2177 718 2204 339 213 1865 1274 591 126 3878 146 3732 308 257 3424 3374 800 731 455 315 592 244 348
internal_count=10508 4678 5830 3548 2282 2956 2895 2177 718 2204 339 213 1865 1274 591 126 3878 146 3732 308 257 3424 3374 800 731 455 315 592 244 348
is_linear=0
shrinkage=0.05


Tree=139
num_leaves=28
num_cat=0
split_feature=9 11 14 11 23 51 3 30 3 6 14 11 42 11 10 10 14 17 13 29 4 17 23 3 0 5 13
split_gain=0.268843 1.24303 0.446067 0.299518 0.956337 1.18619 0.976756 0.940927 0.922139 0.87918 0.765118 0.76364 0.761526 0.667915 0.643057 0.602235 0.844521 0.617866 0.957012 0.814512 0.812658 1.02019 0.549939 0.431287 0.36324 0.57484 0.158069
threshold=-0.66081716861732442 0.04926335430518116 2.3371802603208192 0.58011876648189675 -0.27339354138360722 1.0000000180025095e-35 0.44012150078324203 -1.3347796572911557 1.0609362365192159 0.98405144451321791 2.2596725221233682 1.6696964092728481 1.0000000180025095e-35 1.7530551427828962 0.80956792500180008 1.7173743803563124 4.6054914356315315 0.99833302829423731 26.993385593547355 -1.8187052433926183 1.9859697282713542 1.0000000180025095e-35 1.2294599825335806 -0.14209198825999367 -0.043473031094380894 -0.27557281998765343 18.996156716355113
decision_type=2 2 2 2 2 2 2 2 2 2 2 2 2 2 2 2 2 2 2 2 2 2 2 2 2 2 2
left_child=1 -1 -3 15 5 13 9 -8 10 12 -7 -9 -6 14 -5 17 24 20 19 -19 22 -22 -2 -11 26 -26 -17
right_child=3 2 -4 4 6 8 7 11 -10 23 -12 -13 -14 -15 -16 16 -18 18 -20 -21 21 -23 -24 -25 25 -27 -28
leaf_value=0.0060052736098685101 -0.0024959375198266398 -0.0050075107238875764 0.0014566366116473535 0.0025409511783231033 0.0014900105010438637 -0.0033061875516221871 -0.0089196604245128305 -0.0025077294110301771 0.0058852600626312125 -0.0049515447021948513 0.00089795709418719408 0.0039958008892133461 -0.0023960693761078617 -0.0014033467904193933 0.0067102883359842942 0.003027906200371239 -0.0077325675293288742 -0.0043301723553806999 0.0058470416176833653 8.9202858981675344e-05 0.0027909497843778617 -0.0037154367242611406 0.0024892065320093054 8.8051234053313827e-05 -0.0067530028676087393 0.00019991151584834808 -0.0007307890835242598
leaf_weight=94 699 55 50 526 853 217 50 318 51 105 213 52 147 84 115 52 60 106 71 5990 216 83 59 68 54 63 57
leaf_count=94 699 55 50 526 853 217 50 318 51 105 213 52 147 84 115 52 60 106 71 5990 216 83 59 68 54 63 57
internal_value=-3.58358e-07 0.00181898 -0.00188331 -3.59804e-05 0.000404879 0.00146791 -0.000396803 -0.00246704 -0.00044831 0.000340342 -0.00121232 -0.00157938 0.000913575 0.002746 0.00329769 -0.000200959 -0.00245168 -0.000111128 7.95556e-05 1.14668e-05 -0.00122829 0.000967474 -0.00210104 -0.00294287 -0.00102476 -0.00296945 0.00101765
internal_weight=10508 199 105 10309 2799 1206 1593 420 481 1173 430 370 1000 725 641 7510 286 7224 6167 6096 1057 299 758 173 226 117 109
internal_count=10508 199 105 10309 2799 1206 1593 420 481 1173 430 370 1000 725 641 7510 286 7224 6167 6096 1057 299 758 173 226 117 109
is_linear=0
shrinkage=0.05


Tree=140
num_leaves=18
num_cat=0
split_feature=7 7 12 1 1 3 23 11 4 23 9 23 10 8 45 21 8
split_gain=0.250248 0.278367 0.567601 0.309663 1.53848 0.762026 0.812907 1.00913 0.97622 0.677848 0.912639 0.792886 0.624737 0.647471 0.394021 0.335359 0.102899
threshold=-1.4384072874673663 -1.3473979676796055 0.13741569920163518 2.0027621000963975 2.999984640577309 -1.0656515049507227 -0.88293138434784846 -1.3841355423545803 0.90736816726933467 -0.93108986633979185 -0.14457758784494165 -0.85950941628006472 0.76298385804910518 0.10569676550259771 1.0000000180025095e-35 0.97613423984841008 -0.37309674468848647
decision_type=2 2 2 2 2 2 2 2 2 2 2 2 2 2 2 2 2
left_child=-1 2 -2 5 14 12 7 -7 -8 10 -6 -11 13 -3 15 -5 -16
right_child=1 3 -4 4 9 6 8 -9 -10 11 -12 -13 -14 -15 16 -17 -18
leaf_value=0.0034897226176849785 0.00088789552507919929 0.0011033714704458888 -0.004689022846831056 -0.0019672365724765391 0.0004885848281075216 -0.006080767983194132 -0.00033564208985618622 -0.00032856437345526909 0.0013352568178586358 -0.0037541716865669623 0.0046887242768083471 -7.4133827395316177e-05 -0.0056846215189229731 -0.0036421568285029526 -0.0026250392315197183 -0.0049311036952332686 0
leaf_weight=51 87 179 93 187 601 83 1307 961 2614 153 166 3420 84 119 53 213 137
leaf_count=51 87 179 93 187 601 83 1307 961 2614 153 166 3420 84 119 53 213 137
internal_value=-2.74151e-07 -1.78066e-05 -0.00196675 1.58612e-05 -0.000269453 0.00027986 0.000446251 -0.000791203 0.000777021 5.51086e-05 0.00140462 -0.000233217 -0.00186926 -0.000775468 -0.00266499 -0.00355883 -0.000756024
internal_weight=10508 10457 180 10277 4930 5347 4965 1044 3921 4340 767 3573 382 298 590 400 190
internal_count=10508 10457 180 10277 4930 5347 4965 1044 3921 4340 767 3573 382 298 590 400 190
is_linear=0
shrinkage=0.05


Tree=141
num_leaves=21
num_cat=0
split_feature=3 5 14 43 3 10 14 6 11 12 51 12 0 6 25 29 12 0 36 11
split_gain=0.242841 0.311487 0.258244 0.254266 0.779711 0.679231 0.579624 0.515823 0.534289 0.480239 0.479319 0.473666 0.412742 0.632834 0.743873 0.501219 0.787944 0.43067 1.01914 0.377553
threshold=2.4832778533449802 0.34895531408831865 2.5301415430367791 1.0000000180025095e-35 0.46577931331243877 -0.83838168722446227 1.3111081026073432 -0.98685561891030982 0.24584334640806907 -0.40177964108638148 1.0000000180025095e-35 0.79639832972346869 -2.0255244191036303 -0.31050716044216109 0.99973034052983667 -1.8187052433926183 0.81465905425244911 -1.7043795702481404 1.0000000180025095e-35 2.4683547738524814
decision_type=2 2 2 2 2 2 2 2 2 2 2 2 2 2 2 2 2 2 2 2
left_child=3 2 -2 12 5 10 -6 -7 -9 -8 -5 -11 13 -1 -15 16 -14 18 -17 -19
right_child=1 -3 -4 4 6 7 9 8 -10 11 -12 -13 15 14 -16 17 -18 19 -20 -21
leaf_value=-0.00055735533830247484 0.0060346684068255489 -0.0011102684359918322 0.0010123828675020188 0.0071061430978025687 -0.0070487847910249372 -0.0043403978928553697 0.0024763871961879262 -0.0012168266718970212 0.0019081447495883598 -0.0053350709445169359 0.00059709133926931209 0.0006379065818818818 0 0.0093271589507175692 0.00067540184319485894 0.0011915296693886079 -0.007916092893897891 0.00012571492055312366 -0.0060242401908065712 -0.0042249221488565745
leaf_weight=96 52 54 56 52 70 81 50 378 214 91 66 50 83 51 51 100 51 8718 94 50
leaf_count=96 52 54 56 52 70 81 50 378 214 91 66 50 83 51 51 100 51 8718 94 50
internal_value=-3.86752e-07 0.0019194 0.00348012 -3.09488e-05 -0.000767965 7.76533e-06 -0.00313718 -0.000599546 -7.86157e-05 -0.00167451 0.00351141 -0.00318261 5.19444e-05 0.00230979 0.00505515 2.22151e-06 -0.0030314 4.81715e-05 -0.00228031 0.000100287
internal_weight=10508 162 108 10346 1052 791 261 673 592 191 118 141 9294 198 102 9096 134 8962 194 8768
internal_count=10508 162 108 10346 1052 791 261 673 592 191 118 141 9294 198 102 9096 134 8962 194 8768
is_linear=0
shrinkage=0.05


Tree=142
num_leaves=18
num_cat=0
split_feature=8 12 10 8 23 21 4 2 13 30 6 8 12 45 7 8 2
split_gain=0.237223 0.560845 0.285882 0.287721 0.764003 1.13033 1.29562 0.837518 0.724279 0.767151 0.420746 1.05289 0.97201 0.891914 0.883983 0.817257 0.538942
threshold=2.2555743982909155 -0.16778035801446481 2.4423532339146643 0.97590009239564723 -1.004784433520221 0.95039139260027106 0.90736816726933467 -0.58700346615482613 14.974318478100129 -0.13613141959374589 -0.94855472653414619 0.2548376011455753 -0.5781604613604554 1.0000000180025095e-35 1.4864198913646518 0.42046960557497998 0.46454862166374045
decision_type=2 2 2 2 2 2 2 2 2 2 2 2 2 2 2 2 2
left_child=2 -2 3 10 8 7 -7 -6 -5 -10 11 13 -13 -1 16 -16 -12
right_child=1 -3 -4 4 5 6 -8 -9 9 -11 14 12 -14 -15 15 -17 -18
leaf_value=0.0007018413534727769 0.001210313981710691 -0.0048484551402904127 -0.0034990481272235436 -0.0072794380173116279 0.0025938055294344661 -0.00069290760780063901 0.0037691619123305224 -0.0024129210881219942 0.0032363477429290972 -0.0041055435329937148 -0.000301564651111025 -0.008123544338443648 -0.0016832790461991079 -0.0029758171977790782 0.0014014760807474543 0.0077568411716578594 0.00065911929874052158
leaf_weight=751 71 80 57 51 118 235 516 281 73 69 5314 83 209 211 316 61 2012
leaf_count=751 71 80 57 51 118 235 516 281 73 69 5314 83 209 211 316 61 2012
internal_value=-3.08718e-07 -0.00196762 2.79097e-05 4.79471e-05 0.00073064 0.001222 0.00236635 -0.000919428 -0.00217035 -0.000296383 -5.38638e-05 -0.000903502 -0.00353317 -9.98254e-05 8.38129e-05 0.00244484 -3.70362e-05
internal_weight=10508 151 10357 10300 1343 1150 751 399 193 142 8957 1254 292 962 7703 377 7326
internal_count=10508 151 10357 10300 1343 1150 751 399 193 142 8957 1254 292 962 7703 377 7326
is_linear=0
shrinkage=0.05


Tree=143
num_leaves=19
num_cat=0
split_feature=15 15 2 13 6 8 22 14 8 7 16 16 23 36 8 22 12 25
split_gain=0.239803 0.22888 0.785221 1.00098 0.850597 0.764848 0.944507 0.718884 0.747453 0.55941 0.547599 1.13724 0.770965 1.00025 0.775632 0.661863 0.315901 0.297857
threshold=1.0000000180025095e-35 3.9868062739364509 1.3902982377565367 16.995766387913697 -0.83048487983839447 -1.5072531786995154 4.9744553218112406 0.90006038617535933 0.58686100487295301 -1.4116473380301444 0.0074517921751326007 0.98972619626829872 -0.68827658024923977 1.0000000180025095e-35 0.053972543471066954 5.9996751502361008 0.18869164831054552 0.017156789767456552
decision_type=2 2 2 2 2 2 2 2 2 2 2 2 2 2 2 2 2 2
left_child=-1 2 4 -4 7 -6 -7 -2 -9 -3 12 17 14 -14 -11 -13 -5 -12
right_child=1 9 3 16 5 6 -8 8 -10 10 11 15 13 -15 -16 -17 -18 -19
leaf_value=0.0030970646578356645 0.0025589504805451622 0.0046903343823331218 -0.0024093581639268724 0.0083328707803558694 -0.0045780546779594497 -0.00061969242592621598 0.0021586702221400608 -0.0021565383722633251 -0.0073218948333636791 -0.0011592607771599736 -0.0038730226753065596 -0.00010279057125812697 0.003491244596084294 -2.5928059042143367e-05 0.0018249589089885136 0.0021109238051894978 0.0027798767940118881 -0.0012210785717759829
leaf_weight=62 56 66 58 56 95 1309 399 286 95 624 227 5397 466 352 334 360 54 212
leaf_count=62 56 66 58 56 95 1309 399 286 95 624 227 5397 466 352 334 360 54 212
internal_value=-3.24023e-07 -1.9216e-05 -0.000447218 0.00284284 -0.000696321 -0.000213569 2.65125e-05 -0.00267614 -0.00345919 0.000108386 6.97661e-05 -0.000151415 0.000844189 0.00197181 -0.000113533 3.48044e-05 0.00565727 -0.00260431
internal_weight=10508 10446 2408 168 2240 1803 1708 437 381 8038 7972 6196 1776 818 958 5757 110 439
internal_count=10508 10446 2408 168 2240 1803 1708 437 381 8038 7972 6196 1776 818 958 5757 110 439
is_linear=0
shrinkage=0.05


Tree=144
num_leaves=22
num_cat=0
split_feature=4 4 20 10 14 35 17 17 23 23 21 14 17 12 27 10 12 43 35 35 25
split_gain=0.235701 0.306237 0.857475 0.585385 0.867552 0.625597 0.320727 1.47255 0.67053 1.17821 0.763675 0.738468 1.18734 0.626589 1.06924 0.929456 0.599591 0.559384 0.303489 0.508284 0.189641
threshold=4.6383321639737689 3.0168191366863319 0.95490289962567598 -0.22553879659441953 2.9900021548411773 0.43124448495357087 1.9955975600497167 1.0002211483747809 0.043497739588190455 0.1647225216473108 0.98070637075473555 3.3258562608985351 2.0011858512989225 -0.74393226401545853 0.95864645667190829 -0.78812947635010222 -1.0789327477729989 1.0000000180025095e-35 0.009205331465844251 0.99944630601664541 1.0000000180025095e-35
decision_type=2 2 2 2 2 2 2 2 2 2 2 2 2 2 2 2 2 2 2 2 2
left_child=1 6 -3 5 -5 -4 7 13 11 10 -10 17 -13 15 -15 -1 -11 -8 20 -20 -9
right_child=-2 2 3 4 -6 -7 8 18 9 16 -12 12 -14 14 -16 -17 -18 -19 19 -21 -22
leaf_value=0.0024340322801440586 0.0034205271196951293 0.004492622522819424 -0.0020882977784867701 0.0036293277830996072 -0.0037056999848467478 -0.0095318012556689473 0.00049531631868618062 -0.0044616949775474514 -0.0002355875831036118 0.0020167719483362586 -0.0063562833837780847 0.0037612526689264274 0.00039323389168546526 -0.00025466107792989441 0.0017284775898549851 -0.0018640964027255497 -0.00033762009725909754 -0.0021548943146625062 -3.1279369408272617e-05 -0.0041461364965949257 -0.0021970078772620238
leaf_weight=153 50 50 70 69 96 50 1895 181 88 316 127 457 621 1842 1074 687 1871 222 265 106 218
leaf_count=153 50 50 70 69 96 50 1895 181 88 316 127 457 621 1842 1074 687 1871 222 265 106 218
internal_value=-3.04222e-07 -1.717e-05 -0.00150458 -0.00257546 -0.0006077 -0.00523674 3.15732e-05 -0.000280838 0.000285098 -0.000344639 -0.00387559 0.000760095 0.0018259 0.000126268 0.000474074 -0.00107507 3.56933e-07 0.000214951 -0.00227292 -0.00122123 -0.00323774
internal_weight=10508 10458 335 285 165 120 10123 4526 5597 2402 215 3195 1078 3756 2916 840 2187 2117 770 371 399
internal_count=10508 10458 335 285 165 120 10123 4526 5597 2402 215 3195 1078 3756 2916 840 2187 2117 770 371 399
is_linear=0
shrinkage=0.05


Tree=145
num_leaves=24
num_cat=0
split_feature=9 11 1 42 6 7 13 9 17 13 23 13 3 5 5 13 13 6 0 13 31 25 0
split_gain=0.228646 1.11194 0.465804 0.26544 0.571173 1.27577 0.491985 0.51712 0.352515 0.776056 0.878205 0.768132 1.05168 0.676168 0.572815 0.556236 0.945707 1.42825 0.613414 0.518894 0.459055 0.347344 0.226482
threshold=-0.66081716861732442 0.04926335430518116 2.0593929658931929 1.0000000180025095e-35 2.2532559186398502 -1.0875010425468161 11.861780543702489 -0.49172467545134479 3.0380050744720326 15.104804227696059 -0.66442216141781263 20.859171488999042 -1.0096175689182696 -0.52835928005597377 -0.71259808933842328 16.995766387913697 18.001408823048529 0.19804645279063623 1.642849099407367 16.000113519109131 0.090028420062367318 0.080499698583419266 0.25040296556145214
decision_type=2 2 2 2 2 2 2 2 2 2 2 2 2 2 2 2 2 2 2 2 2 2 2
left_child=1 -1 -3 8 5 22 -7 -8 15 10 -10 12 -11 -12 -13 19 18 -18 -17 20 -2 -21 -5
right_child=3 2 -4 4 -6 6 7 -9 9 11 13 14 -14 -15 -16 16 17 -19 -20 21 -22 -23 -24
leaf_value=0.0056378141530531133 0.00034916811348040196 0.0012794765792516637 -0.0053302095846055513 0.0071930727182952202 -0.0059382657004620684 0.0036725167819865174 -0.0035583345174443337 -0.0006955942542413334 -0.0033251930117092912 -0.0069169122906782123 -0.0010445064661862365 0.0055706814660164659 -0.0014568172481341758 0.0049893199905041638 -0.00023867815943809991 0.0019303272806017197 0.00075151807757314806 -0.0014335279237667133 -0.002641192606641838 -0.0048779927387847116 -0.0010031357240048566 -0.00054697759643485976 0.0023955203052488765
leaf_weight=94 1597 55 50 51 50 54 192 930 68 105 65 50 580 152 269 1243 2476 1071 77 102 1031 90 56
leaf_count=94 1597 55 50 51 50 54 192 930 68 105 65 50 580 152 269 1243 2476 1071 77 102 1031 90 56
internal_value=-3.67513e-07 0.00167742 -0.0018225 -3.32557e-05 -0.000691919 -0.000483119 -0.000962371 -0.0011902 6.40102e-05 -0.000700312 0.00159394 -0.00135664 -0.00230195 0.00315927 0.000657671 0.000192834 0.000517009 9.03223e-05 0.00165969 -0.000364882 -0.000179474 -0.0028752 0.00473347
internal_weight=10508 199 105 10309 1333 1283 1176 1122 8976 1289 285 1004 685 217 319 7687 4867 3547 1320 2820 2628 192 107
internal_count=10508 199 105 10309 1333 1283 1176 1122 8976 1289 285 1004 685 217 319 7687 4867 3547 1320 2820 2628 192 107
is_linear=0
shrinkage=0.05


Tree=146
num_leaves=21
num_cat=0
split_feature=13 29 11 8 29 3 51 14 8 10 2 30 5 8 8 9 5 1 5 46
split_gain=0.228098 0.674225 1.58586 0.75127 0.764685 0.7849 0.739238 0.850133 0.491775 0.875458 0.478538 0.389956 0.294768 0.691175 0.939435 0.773484 0.630846 0.351852 0.584668 0.443056
threshold=23.996526308798625 -0.3723379801924584 0.86903823106531763 -0.93745059495729344 0.2647523619314211 -0.58937472905431321 1.0000000180025095e-35 2.7302178312011516 0.36110877479243525 -0.44312719565666553 1.0957817305937729 2.6324779449081164 -1.7258887823609055 0.97590009239564723 0.36638751890562177 -0.18007763944664126 -1.6352284761892857 0.93253377071626808 -0.66575291030971762 1.0000000180025095e-35
decision_type=2 2 2 2 2 2 2 2 2 2 2 2 2 2 2 2 2 2 2 2
left_child=11 2 8 -3 6 -6 7 -5 9 -2 -7 12 13 14 15 -1 -14 18 -18 -19
right_child=1 3 -4 4 5 10 -8 -9 -10 -11 -12 -13 16 -15 -16 -17 17 19 -20 -21
leaf_value=0.00014320505995512757 -0.0018513579878610778 0.0052641731082649426 -0.0051346755584705623 -0.0096879764254132611 0.0055095733446641881 0.0012023616902017828 0.00029526343411527219 -0.0012995545305738473 0.0082256759648304308 0.0059865266379606347 -0.0047453833254152413 0.0042889297784920307 -0.0048094198205889359 0.0065341456377573607 -0.0050784259620387778 0.0059485101932843327 -0.0040911418101052342 9.2392797126018085e-05 -0.00049994418569451738 -0.0012639049619336158
leaf_weight=241 56 54 50 63 69 91 90 61 69 94 53 51 72 53 64 76 136 7703 709 653
leaf_count=241 56 54 50 63 69 91 90 61 69 94 53 51 72 53 64 76 136 7703 709 653
internal_value=-4.23007e-07 0.000839309 0.00284511 -0.000272401 -0.000985352 0.0011181 -0.00310187 -0.00560608 0.00469131 0.00302779 -0.000953815 -6.54852e-05 -8.8922e-05 0.00118324 0.000424249 0.00155222 -0.000149014 -0.00011195 -0.00108427 -1.30139e-05
internal_weight=10508 750 269 481 427 213 214 124 219 150 144 9758 9707 434 381 317 9273 9201 845 8356
internal_count=10508 750 269 481 427 213 214 124 219 150 144 9758 9707 434 381 317 9273 9201 845 8356
is_linear=0
shrinkage=0.05


Tree=147
num_leaves=16
num_cat=0
split_feature=4 4 20 3 35 10 15 1 22 22 46 14 30 29 21
split_gain=0.213111 0.272857 0.776645 0.575016 0.405769 0.323919 0.297173 0.271218 0.269172 0.880193 1.06139 0.52819 0.92679 0.582776 0.317431
threshold=4.6383321639737689 3.0168191366863319 0.95490289962567598 0.31436486179306861 0.96685137107671171 -0.050973786023149038 1.0000000180025095e-35 2.7708481190440475 3.997867226025662 3.0005536939833553 1.0000000180025095e-35 1.2796092851861387 -0.57684518820987274 1.0412406868803692 0.99988648089087229
decision_type=2 2 2 2 2 2 2 2 2 2 2 2 2 2 2
left_child=1 6 -3 4 7 -5 -1 -4 9 10 -8 12 -10 -13 -11
right_child=-2 2 3 5 -6 -7 8 -9 11 14 -12 13 -14 -15 -16
leaf_value=0.0035062379561937775 0.0032523939244731696 0.0042855121064261951 -0.0016705052557818849 -0.0083701955708498487 -0.0041131689822217592 -0.0025437920419552904 0.00051519656467219951 0.0030166385907997081 -0.0023866580365125623 -0.00073169764712891416 -0.0051048121219093258 0.00019118479766314664 0.00014358551310006184 0.0017554407853653767 -0.0029112164972433484
leaf_weight=61 50 50 55 50 60 52 1453 68 522 307 89 5465 1169 670 387
leaf_count=61 50 50 55 50 60 52 1453 68 522 307 89 5465 1169 670 387
internal_value=-3.51886e-07 -1.64124e-05 -0.00142043 -0.00244017 -0.00073082 -0.00545424 2.95705e-05 0.000880489 7.96192e-06 -0.000475311 0.000187273 0.000146683 -0.000634621 0.000362857 -0.00195453
internal_weight=10508 10458 335 285 183 102 10123 123 10062 2236 1542 7826 1691 6135 694
internal_count=10508 10458 335 285 183 102 10123 123 10062 2236 1542 7826 1691 6135 694
is_linear=0
shrinkage=0.05


Tree=148
num_leaves=30
num_cat=0
split_feature=8 0 1 1 15 12 6 2 6 8 17 11 7 8 23 5 23 6 12 12 5 12 9 21 0 9 57 35 12
split_gain=0.225478 0.772645 0.24465 1.12453 1.12687 1.14633 0.669624 0.565522 2.11726 0.720421 0.707606 0.970897 0.594756 0.906101 0.784792 0.579782 0.539515 1.07142 0.668351 0.516547 0.488819 0.792663 0.499031 0.364702 0.330179 0.25069 0.166125 0.0867818 0.0626789
threshold=2.2555743982909155 -0.12508369300457642 3.0011858512989225 3.9893355857625767 2.0021425146187655 1.0000000180025095e-35 -0.13045110073543056 0.50463784235087661 -0.85151693537823803 -0.19203110011828436 4.9992858284604127 -0.25614664581974089 -0.30519533697923035 0.67151013361610112 -0.34753045245865283 -0.020039357899577347 -0.88293138434784846 -0.6487805085476831 0.40926984427491747 0.071530378152673962 -0.62382547398340205 0.87624090045183245 2.637903517924562 0.99988648089087229 0.011479549275364551 -0.3221597257535298 1.0000000180025095e-35 0.019156932535670305 -0.063690351231603839
decision_type=2 2 2 2 2 2 2 2 2 2 2 2 2 2 2 2 2 2 2 2 2 2 2 2 2 2 2 2 2
left_child=2 -2 7 23 5 26 -7 10 9 -9 16 19 13 -10 -14 -13 18 -18 -1 -12 21 -6 -22 27 25 -25 -5 -4 -26
right_child=1 -3 3 4 20 6 -8 8 12 -11 11 15 14 -15 -16 -17 17 -19 -20 -21 22 -23 -24 24 28 -27 -28 -29 -30
leaf_value=-0.0016438472322409634 -0.0060403995787418714 0.0011425207244636843 -0.0022754069190697545 0.0046501067037123924 -0.0029223907862245043 0.0035050716792936992 -0.0042586444500656608 -0.0074968053776099074 0.0028881048315421796 -0.00070676400564007166 0.0026186330644686335 0.0017819530979384869 0.0014435617765121 -0.0034458332582139092 0.0074892784099474738 0.0077798450331446369 0.0014035023543004814 -0.00024424766439802971 0.00063435795441483958 -0.0037364541013813462 0.00028826215913071703 0.0028342532356955561 -0.0039475638228602377 5.6255309920277975e-05 -0.0077752474272421964 -0.0043120031904071944 0.0088217435965585837 0 -0.0047864651098334333
leaf_weight=1013 65 86 76 52 332 58 53 67 280 98 58 80 96 70 129 87 1305 4032 468 70 1407 72 73 55 50 74 61 91 50
leaf_count=1013 65 86 76 52 332 58 53 67 280 98 58 80 96 70 129 87 1305 4032 468 70 1407 72 73 55 50 74 61 91 50
internal_value=-3.15811e-07 -0.00191833 2.71833e-05 -0.000402582 5.43903e-05 0.00340825 -0.00015742 0.000164858 0.00148038 -0.00349709 2.72761e-05 0.00242486 0.00291775 0.00160641 0.00493377 0.00493931 -7.57629e-05 0.000157741 -0.000920558 -0.000817977 -0.000341877 -0.00188363 7.57022e-05 -0.00284717 -0.00414999 -0.00241224 0.00695207 -0.00102935 -0.00633708
internal_weight=10508 151 10357 2504 2108 224 111 7853 740 165 7113 295 575 350 225 167 6818 5337 1481 128 1884 404 1480 396 229 129 113 167 100
internal_count=10508 151 10357 2504 2108 224 111 7853 740 165 7113 295 575 350 225 167 6818 5337 1481 128 1884 404 1480 396 229 129 113 167 100
is_linear=0
shrinkage=0.05


Tree=149
num_leaves=22
num_cat=0
split_feature=10 23 6 2 2 2 3 0 41 10 31 24 10 9 0 10 6 17 9 47 3
split_gain=0.210127 0.23202 0.63195 0.526893 0.623024 0.868924 0.817729 0.434307 0.334257 0.606457 0.770792 0.742827 0.74047 0.841268 0.725831 0.527101 1.00894 0.639421 0.482166 0.82461 0.598966
threshold=2.4423532339146643 1.5081867512838751 0.49139379538972622 -1.3374870098176774 0.38616914785395151 1.0391164272044693 0.14974252036532057 0.15331121648133447 1.0000000180025095e-35 0.76298385804910518 0.55682878280263681 0.99782258833717463 -0.90838758885663806 -0.51145097781653071 -1.4822730188029205 -1.1883660384305235 1.7437587568727599 2.2335124322246762 -0.26294445176268694 1.0000000180025095e-35 1.8856381460239338
decision_type=2 2 2 2 2 2 2 2 2 2 2 2 2 2 2 2 2 2 2 2 2
left_child=1 8 3 -3 6 -6 -5 -4 15 12 11 -11 13 -10 -14 16 17 -1 19 -17 -20
right_child=-2 2 7 4 5 -7 -8 -9 9 10 -12 -13 14 -15 -16 18 -18 -19 20 -21 -22
leaf_value=0.0026638946865437715 -0.002999314700979451 -0.0044277443009953276 0.0071949815254677384 0.00017658740091010481 -0.003731888890924193 0.0027914558216558302 0.0049244971704452828 0.0013404061736265016 -0.0083918383372346139 -0.0026429705621743849 0.0011912331554082038 -0.0096465126903112729 0.0060403422070158521 -0.0012098340451395248 3.4045107985547557e-05 0.00049412272772879091 -0.0053198685025402084 -0.00041838354519560593 -0.00083482814412620297 -0.0013079384991418221 0.0031502232984041614
leaf_weight=548 58 56 59 271 148 77 138 74 51 152 84 52 53 215 989 4163 54 239 2181 748 98
leaf_count=548 58 56 59 271 148 77 138 74 51 152 84 52 53 215 989 4163 54 239 2181 748 98
internal_value=-2.49917e-07 1.59457e-05 0.000822045 0.00020588 0.000623678 -0.00147699 0.00179161 0.00397857 -5.24552e-05 -0.000713639 -0.00279207 -0.00445654 -0.000252001 -0.00260826 0.000344896 7.83264e-05 0.00126292 0.00172157 -5.95532e-05 0.00021861 -0.000661141
internal_weight=10508 10450 823 690 634 225 409 133 9627 1596 288 204 1308 266 1042 8031 841 787 7190 4911 2279
internal_count=10508 10450 823 690 634 225 409 133 9627 1596 288 204 1308 266 1042 8031 841 787 7190 4911 2279
is_linear=0
shrinkage=0.05


Tree=150
num_leaves=30
num_cat=0
split_feature=3 22 16 13 13 10 48 27 9 29 9 15 23 3 39 11 9 3 10 2 4 3 7 5 15 11 15 14 48
split_gain=0.198839 0.498767 0.32481 0.287034 0.701348 1.17382 0.818068 0.520211 0.453789 0.641349 0.760791 0.41226 0.440834 0.343071 0.660611 1.14982 1.15375 0.653066 0.717111 0.674651 0.536603 0.518489 0.843314 1.03454 0.490435 0.758422 0.67886 0.4512 0.234833
threshold=2.4832778533449802 4.2556056608343269 0.99775815936918899 13.004637287977436 12.999701030582605 -0.1877220100811868 1.0000000180025095e-35 0.12964330951119749 -0.092775131856360438 -1.2153272562963462 -0.31969424464248081 4.4404224299449142 -0.069598267877320083 -0.42904730835112309 1.0000000180025095e-35 -0.42432273942586091 -0.21558793642941343 0.14974252036532057 -0.087526812628391196 -1.3374870098176774 0.99667128552813999 -0.43075179080372944 -1.1326120015354113 0.58020419472821849 8.9951572168196243 0.66363626720202051 9.0021774116628261 2.5153904573555903 1.0000000180025095e-35
decision_type=2 2 2 2 2 2 2 2 2 2 2 2 2 2 2 2 2 2 2 2 2 2 2 2 2 2 2 2 2
left_child=3 2 -2 4 8 28 -7 -8 9 -1 -11 -10 -13 21 17 20 -17 18 -15 -19 -16 24 27 -24 25 -5 -26 -23 -6
right_child=1 -3 -4 13 5 6 7 -9 11 10 -12 12 -14 14 15 16 -18 19 -20 -21 -22 22 23 -25 26 -27 -28 -29 -30
leaf_value=-0.0033532640884214311 0.0028213935781182782 0.0058853624964843023 -0.0025773505435619389 -0.00093576851917187207 0.0041538566540547479 0.0041152530168901543 -0.0059496995760574796 0.00061249577308238089 0.0015120508684184396 0.00030710130136109878 0.0049243271419578717 -0.007267872823170771 -0.0012917982404191191 -0.0022555853504779206 -0.001052137252295648 0.0011818825103520284 -0.004578248076536554 -0.0018545701321558018 0 0.00050997315139937334 -0.0060877732074944568 -0.0062510605019365983 0.0029894447456154014 -0.0012311141534925799 0.0043743976749938364 0.0012221802434274067 0.00035682665519891463 0.00027747152984542719 0.0090701529511348199
leaf_weight=91 51 50 61 1794 50 90 52 69 51 506 109 53 80 662 80 336 117 339 746 2697 173 51 560 194 125 525 684 52 60
leaf_count=91 51 50 61 1794 50 90 52 69 51 506 109 53 80 662 80 336 117 339 746 2697 173 51 560 194 125 525 684 52 60
internal_value=-2.1883e-07 0.00173691 -7.4067e-05 -2.7919e-05 0.000694746 0.00269808 0.000488529 -0.00216892 -2.24083e-05 0.000548344 0.00113424 -0.00223863 -0.00371448 -0.000124275 -0.00039416 -0.00181554 -0.00029548 -0.00016719 -0.00105786 0.000244249 -0.00451628 0.000223257 0.0013131 0.00189687 -7.37678e-05 -0.000445041 0.000984232 -0.00290953 0.00688669
internal_weight=10508 162 112 10346 1211 321 211 121 890 706 615 184 133 9135 5150 706 453 4444 1408 3036 253 3985 857 754 3128 2319 809 103 110
internal_count=10508 162 112 10346 1211 321 211 121 890 706 615 184 133 9135 5150 706 453 4444 1408 3036 253 3985 857 754 3128 2319 809 103 110
is_linear=0
shrinkage=0.05


Tree=151
num_leaves=21
num_cat=0
split_feature=8 0 8 6 35 4 0 29 15 17 0 9 14 6 6 12 8 22 1 27
split_gain=0.207861 0.701422 0.233572 0.621462 1.09734 1.21136 0.830553 0.750035 0.615491 1.16705 0.555892 0.399331 0.446861 1.54094 1.0324 0.535893 1.05711 0.512677 0.287369 0.241338
threshold=2.2555743982909155 -0.12508369300457642 0.97590009239564723 -0.55231346803963521 0.18265199055037126 0.046896911157641955 -0.46386229958670905 -1.2776867640214624 4.1560193018695752 1.9548813999700856 -1.210897078370935 3.949321427503437 0.63002562433882392 1.1204379447756219 0.042265824445243357 1.4774271758183073 -0.35788918471760783 2.0086302295448077 1.9997303405298366 0.42073604093876055
decision_type=2 2 2 2 2 2 2 2 2 2 2 2 2 2 2 2 2 2 2 2
left_child=2 -2 11 4 6 -6 -4 -5 9 -9 -10 12 13 14 -1 17 -17 -14 -8 -7
right_child=1 -3 3 7 5 19 18 8 10 -11 -12 -13 15 -15 -16 16 -18 -19 -20 -21
leaf_value=0.0013428642133496498 -0.0057695831184328391 0.0010722756632966068 0.0091133873027546101 0.0045432774129411015 -0.0072955352895541824 -0.00012860054372574719 -0.00025782228134337638 -0.001710551748215268 -0.0058775829761656493 0.0045305251206726087 -0.00085235830213742109 -0.0032714878550549422 0.0019182998705923292 -0.0051581280019067366 0.0075409970255990487 0.0047609596287900915 -0.00011419309990464613 -0.00029233557738949414 0.0041109439338204807 0.0046663249382738045
leaf_weight=321 65 86 70 82 50 51 57 149 62 149 530 96 271 74 86 164 339 7656 100 50
leaf_count=321 65 86 70 82 50 51 57 149 62 149 530 96 271 74 86 164 339 7656 100 50
internal_value=-9.45889e-08 -0.00184167 2.62895e-05 0.000639927 0.00236006 -0.000915254 0.00456025 -2.40427e-05 -0.000450932 0.00139369 -0.001388 -6.51356e-05 -2.99955e-05 0.00145137 0.00266636 -0.000115129 0.00146601 -0.000216107 0.00249385 0.00219794
internal_weight=10508 151 10357 1350 378 151 227 972 890 298 592 9007 8911 481 407 8430 503 7927 157 101
internal_count=10508 151 10357 1350 378 151 227 972 890 298 592 9007 8911 481 407 8430 503 7927 157 101
is_linear=0
shrinkage=0.05


Tree=152
num_leaves=18
num_cat=0
split_feature=7 6 1 1 3 3 3 17 35 44 15 8 1 1 45 21 8
split_gain=0.203915 0.251812 0.216034 1.21016 0.695737 0.712378 0.973208 0.768719 0.623834 0.83806 0.56341 1.23053 0.652505 0.357982 0.347389 0.295101 0.0959802
threshold=-1.4384072874673663 3.1922895879637587 2.0027621000963975 2.999984640577309 -1.0656515049507227 0.44012150078324203 0.43975276555098036 3.8993311796983945 0.99944630601664541 1.0000000180025095e-35 2.0562817501514101 0.060979111758852809 3.0011858512989225 1.888057376273081 1.0000000180025095e-35 0.97613423984841008 -0.37309674468848647
decision_type=2 2 2 2 2 2 2 2 2 2 2 2 2 2 2 2 2
left_child=-1 2 4 14 8 6 -6 -7 9 -2 11 -5 -12 -10 15 -4 -16
right_child=1 -3 3 10 5 7 -8 -9 13 -11 12 -13 -14 -15 16 -17 -18
leaf_value=0.0031502620530280117 0.003680680643417731 -0.0028445630674172918 -0.0016921060094486039 0.0039992293904737714 0.00048289292037328774 -0.0010527411512275733 0.0033509747334619882 0.0028501979051280602 -0.0077338493994970952 -0.002342352869229296 0.0006095397193149702 -0.0010260382162236923 -0.00069943460293194946 -0.001861406407621108 -0.0023691322389646327 -0.0044671928474620277 0.0001047740085141745
leaf_weight=51 82 78 187 261 3393 1156 325 141 58 193 1645 226 2255 52 53 215 137
leaf_count=51 82 78 187 261 3393 1156 325 141 58 193 1645 226 2255 52 53 215 137
internal_value=-8.37337e-08 -1.59565e-05 4.84648e-06 -0.000232221 0.000224358 0.000382444 0.000735028 -0.000624401 -0.00182145 -0.000527533 5.30351e-05 0.00165718 -0.000146032 -0.00500741 -0.0023542 -0.00318947 -0.000559897
internal_weight=10508 10457 10379 4979 5400 5015 3718 1297 385 275 4387 487 3900 110 592 402 190
internal_count=10508 10457 10379 4979 5400 5015 3718 1297 385 275 4387 487 3900 110 592 402 190
is_linear=0
shrinkage=0.05


Tree=153
num_leaves=16
num_cat=0
split_feature=10 8 0 8 15 21 4 2 6 12 8 4 7 5 5
split_gain=0.197607 0.21787 0.699679 0.219245 0.678648 0.782414 0.86516 0.737009 0.39064 0.953257 1.07709 0.924227 0.729781 0.8635 0.467925
threshold=2.4423532339146643 2.2555743982909155 -0.12508369300457642 0.97590009239564723 1.3972541732550943 0.95039139260027106 0.90736816726933467 -0.58700346615482613 -0.94855472653414619 -0.5499887247779659 0.14409248025558988 0.13614250260916802 1.4864198913646518 -0.60519962124314752 1.3651571918645695
decision_type=2 2 2 2 2 2 2 2 2 2 2 2 2 2 2
left_child=1 3 -3 8 -5 7 -7 -6 9 10 -1 -11 14 -14 -10
right_child=-2 2 -4 4 5 6 -8 -9 12 11 -12 -13 13 -15 -16
leaf_value=-0.0013326725738374732 -0.0029084682068667295 -0.0058409693326559346 0.0010219453880509295 -0.0036699187202625626 0.0023875811885527287 -0.00054828150637705299 0.002940271189284643 -0.0021033195021442274 -0.00013991331637688918 0.0029180526178509305 -0.0074300962903584671 -0.00087556928154343102 0.0067781700229161083 0.00095032993500521439 0.0013421374803271522
leaf_weight=273 58 64 86 85 129 256 565 308 6748 211 100 670 82 295 578
leaf_count=273 58 64 86 85 129 256 565 308 6748 211 100 670 82 295 578
internal_value=-1.0708e-07 1.55842e-05 -0.00187486 4.36184e-05 0.000639585 0.00093501 0.00184646 -0.000765948 -4.51879e-05 -0.000863905 -0.00298233 2.75587e-05 8.74545e-05 0.00223264 -2.22846e-05
internal_weight=10508 10450 150 10300 1343 1258 821 437 8957 1254 373 881 7703 377 7326
internal_count=10508 10450 150 10300 1343 1258 821 437 8957 1254 373 881 7703 377 7326
is_linear=0
shrinkage=0.05


Tree=154
num_leaves=18
num_cat=0
split_feature=13 5 49 8 10 8 23 30 51 5 8 8 35 5 1 5 13
split_gain=0.195489 0.606659 0.51283 0.762249 0.672293 0.548793 0.382369 0.348921 0.3375 0.269523 0.595811 0.844031 0.769923 0.572479 0.303864 0.516437 0.37255
threshold=23.996526308798625 -1.4953728121906262 1.0000000180025095e-35 0.75401350876362672 0.65814016773790873 0.28226175646357327 -0.83424357620508871 2.6324779449081164 1.0000000180025095e-35 -1.7258887823609055 0.97590009239564723 0.36638751890562177 0.022304792749224103 -1.6352284761892857 0.93253377071626808 -0.66575291030971762 14.00218444525056
decision_type=2 2 2 2 2 2 2 2 2 2 2 2 2 2 2 2 2
left_child=7 -2 3 4 5 -3 -4 9 -8 10 11 12 -1 -11 15 -15 -16
right_child=1 2 6 -5 -6 -7 8 -9 -10 13 -12 -13 -14 14 16 -17 -18
leaf_value=0.0035726338466189004 -0.004157289451285023 0.0010315969234615588 -0.0040415452028527508 0.006234353095653275 0.0047150308275775692 -0.0042386583460872805 -0.0014366954302934313 0.0040584766920182111 0.0036168440182869931 -0.0045797054373288484 0.0061029678228155144 -0.0047864639048439909 -0.0014105461192587968 -0.0038345060457867586 0.00069572346655327516 -0.00045870439082752122 -0.000170521979700929
leaf_weight=186 57 241 66 90 98 62 81 51 55 72 53 64 131 136 1516 709 6840
leaf_count=186 57 241 66 90 98 62 81 51 55 72 53 64 131 136 1516 709 6840
internal_value=-1.28622e-07 0.000777232 0.00119086 0.00206629 0.00111703 -3.13516e-05 -0.000912291 -6.03963e-05 0.000571434 -8.25933e-05 0.00113384 0.000428056 0.00149778 -0.000140076 -0.000104742 -0.00100833 -1.27573e-05
internal_weight=10508 750 693 491 401 303 202 9758 136 9707 434 381 317 9273 9201 845 8356
internal_count=10508 750 693 491 401 303 202 9758 136 9707 434 381 317 9273 9201 845 8356
is_linear=0
shrinkage=0.05


Tree=155
num_leaves=22
num_cat=0
split_feature=4 4 20 6 8 7 10 17 17 23 23 8 14 49 12 12 13 12 35 35 32
split_gain=0.190793 0.244324 0.705463 0.673731 0.551777 0.592134 0.479962 0.253542 1.12226 0.58266 1.00487 0.969905 0.764012 0.757529 0.563593 0.759969 0.708547 0.534149 0.271226 0.449306 0.188404
threshold=4.6383321639737689 3.0168191366863319 0.95490289962567598 -0.88977070297642802 -0.022596676758315497 -0.49475494647415358 -0.040886246072091091 1.9955975600497167 1.0002211483747809 0.043497739588190455 0.1647225216473108 -1.9535082326782447 3.3258562608985351 1.0000000180025095e-35 -0.94405497498006008 1.1552167356812204 21.773088167105833 -1.0789327477729989 0.009205331465844251 0.99944630601664541 0.23485749964326616
decision_type=2 2 2 2 2 2 2 2 2 2 2 2 2 2 2 2 2 2 2 2 2
left_child=1 7 -3 -4 5 -5 -6 8 14 11 13 -9 -13 -11 16 -16 -1 -12 20 -20 -10
right_child=-2 2 3 4 6 -7 -8 9 18 10 17 12 -14 -15 15 -17 -18 -19 19 -21 -22
leaf_value=-0.0021235148731349501 0.0030775529434699973 0.004092655895607992 -0.0075358805646700694 -0.0067776568501489616 -0.0023704190605453083 0.00032768046119798947 0.0040281153587976978 -0.0045928739550106529 -0.0035997802753412692 -0.0056588028080223566 0.0018883213682800806 0.00028084794463954674 0.0019434582129036317 0.00061276753389206159 0.00069411809014946252 -0.001566758356181616 0.0019932515532245245 -0.00033379193868833361 8.794066016831036e-05 -0.003745227898352558 -0.001127222884380842
leaf_weight=498 50 50 51 65 51 51 67 84 284 145 316 2066 1045 70 2697 430 131 1871 265 106 115
leaf_count=498 50 50 51 65 51 51 67 84 284 145 316 2066 1045 70 2697 430 131 1871 265 106 115
internal_value=-1.45541e-07 -1.53675e-05 -0.00134397 -0.0023164 -0.00115473 -0.0036131 0.00122064 2.81188e-05 -0.000249588 0.00025358 -0.000333374 0.000696412 0.000840978 -0.00359432 0.000105651 0.000381581 -0.001258 -1.03606e-05 -0.0019887 -0.000994491 -0.00290013
internal_weight=10508 10458 335 285 234 116 118 10123 4526 5597 2402 3195 3111 215 3756 3127 629 2187 770 371 399
internal_count=10508 10458 335 285 234 116 118 10123 4526 5597 2402 3195 3111 215 3756 3127 629 2187 770 371 399
is_linear=0
shrinkage=0.05


Tree=156
num_leaves=14
num_cat=0
split_feature=8 32 0 8 5 8 17 31 17 11 13 8 48
split_gain=0.205937 0.674099 0.650229 0.424116 0.704221 0.260328 0.218937 0.907264 0.933576 0.639825 0.625459 0.38986 0.229232
threshold=-2.1078829216025663 0.043456018975840907 0.28226036112787173 -1.8511445386620422 -0.11479523828861719 -1.7217297671478515 0.99833302829423731 0.97819142207465748 1.0000000180025095e-35 0.86903823106531763 26.993385593547355 -1.6455797982899247 1.0000000180025095e-35
decision_type=2 2 2 2 2 2 2 2 2 2 2 2 2
left_child=1 2 -1 4 -2 -5 7 9 -9 -7 11 -8 -12
right_child=3 -3 -4 5 -6 6 10 8 -10 -11 12 -13 -14
leaf_value=0.00071973370834254788 -0.0073704244565368851 -0.0032503417089814776 0.0077997282575359905 0.0026813028357534382 3.8358012909597525e-05 -0.0018754176678493044 -0.004123074932983843 0.0028733655497399039 -0.002737073132518592 0.0014058731476832365 0.006359300789024149 5.8213367989606675e-05 0.0014813190725615922
leaf_weight=88 52 51 53 90 80 902 56 296 98 176 51 8463 52
leaf_count=88 52 51 53 90 80 902 56 296 98 176 51 8463 52
internal_value=-1.24181e-07 0.00162146 0.00342009 -3.08049e-05 -0.00284577 5.21795e-06 -1.81735e-05 -0.000582123 0.00146485 -0.00133498 7.75331e-05 3.00925e-05 0.00394895
internal_weight=10508 192 141 10316 132 10184 10094 1472 394 1078 8622 8519 103
internal_count=10508 192 141 10316 132 10184 10094 1472 394 1078 8622 8519 103
is_linear=0
shrinkage=0.05


Tree=157
num_leaves=12
num_cat=0
split_feature=8 23 8 30 8 30 10 12 30 29 11
split_gain=0.185868 0.638248 0.382329 0.705526 0.234961 0.221346 0.542509 0.717702 0.51848 0.809149 0.428107
threshold=-2.1078829216025663 -0.30319992876624896 -1.8511445386620422 0.27371186789599861 -1.7217297671478515 1.5358600173055514 1.1487760119460064 -0.11750075632650499 1.110739364509836 -1.1275351785005752 -1.3424386564789084
decision_type=2 2 2 2 2 2 2 2 2 2 2
left_child=1 -1 3 -2 -4 8 7 -7 10 -10 -6
right_child=2 -3 4 -5 5 6 -8 -9 9 -11 -12
leaf_value=-0.0012720412679254457 0.00077944811578517276 0.0044631875398716686 0.0025473862995996199 -0.0064742179503213988 0.0011162931646125673 0.001754637945256798 -0.0052535029201512271 -0.0018758466728913395 -0.0029585967673924846 0.0018793086726131836 -0.00017284302507014794
leaf_weight=97 68 95 90 64 700 226 65 340 98 690 7975
leaf_count=97 68 95 90 64 700 226 65 340 98 690 7975
internal_value=0 0.00154052 -2.91683e-05 -0.00270187 5.00915e-06 -1.71888e-05 -0.000924188 -0.000417332 4.27713e-05 0.001271 -6.82325e-05
internal_weight=10508 192 10316 132 10184 10094 631 566 9463 788 8675
internal_count=10508 192 10316 132 10184 10094 631 566 9463 788 8675
is_linear=0
shrinkage=0.05


Tree=158
num_leaves=29
num_cat=0
split_feature=17 13 15 6 3 0 15 8 3 6 29 50 5 15 7 19 13 12 9 13 17 6 6 7 14 14 13 2
split_gain=0.181984 0.753302 1.20358 0.719634 1.24263 0.731049 0.696228 0.756474 0.750256 0.585593 0.725552 0.365904 1.12585 0.825828 0.970101 0.734193 0.406541 0.93053 1.22492 0.877177 1.29332 1.1692 1.09014 1.16979 0.754772 0.74033 0.34366 0.0379704
threshold=3.0380050744720326 15.001428343079178 3.9500181068942131 -1.0451002194295131 0.059290272472348006 1.1611214761445923 7.3255064663269369 -0.68842226340626478 0.43975276555098036 1.0000000180025095e-35 -0.27477850972538714 1.0000000180025095e-35 0.90353053447623743 8.9951572168196243 0.37536554909621761 0.022682088747306855 16.995766387913697 1.857132585157325 -0.66081716861732442 17.000905785234433 2.9999692811546179 -0.14808333625238757 0.19804645279063623 -0.74737150769587701 0.35113840563894594 0.7404664573759886 19.279552483152624 -0.21730060179826041
decision_type=2 2 2 2 2 2 2 2 2 2 2 2 2 2 2 2 2 2 2 2 2 2 2 2 2 2 2 2
left_child=11 2 -2 4 -3 6 8 -8 -5 10 -4 16 13 15 -15 -13 17 18 -1 20 21 -18 25 -24 -20 -21 -17 -22
right_child=1 3 9 5 -6 -7 7 -9 -10 -11 -12 12 -14 14 -16 26 19 -19 24 22 27 -23 23 -25 -26 -27 -28 -29
leaf_value=0.0070522185427853244 -0.0034850089331498824 0.0076324289302014672 0.0055965369148114411 -0.0039826302424348951 -0.0027198752244687666 0.0026769273685772416 0.0045711528423355791 -0.0012801498744026663 0 0.0071344192420238041 -0.0010052521024791715 0.0015471816763356202 0.0049478667277482258 0.0054410154475159024 -0.0030732731658896688 -0.0027254401232659803 -0.00072048493533744234 -0.0053505223748674807 -0.0058729664991450598 0.0033413358055691986 0.0059021235107185842 0.0039073871537496562 -0.00037942691799043858 -0.0045127914422895057 -0.00016222863940602242 0.00047730615673821143 -0.0063769302584254341 0.0084913621974053149
leaf_weight=58 85 60 71 453 55 94 68 291 159 74 98 60 65 68 65 141 330 88 59 245 50 231 1212 200 2961 2983 131 53
leaf_count=58 85 60 71 453 55 94 68 291 159 74 98 60 65 68 65 141 330 88 59 245 50 231 1212 200 2961 2983 131 53
internal_value=0 -0.000508764 0.00160434 -0.00110046 0.00263982 -0.00150924 -0.00191988 -0.000156937 -0.00294566 0.00340584 0.00174038 8.47233e-05 -0.00118849 -0.00205789 0.00124315 -0.00339533 0.000164997 -0.000282403 -0.000135712 0.000432996 0.00213334 0.00117656 0.000188552 -0.000968708 -0.000275642 0.000696327 -0.00450414 0.00728989
internal_weight=10508 1508 328 1180 115 1065 971 359 612 243 169 9000 530 465 133 332 8470 3166 3078 5304 664 561 4640 1412 3020 3228 272 103
internal_count=10508 1508 328 1180 115 1065 971 359 612 243 169 9000 530 465 133 332 8470 3166 3078 5304 664 561 4640 1412 3020 3228 272 103
is_linear=0
shrinkage=0.05


Tree=159
num_leaves=17
num_cat=0
split_feature=7 6 26 26 5 18 14 35 10 6 14 23 11 19 11 21
split_gain=0.180234 0.229218 0.198716 0.902315 0.64971 1.14653 0.675467 0.404872 0.346809 0.572745 0.977547 0.705502 0.564805 1.12008 0.611774 0.153151
threshold=-1.4384072874673663 3.1922895879637587 1.0000000180025095e-35 0.99062878869563853 0.086339244164020765 0.053921108081569705 2.3200261851335409 0.26169103524389581 -0.18707338244265445 2.010271789991791 2.5153904573555903 -0.54534767386305727 -1.4259934586600904 0.85866963004115904 0.99815730255514923 0.97430016920923213
decision_type=2 2 2 2 2 2 2 2 2 2 2 2 2 2 2 2
left_child=-1 2 8 7 6 -6 -5 15 9 11 -11 -2 13 -10 -14 -4
right_child=1 -3 3 4 5 -7 -8 -9 12 10 -12 -13 14 -15 -16 -17
leaf_value=0.0029618222674686612 -0.00026901148207451761 -0.0027136245765991603 -0.002535527984863522 0.0033277185568697208 0.00017784664647149247 -0.0063034374599550318 -0.000298675991783224 0.00030257479572814343 -0.0022654114914931463 -0.0075871421804245059 0.00080068794710972269 0.0011321753398932865 -0.00055535473733335668 0.0034277653535639413 0.00099109486056036178 -0.0055176498318697887
leaf_weight=51 1504 78 82 226 258 92 292 60 125 59 82 2213 4245 274 751 116
leaf_count=51 1504 78 82 226 258 92 292 60 125 59 82 2213 4245 274 751 116
internal_value=0 -1.48846e-05 4.9411e-06 -0.000621678 0.00014458 -0.00151284 0.00127418 -0.00321806 8.17408e-05 0.000444087 -0.00267657 0.00056388 -0.000176452 0.00163154 -0.000321876 -0.00430977
internal_weight=10508 10457 10379 1126 868 350 518 258 9253 3858 141 3717 5395 399 4996 198
internal_count=10508 10457 10379 1126 868 350 518 258 9253 3858 141 3717 5395 399 4996 198
is_linear=0
shrinkage=0.05


Tree=160
num_leaves=11
num_cat=0
split_feature=10 8 0 15 15 8 17 15 29 15
split_gain=0.177861 0.204663 0.622889 0.20416 0.276436 0.703442 0.75277 0.52608 1.00649 0.822018
threshold=2.4423532339146643 2.2555743982909155 -0.12508369300457642 1.0000000180025095e-35 1.9546456052296783 1.2814957575028596 3.960632427988342 2.0562817501514101 0.24753370403618144 2.9521630523888143
decision_type=2 2 2 2 2 2 2 2 2 2
left_child=1 3 -3 -1 5 6 -5 8 -6 -9
right_child=-2 2 -4 4 7 -7 -8 9 -10 -11
leaf_value=0.002948486871131 -0.0027592045627694685 -0.0055595175360217582 0.00091273405158656467 0.00043154147054885245 -5.4380599219529733e-06 -0.0066349703979412785 -0.0052183089003275118 -0.0032062319721620231 0.0041890679483800103 5.8071668524052753e-05
leaf_weight=60 58 64 86 365 395 52 70 197 222 8939
leaf_count=60 58 64 86 365 395 52 70 197 222 8939
internal_value=0 1.49185e-05 -0.00181731 4.21042e-05 2.45578e-05 -0.0011372 -0.000467129 8.30919e-05 0.0014961 -1.18037e-05
internal_weight=10508 10450 150 10300 10240 487 435 9753 617 9136
internal_count=10508 10450 150 10300 10240 487 435 9753 617 9136
is_linear=0
shrinkage=0.05


Tree=161
num_leaves=29
num_cat=0
split_feature=3 23 13 6 7 12 17 10 9 29 13 12 12 10 17 11 11 12 6 5 17 17 5 42 6 7 7 7
split_gain=0.175672 0.315399 0.232594 0.797686 0.691071 0.593902 0.578924 0.784031 0.520401 0.446749 0.343127 0.423192 0.321961 1.01933 1.1805 1.07274 0.770649 0.679659 1.25113 1.04987 0.748753 0.637939 0.743832 0.693809 0.62072 0.532181 0.314138 0.202937
threshold=2.4832778533449802 -0.44961153823665906 13.004637287977436 -0.12007526269855863 -0.21213469379276298 0.95134469731815852 2.9999692811546179 0.40703553954529698 -0.21948754021140537 0.31275527150290566 12.999701030582605 -0.46979815702466005 -0.53915331705990333 0.99936437500587594 0.051121814678655904 -0.41292498874077871 -0.51139156747569914 -0.33434883875347837 -0.56186823124914242 0.39182081032581761 1.0496201656198909 3.000050210194213 -1.0132501376193346 1.0000000180025095e-35 -0.95803293777949106 -0.96302096729522346 -0.63042706179477104 -0.91147242320082833
decision_type=2 2 2 2 2 2 2 2 2 2 2 2 2 2 2 2 2 2 2 2 2 2 2 2 2 2 2 2
left_child=2 -2 3 4 9 10 8 -8 -6 26 11 -5 13 15 -15 16 -4 18 20 -20 -14 23 -23 -19 -17 -16 -1 -12
right_child=1 -3 12 5 6 -7 7 -9 -10 -11 27 -13 17 14 25 24 -18 21 19 -21 -22 22 -24 -25 -26 -27 -28 -29
leaf_value=-0.007332870315774319 0.0042936728474347327 -0.00014704827224820249 0.00076274245267158008 0.004914553827535118 0.00073388658440295463 -0.0015929495239935616 0.0066335558742944131 -0.00077765560314124206 -0.0031156113302027986 0.00091248647463651608 0.0032653264119522178 0.00067722904398026659 0.0079373751828663401 -0.0098072404981978424 -0.005436511654534684 -0.0033192713233329142 0.0053855092951142266 0.00034516497238347828 -0.0012261710282106069 0.0037031817887507681 0.0022558896842494584 0.0020693248505848634 -0.0019909849909186769 -0.001389573387997293 -0.00045770671061307267 -0.00081446986633236713 -0.0024262204585772875 0.0080241252034307722
leaf_weight=55 66 96 570 93 303 78 79 63 123 55 50 170 92 53 80 224 108 4180 406 147 167 132 735 668 1275 298 92 50
leaf_count=55 66 96 570 93 303 78 79 63 123 55 50 170 92 53 80 224 108 4180 406 147 167 132 735 668 1275 298 92 50
internal_value=0 0.00163282 -2.60189e-05 0.000624448 -0.000341079 0.00232132 0.000544893 0.00331206 -0.000366324 -0.0028561 0.00317638 0.0021959 -0.000112803 -0.0005826 -0.00280451 -0.000140305 0.00150717 7.41549e-05 0.00142813 7.55559e-05 0.00429561 -0.000117367 -0.00136687 0.000105082 -0.000888847 -0.00180708 -0.00429977 0.00570031
internal_weight=10508 162 10346 1211 770 441 568 142 426 202 363 263 9135 2608 431 2177 678 6527 812 553 259 5715 867 4848 1499 378 147 100
internal_count=10508 162 10346 1211 770 441 568 142 426 202 363 263 9135 2608 431 2177 678 6527 812 553 259 5715 867 4848 1499 378 147 100
is_linear=0
shrinkage=0.05


Tree=162
num_leaves=31
num_cat=0
split_feature=1 1 15 12 3 2 36 4 6 29 54 31 13 6 15 15 23 11 6 11 51 8 6 17 11 6 1 13 21 13
split_gain=0.168405 0.881167 0.77626 1.08424 0.668459 0.553788 0.627762 0.498274 0.494825 0.44604 0.729967 0.791382 0.81141 0.765163 0.714468 0.837945 0.612653 1.08129 0.843424 1.12379 0.603125 0.535702 0.52705 0.510212 0.698528 1.29344 0.71032 0.421195 0.374234 0.356461
threshold=3.0011858512989225 3.9893355857625767 2.0021425146187655 1.0000000180025095e-35 1.2441021271120485 0.15104751749554271 1.0000000180025095e-35 0.39726149587510384 -0.13045110073543056 0.32494460632320099 1.0000000180025095e-35 0.0022949545664656501 21.996508869059827 1.0147931487070621 6.5732927353817265 2.9997010305826026 -0.88293138434784846 2.1990305679398188 -0.7060809371856398 1.5071326159829574 1.0000000180025095e-35 -2.2332588971772456 -0.20434124125807465 3.6609801471213199 -0.0051184025747257984 -1.0451002194295131 1.9997303405298366 18.996156716355113 0.99988648089087229 17.976033820462973
decision_type=2 2 2 2 2 2 2 2 2 2 2 2 2 2 2 2 2 2 2 2 2 2 2 2 2 2 2 2 2 2
left_child=9 28 3 -3 5 -4 -7 -6 -5 16 11 12 22 29 15 -13 23 18 19 -18 -16 -20 -11 24 25 -1 -26 -9 -2 -12
right_child=1 2 4 8 7 6 -8 27 -10 10 13 14 -14 -15 20 -17 17 -19 21 -21 -22 -23 -24 -25 26 -27 -28 -29 -30 -31
leaf_value=-0.0085725002285738181 -0.00068762256803497955 0.0061436478850557131 -0.0052849385905675535 0.0025295707529533634 0.0063201925365881477 0.00042025229947900591 -0.0015441538461858707 0.0034636554072175734 -0.0039800252609652996 0.0004593257463266002 -0.0018952076928091801 -0.0030185115931590893 0.0066000096369827664 -0.006664649419479373 -0.0045411058472815307 0.0041053855107863867 0.0016957089070502862 0.0073537421060615215 0.0047516908612375884 -0.0049567388190198056 0.0008838796001205693 -0.00029977960313522434 0.0035642453916978987 -0.0044003183087632141 -0.0011385157121531762 -0.0010913861956451637 0.0024150257074714455 -0.002019795343202113 -0.003803284478557413 0.0016101791556592015
leaf_weight=64 172 118 61 59 59 937 715 72 57 314 140 58 108 52 120 138 1085 52 53 67 87 3937 248 103 289 621 272 67 233 150
leaf_count=64 172 118 61 59 59 937 715 72 57 314 140 58 108 52 120 138 1085 52 53 67 87 3937 248 103 289 621 272 67 233 150
internal_value=0 -0.000353976 4.7649e-05 0.00276721 -0.000282869 -0.000603185 -0.000426975 0.00246201 -0.000626717 0.000112928 0.000918057 0.00156109 0.00261457 -0.00108465 -0.000178176 0.00197133 -6.04373e-05 0.000185325 0.000111719 0.00130407 -0.00223757 -0.000231309 0.00183875 -0.00101034 -0.000725763 -0.0017988 0.000575626 0.000785056 -0.00249293 -6.49111e-05
internal_weight=10508 2550 2145 234 1911 1713 1652 198 116 7958 1415 1073 670 342 403 196 6543 5194 5142 1152 207 3990 562 1349 1246 685 561 139 405 290
internal_count=10508 2550 2145 234 1911 1713 1652 198 116 7958 1415 1073 670 342 403 196 6543 5194 5142 1152 207 3990 562 1349 1246 685 561 139 405 290
is_linear=0
shrinkage=0.05


Tree=163
num_leaves=18
num_cat=0
split_feature=7 7 0 0 1 1 23 3 3 35 23 8 23 45 0 21 8
split_gain=0.161012 0.196924 0.398602 0.537181 0.244254 0.936283 0.636212 0.600144 0.661251 0.574355 0.496115 0.831607 0.67588 0.309805 0.301707 0.256724 0.0844948
threshold=-1.4384072874673663 -1.3473979676796055 0.62223609707590999 -0.12508369300457642 2.0027621000963975 2.999984640577309 2.5773802372414027 -1.0904532239741092 0.44012150078324203 0.99944630601664541 -0.93108986633979185 -0.7143172349743323 -0.85950941628006472 1.0000000180025095e-35 0.14098591063004298 0.97613423984841008 -0.37309674468848647
decision_type=2 2 2 2 2 2 2 2 2 2 2 2 2 2 2 2 2
left_child=-1 2 3 -2 6 13 7 9 -9 -3 11 -7 -12 15 -8 -6 -15
right_child=1 4 -4 -5 5 10 14 8 -10 -11 12 -13 -14 16 -16 -17 -18
leaf_value=0.0027994317091899375 -0.0033040741497861676 -0.00049284909676216074 -0.0044708568039419352 0.0038015678247812165 -0.0015038243585929853 -0.0021262412269910181 0.0066752027329767365 0.00066226692717509604 -0.00067025634211673266 -0.0048583528446077082 -0.0034837714437173915 0.0019912523753031499 -8.5756341257451371e-05 -0.0021165431234213875 0.0011650958803934072 -0.0041001411757510811 0.00020890208338638657
leaf_weight=51 52 265 74 54 187 152 55 3620 1250 107 153 615 3420 53 50 213 137
leaf_count=51 52 265 74 54 187 152 55 3620 1250 107 153 615 3420 53 50 213 137
internal_value=0 -1.40659e-05 -0.00165335 0.000268827 1.41752e-05 -0.000239163 0.000248691 0.000170466 0.00031921 -0.00176292 1.37687e-05 0.00116858 -0.000232756 -0.00210787 0.00410252 -0.00289954 -0.000414245
internal_weight=10508 10457 180 106 10277 4930 5347 5242 4870 372 4340 767 3573 590 105 400 190
internal_count=10508 10457 180 106 10277 4930 5347 5242 4870 372 4340 767 3573 590 105 400 190
is_linear=0
shrinkage=0.05


Tree=164
num_leaves=18
num_cat=0
split_feature=8 0 10 14 14 7 14 10 12 3 23 12 10 12 10 12 7
split_gain=0.159596 0.497283 0.215921 1.10007 0.492843 0.780618 0.685288 0.280616 1.07752 1.09018 0.677874 0.289837 0.895378 0.481954 0.346755 0.293303 0.114934
threshold=2.2555743982909155 -0.12508369300457642 1.7173743803563124 4.522979066056533 2.4568850703707885 -0.44697156542760091 1.5708384282165213 1.4653359647733755 0.81465905425244911 0.35727346168380397 -0.68827658024923977 -2.0255147750730971 -0.38798982475873406 -1.8230036138239287 -0.33684079046647675 -1.28167195094066 -0.22302456517158684
decision_type=2 2 2 2 2 2 2 2 2 2 2 2 2 2 2 2 2
left_child=2 -2 7 4 6 -6 -4 11 9 10 -9 12 -1 14 -13 -15 -14
right_child=1 -3 3 -5 5 -7 -8 8 -10 -11 -12 13 16 15 -16 -17 -18
leaf_value=-0.0024667680684734199 -0.0049220574723582398 0.00083151031923712907 0.0013753538227151924 -0.006273612879174416 0.0063426887800073165 -0.0013853018693985857 -0.0049265609786792175 -0.002411862256325142 0.0070525409500134849 -0.0050603025172841487 0.004608158705526561 0 0.0063062020210143789 0.001083020758904404 -0.0053195537684266186 -4.8884268192843816e-05 0.0028259691973663357
leaf_weight=68 65 86 93 82 67 62 79 50 69 74 105 51 61 612 73 8760 51
leaf_count=68 65 86 93 82 67 62 79 50 69 74 105 51 61 612 73 8760 51
internal_value=0 -0.00161372 2.30709e-05 -0.00114106 0.000242184 0.00259154 -0.00149126 6.82859e-05 0.00157949 -5.0132e-05 0.0023113 2.12115e-05 0.00200849 -1.59523e-05 -0.00311177 2.45074e-05 0.00476999
internal_weight=10508 151 10357 383 301 129 172 9974 298 229 155 9676 180 9496 124 9372 112
internal_count=10508 151 10357 383 301 129 172 9974 298 229 155 9676 180 9496 124 9372 112
is_linear=0
shrinkage=0.05


Tree=165
num_leaves=22
num_cat=0
split_feature=30 30 25 5 23 44 5 13 2 0 54 2 14 23 0 2 0 17 14 14 5
split_gain=0.154588 0.267901 0.477543 0.993871 0.745445 0.597439 0.525989 0.323772 0.498555 0.655201 0.544577 0.573271 0.362462 0.346457 0.406581 0.367615 0.355728 0.307439 0.277646 0.235651 0.172981
threshold=2.7866255707509775 1.5358600173055514 0.97313798341429403 1.1319061718200703 -0.26143355018507713 1.0000000180025095e-35 -0.42363144826087712 23.996526308798625 -0.75278865999798172 0.34746760638663771 1.0000000180025095e-35 -0.13908860477488927 2.5301415430367791 -1.2479886830345839 1.8527566084320357 -0.70490519824236109 -0.058061591132225941 1.5443011123247861 0.31300039016016967 3.3605017695572914 0.0093105788489774525
decision_type=2 2 2 2 2 2 2 2 2 2 2 2 2 2 2 2 2 2 2 2 2
left_child=1 7 3 5 -4 19 -7 13 9 17 11 -10 -12 16 18 -16 -1 -9 -15 -3 -6
right_child=-2 2 4 -5 20 6 -8 8 10 -11 12 -13 -14 14 15 -17 -18 -19 -20 -21 -22
leaf_value=0.0054243296750688128 0.0027429391945294904 0.0052722799083083768 0.000680649507418799 -0.0063194447174790133 -0.0078662879429276158 -0.003931864365736803 0.0010302092130978862 -0.0017877082402228625 -0.001443701844068019 0.0074613687392162944 -0.0053210997573803487 0.0025535108113931668 0.0001398660647054896 0.0023919488631178533 0.0056391996164529036 0.00085454531206143275 0.00033924179689154516 0.003717796450030958 -0.00015545827825875491 0.00078292668135490444 -0.0035440633655293378
leaf_weight=58 51 79 71 56 56 81 154 50 133 64 61 268 57 108 54 170 90 50 8696 51 50
leaf_count=58 51 79 71 56 56 81 154 50 133 64 61 268 57 108 54 170 90 50 8696 51 50
internal_value=0 -1.38597e-05 -0.00104173 -0.000113025 -0.00322113 0.000826968 -0.0006598 4.79886e-05 0.00109834 0.00350379 0.000328081 0.00121526 -0.00264295 -2.96589e-05 -6.95464e-05 0.0020323 0.00236812 0.000916058 -0.000123614 0.00355146 -0.00587989
internal_weight=10508 10457 598 421 177 365 235 9859 683 164 519 401 118 9176 9028 224 148 100 8804 130 106
internal_count=10508 10457 598 421 177 365 235 9859 683 164 519 401 118 9176 9028 224 148 100 8804 130 106
is_linear=0
shrinkage=0.05


Tree=166
num_leaves=27
num_cat=0
split_feature=3 22 16 13 6 14 7 9 12 30 3 29 23 12 10 17 13 8 32 6 36 12 6 28 14 10
split_gain=0.154718 0.452265 0.270086 0.209287 0.716058 0.6904 0.68617 0.756918 0.52636 0.442138 0.675135 0.410555 0.342875 0.303878 0.917226 0.975593 0.633396 0.722142 0.646974 0.613101 1.01695 0.614566 1.05167 0.592981 0.575851 0.277499
threshold=2.4832778533449802 4.2556056608343269 0.99775815936918899 13.004637287977436 -0.12007526269855863 3.6506248972564364 -0.39106543787222686 -0.19525748575467108 0.95134469731815852 -0.14763947614101694 -0.14209198825999367 -0.11405811176385867 0.067403131182097717 -0.53915331705990333 1.0148822141642226 0.16898594981349216 20.817436739032125 1.6528417731839129 0.083418851187149812 2.8492293454412576 1.0000000180025095e-35 -0.33434883875347837 -0.56186823124914242 0.98283773229243054 1.7104786259777749 -0.076909078674295389
decision_type=2 2 2 2 2 2 2 2 2 2 2 2 2 2 2 2 2 2 2 2 2 2 2 2 2 2
left_child=3 2 -2 4 5 6 12 -8 9 25 -11 -7 -1 14 16 -16 17 -5 -18 21 -21 22 -15 -23 -17 -6
right_child=1 -3 -4 13 8 11 7 -9 -10 10 -12 -13 -14 19 15 24 18 -19 -20 20 -22 23 -24 -25 -26 -27
leaf_value=-0.0077767462462347203 0.0024430860358166441 0.0054850003273112929 -0.002475069300462103 -0.00041327730839817986 0.0031401587335945103 3.267378339102063e-05 0.00087614913866547028 -0.0034599045150116264 -0.0014818059301979259 0.0013873151226123856 0.0076168298539077348 0.0049914725942965315 -0.0018735926420727776 0.0040577995649320386 -0.0092412642365478272 -0.0045079705271608454 0.0022354287462895326 -0.0050521333866144352 -0.0015498816983960449 0.00092433809266718547 -0.0083731306620513282 -0.00020400203947988887 0.00017330021067498197 0.0016062664185143593 -0.00025743063618643031 -0.00071845270347338942
leaf_weight=51 51 50 61 1534 94 88 355 140 78 83 97 83 53 259 51 126 433 89 151 60 56 5115 541 496 224 89
leaf_count=51 51 50 61 1534 94 88 355 140 78 83 97 83 53 259 51 126 433 89 151 60 56 5115 541 496 224 89
internal_value=0 0.00153247 -0.000190768 -2.4299e-05 0.000592688 -0.000321804 -0.00112751 -0.000340562 0.00220047 0.00300566 0.00477446 0.00247031 -0.00482113 -0.000106644 -0.000563073 -0.00276334 -0.000160925 -0.000671033 0.00124803 7.49715e-05 -0.00352437 0.000140932 0.00143751 -4.30614e-05 -0.00180276 0.00123689
internal_weight=10508 162 112 10346 1211 770 599 495 441 363 180 171 104 9135 2608 401 2207 1623 584 6527 116 6411 800 5611 350 183
internal_count=10508 162 112 10346 1211 770 599 495 441 363 180 171 104 9135 2608 401 2207 1623 584 6527 116 6411 800 5611 350 183
is_linear=0
shrinkage=0.05


Tree=167
num_leaves=18
num_cat=0
split_feature=4 4 6 8 19 6 5 1 0 5 11 1 1 14 22 5 17
split_gain=0.157654 0.216069 0.647144 0.563683 0.48969 0.466731 0.229047 0.709422 0.67005 0.636941 0.615494 0.607048 0.749495 0.706388 0.534343 0.848369 0.730414
threshold=4.6383321639737689 3.0168191366863319 -0.88977070297642802 -0.022596676758315497 0.92926887742167097 0.086756967209794561 0.072532803831549864 1.9844981078085089 1.690743368122759 0.070954981484770918 0.86903823106531763 1.000553693983355 1.9095914262983555 2.4708378291074911 3.0272309060298999 0.39182081032581761 3.0380050744720326
decision_type=2 2 2 2 2 2 2 2 2 2 2 2 2 2 2 2 2
left_child=1 6 -3 5 -5 -4 9 8 10 11 -8 13 -13 -1 15 -9 -16
right_child=-2 2 3 4 -6 -7 7 14 -10 -11 -12 12 -14 -15 16 -17 -18
leaf_value=0.0020325422244488705 0.0027978099830552727 -0.0056980046512680235 0.00013425352093897425 -0.0012721730166078624 0.0047258877853745785 -0.0057510518591336532 -0.00097350819549201514 -0.0020366574910846038 0.004356158129171935 0.004318615496478711 -0.0039628481043209656 -0.0025096827867043172 3.0134234316968162e-05 -6.3374170577766681e-05 0.00024956243080083445 0.0031913291705843029 -0.0023703635657724696
leaf_weight=806 50 66 73 59 77 60 946 103 50 93 213 311 4332 793 1863 303 310
leaf_count=806 50 66 73 59 77 60 946 103 50 93 213 311 4332 793 1863 303 310
internal_value=0 -1.37041e-05 -0.00126315 -0.000154752 0.00208803 -0.00248553 2.71619e-05 -0.000279838 -0.00127969 0.000211522 -0.00152749 0.000149461 -0.000138963 0.000990038 0.000186973 0.00185253 -0.000121987
internal_weight=10508 10458 335 269 136 133 10123 3788 1209 6335 1159 6242 4643 1599 2579 406 2173
internal_count=10508 10458 335 269 136 133 10123 3788 1209 6335 1159 6242 4643 1599 2579 406 2173
is_linear=0
shrinkage=0.05


Tree=168
num_leaves=31
num_cat=0
split_feature=1 1 15 12 3 10 5 8 0 29 10 13 4 6 39 3 5 5 10 8 12 8 12 33 5 14 3 21 30 0
split_gain=0.153651 0.765716 0.675071 0.957604 0.660542 0.585025 0.539781 0.867782 0.446869 0.39416 0.72318 0.901113 1.30398 1.06103 0.640838 0.635862 0.537875 0.579311 0.642782 0.528755 0.853637 0.469703 1.13592 0.954158 0.469071 1.29464 0.521359 0.330958 0.298323 0.246092
threshold=3.0011858512989225 3.9146210943761957 2.0021425146187655 1.0000000180025095e-35 2.4440909835234916 0.21393413796114205 -0.62382547398340205 -0.19203110011828436 -1.4822730188029205 0.32494460632320099 -0.93849816451768542 17.976033820462973 2.2091977143333277 -0.88977070297642802 1.0000000180025095e-35 -0.96249084096073501 -0.62382547398340205 -0.023751142742568097 -1.2008713917520122 2.0328087873576739 0.26035257180267307 0.75401350876362672 -1.6174170720388759 0.91056629720201732 -0.85068570371599794 1.4403499564651174 0.15016896982863767 0.99988648089087229 0.27371186789599861 0.011479549275364551
decision_type=2 2 2 2 2 2 2 2 2 2 2 2 2 2 2 2 2 2 2 2 2 2 2 2 2 2 2 2 2 2
left_child=9 27 3 28 6 -5 7 -4 -8 19 16 14 13 -13 15 -12 -11 -18 -19 21 -21 24 -23 -24 25 -1 -26 -2 -3 -29
right_child=1 2 4 5 -6 -7 8 -9 -10 10 11 12 -14 -15 -16 -17 17 18 -20 20 -22 22 23 -25 26 -27 -28 29 -30 -31
leaf_value=-0.0022054173887518149 -0.00063949357526852399 0.0079650325356426088 0.00091542423072710081 0.0024114097585498659 0.0053762191495748462 -0.0047365325223282725 0.0031993396064844883 -0.0038339488781836749 -0.00022869204440866556 0.002697709290288299 0.0047354716398696839 -0.00097032318684467345 -0.0026034663260946708 0.0048474371540035508 -0.0039919626877678461 -0.00015141627360097733 -0.0071206326651582982 0.0018540463076527807 -0.0047485186516923019 0.00014324614764871048 -0.0073035439400157684 -0.0062451179648772767 0.0018508485768200938 -0.0028011779890168317 -8.4318739171626818e-06 0.0021479933625327425 -0.0011661878922917558 -0.0021442445799352652 0.0026933580447433044 -0.0056274968629470845
leaf_weight=238 159 67 152 66 50 50 102 255 1379 58 80 95 95 413 87 384 55 82 66 91 65 52 940 124 2987 598 1448 124 51 95
leaf_count=238 159 67 152 66 50 50 102 255 1379 58 80 95 95 413 87 384 55 82 66 91 65 52 940 124 2987 598 1448 124 51 95
internal_value=0 -0.000338039 2.11711e-05 0.0025595 -0.00028285 -0.000627959 -0.000435645 -0.00204816 4.22887e-06 0.000107944 0.000864809 0.00140461 0.00274019 0.00374965 -4.81721e-05 0.000681216 -0.00150237 -0.00272775 -0.0010578 -5.49837e-05 -0.00293024 1.45054e-05 0.000947035 0.00130378 -0.000182 0.00090253 -0.000387577 -0.00241476 0.00573314 -0.00367994
internal_weight=10508 2550 2172 234 1938 116 1888 407 1481 7958 1415 1154 603 508 551 464 261 203 148 6543 156 6387 1116 1064 5271 836 4435 378 118 219
internal_count=10508 2550 2172 234 1938 116 1888 407 1481 7958 1415 1154 603 508 551 464 261 203 148 6543 156 6387 1116 1064 5271 836 4435 378 118 219
is_linear=0
shrinkage=0.05


Tree=169
num_leaves=31
num_cat=0
split_feature=11 23 4 7 17 15 4 29 17 13 15 23 7 30 30 6 8 29 6 6 0 7 6 31 2 16 23 44 29 23
split_gain=0.154411 0.841884 1.05326 1.27928 0.816806 0.810937 0.786954 0.730631 0.729825 0.778557 0.710184 0.825427 1.40601 0.649998 1.57048 0.620402 0.602474 0.563899 0.726883 1.32946 0.559583 0.559257 0.478999 0.454545 0.415258 0.414063 0.399838 0.728724 0.46589 0.37602
threshold=-0.088952629691505886 0.50562626481201367 0.053959672308090505 -0.92833785739010144 4.9992858284604127 12.790015539938841 2.9993804676660694 -1.1127402696877786 3.2122060638102261 16.032977306342797 2.0990800389496496 -1.0559749690316218 -0.40977806863006189 -0.14763947614101694 -0.14429265770524644 -1.0451002194295131 -0.13317885207132737 -0.98360033547347892 -0.7060809371856398 -0.4943870878667555 -1.4146467298547694 -0.19154277239058895 -0.17520419227408432 0.31387718774991097 0.074726202376511064 0.99775815936918899 0.067403131182097717 1.0000000180025095e-35 0.059501320518100906 -1.2479886830345839
decision_type=2 2 2 2 2 2 2 2 2 2 2 2 2 2 2 2 2 2 2 2 2 2 2 2 2 2 2 2 2 2
left_child=1 17 5 -4 8 -3 7 -5 10 25 11 12 -2 15 -15 -12 21 18 -1 -20 -21 -11 -13 -18 -8 -10 28 -28 -6 -19
right_child=4 2 3 6 26 -7 24 -9 9 16 13 22 -14 14 -16 -17 23 29 19 20 -22 -23 -24 -25 -26 -27 27 -29 -30 -31
leaf_value=0.0039068381600256379 -0.0025621211890769573 0.0059864598806298281 0.0041935060535436058 -0.0054746149596491683 0.0081712799083783431 0.00022934794377619502 0.0063838906405625897 -0.00069811803145715455 -0.0013778725878972958 -0.0026918883214813016 -0.0032988354800268893 0.0027716980588211324 0.0035578467874995568 0.0035957243559282524 4.2911354155515735e-05 -0.00033160514490577331 -0.0055673399532831626 0.002839077470317343 -0.0068326085204247315 -0.0029329909871892886 0.0018453711324334561 0.0039415743096298389 0.0085628537992488117 -0.0011353079430282318 0 0.0039401288982898143 -0.0034552674937599194 0.0046581502439859658 0.0015387768331104647 -0.00092806257003714336
leaf_weight=145 176 160 159 96 62 102 52 504 67 79 196 98 200 369 1997 1804 184 67 64 75 321 53 60 89 52 78 50 61 50 3038
leaf_count=145 176 160 159 96 62 102 52 504 67 79 196 98 200 369 1997 1804 184 67 64 75 321 53 60 89 52 78 50 61 50 3038
internal_value=0 -0.00020801 0.000988449 0.000139329 0.000176546 0.00376516 -0.00076968 -0.00147147 5.42249e-05 -0.00167145 0.000248974 0.00197017 0.000679967 3.72712e-05 0.000599248 -0.000625044 -0.00280112 -0.000572182 0.000820018 -0.000142771 0.000927243 0 0.00500652 -0.00414172 0.00322863 0.00144913 0.00314224 0.000958633 0.00525896 -0.000845076
internal_weight=10508 4835 1125 863 5673 262 704 600 5450 550 4900 534 376 4366 2366 2000 405 3710 605 460 396 132 158 273 104 145 223 111 112 3105
internal_count=10508 4835 1125 863 5673 262 704 600 5450 550 4900 534 376 4366 2366 2000 405 3710 605 460 396 132 158 273 104 145 223 111 112 3105
is_linear=0
shrinkage=0.05


Tree=170
num_leaves=15
num_cat=0
split_feature=7 6 26 34 20 0 30 10 9 18 23 11 10 25
split_gain=0.150132 0.183373 0.168319 0.769145 0.799189 0.874169 0.726548 0.292161 0.56444 0.819953 0.602158 0.486326 0.982071 0.616768
threshold=-1.4384072874673663 3.1922895879637587 1.0000000180025095e-35 0.99944630601664541 0.0019054480061073502 -1.487399508456267 0.27371186789599861 -0.18707338244265445 -0.30229715475936314 0.99114140806372186 -0.54534767386305727 -1.3424386564789084 1.2149054294149513 0.99973034052983667
decision_type=2 2 2 2 2 2 2 2 2 2 2 2 2 2
left_child=-1 2 7 4 -4 -6 -5 8 10 -10 -2 12 -9 -13
right_child=1 -3 3 6 5 -7 -8 11 9 -11 -12 13 -14 -15
leaf_value=0.0027033179254797807 -0.00083802145627716079 -0.0024272842639186699 0.0033761477954563019 0.0058351182697759449 -0.0077648657732757205 -0.001126973577825935 -0.001454457382998577 0.0026727427644300415 0.00080960681407405994 0.004784992368015756 0.00064069195986871021 3.9069984942491433e-05 -0.0026062651384143772 -0.0012040547593743832
leaf_weight=51 1141 78 91 84 53 842 56 357 828 155 1734 3536 116 1386
leaf_count=51 1141 78 91 84 53 842 56 357 828 155 1734 3536 116 1386
internal_value=0 -1.3464e-05 4.21772e-06 -0.000572448 -0.00106863 -0.00152647 0.00288464 7.49381e-05 0.000407544 0.00144196 5.20878e-05 -0.000161987 0.00136726 -0.000309987
internal_weight=10508 10457 10379 1126 986 895 140 9253 3858 983 2875 5395 473 4922
internal_count=10508 10457 10379 1126 986 895 140 9253 3858 983 2875 5395 473 4922
is_linear=0
shrinkage=0.05


Tree=171
num_leaves=31
num_cat=0
split_feature=11 15 8 11 2 25 0 14 14 8 4 6 6 51 14 38 15 0 21 12 11 12 14 8 11 17 17 5 17 7
split_gain=0.146336 0.813417 0.996284 1.0392 0.766388 0.734681 0.632947 0.564583 0.563578 0.532323 1.13161 0.612036 0.661234 0.493518 0.485463 0.707574 0.78844 0.827656 0.934118 0.517586 0.453318 0.734695 0.731017 0.654905 0.584663 0.641307 0.490958 0.53712 0.522149 0.440244
threshold=-0.59041378669522704 8.9951572168196243 -0.41218234942241355 -0.96617493790843412 0.3184625471330223 0.94357507388573503 0.21397056782418214 3.1784633448669091 8.0483192674410926 1.3107246659808294 1.0000000180025095e-35 2.2532559186398502 -0.61005382325578539 1.0000000180025095e-35 0.63002562433882392 1.0000000180025095e-35 7.8305760277004159 0.41782439755281331 0.57319615397875079 0.47311668878313201 -0.42308662115113077 1.3555947649311981 5.3502850860796451 0.89229724318276837 -0.25614664581974089 0.99833302829423731 4.9992858284604127 -0.2972179997211602 3.2122060638102261 -0.44697156542760091
decision_type=2 2 2 2 2 2 2 2 2 2 2 2 2 2 2 2 2 2 2 2 2 2 2 2 2 2 2 2 2 2
left_child=1 8 3 6 13 7 -3 -6 9 11 -11 12 -1 29 15 16 17 18 -2 -18 21 22 23 -16 25 -22 28 -28 -26 -4
right_child=14 2 4 -5 5 -7 -8 -9 -10 10 -12 -13 -14 -15 20 -17 19 -19 -20 -21 24 -23 -24 -25 26 -27 27 -29 -30 -31
leaf_value=-0.0019270954841239718 0.001583062085237525 -0.0024426348320061584 0.0081543500390616579 -0.0069443741241461661 0.0048856554332336322 -0.0044721841299272353 0.0046548369501230322 -0.0016837326576423567 0.0042571580707465645 -0.0099430613345215593 -0.0010518420076947503 -0.0053487351823395752 0.00014288818083491199 0.0012634565261640043 0.00038743223936041728 -0.0024475504952240087 0.0024576359298951276 0.00012155100527990571 0.010385943063161587 -0.0041323771743092931 -0.006671001253895208 -0.0038378074239861734 0.0058676181982875546 0.0051857072445955343 8.1783359888704435e-05 -0.001097697979303068 -0.00083963883914469825 0.0041465782672218529 -0.0014829876857925606 0.0032675191652045601
leaf_weight=562 50 69 83 67 74 66 57 57 53 50 131 68 1218 125 557 77 71 65 82 51 60 67 89 82 5242 398 84 144 593 116
leaf_count=562 50 69 83 67 74 66 57 57 53 50 131 68 1218 125 557 77 71 65 82 51 60 67 89 82 5242 398 84 144 593 116
internal_value=0 -0.000310093 0.0011432 -0.00191073 0.00228424 -0.000150814 0.00072962 0.00198998 -0.000810915 -0.000945967 -0.00353972 -0.000689041 -0.000507931 0.00377983 0.000112135 0.00181716 0.00286269 0.00481943 0.00709309 -0.000257384 1.91382e-05 0.00114687 0.00161295 0.00101171 -0.000117596 -0.00184004 1.17209e-05 0.00228807 -7.64072e-05 0.00533393
internal_weight=10508 2796 714 193 521 197 126 131 2082 2029 181 1848 1780 324 7712 396 319 197 132 122 7316 795 728 639 6521 458 6063 228 5835 199
internal_count=10508 2796 714 193 521 197 126 131 2082 2029 181 1848 1780 324 7712 396 319 197 132 122 7316 795 728 639 6521 458 6063 228 5835 199
is_linear=0
shrinkage=0.05


Tree=172
num_leaves=31
num_cat=0
split_feature=23 15 3 15 0 8 9 15 36 29 9 29 11 40 8 11 8 9 6 15 9 11 5 13 5 23 8 23 5 54
split_gain=0.14953 0.955152 1.13674 0.714782 0.810419 0.691382 0.66607 0.673322 0.662938 1.07181 0.985644 1.09203 0.552204 0.825287 1.01271 0.87311 0.775878 0.856357 0.654285 0.639328 0.52354 0.707475 1.02646 0.847419 0.731719 0.513671 0.510383 0.483958 0.460239 0.436786
threshold=0.043497739588190455 7.9999846405773098 0.73007006132580476 6.9969080886795529 -0.87150287921397074 -0.22250658482728167 -0.54687449400875765 6.0391461639591748 1.0000000180025095e-35 -0.46490016777681548 -0.3221597257535298 0.53407453452261666 -0.0051184025747257984 1.0000000180025095e-35 -1.1829622267419406 2.0921102521295727 -1.9535082326782447 -0.66081716861732442 -0.95803293777949106 5.9977844502453452 -0.65305735918336183 -1.0084154643817251 0.62663407270718385 16.65329490392693 1.2261817310437908 -0.092146751470953886 2.2555743982909155 -0.20165460307852237 0.81208270631487878 1.0000000180025095e-35
decision_type=2 2 2 2 2 2 2 2 2 2 2 2 2 2 2 2 2 2 2 2 2 2 2 2 2 2 2 2 2 2
left_child=3 2 6 12 5 -5 -2 -8 10 -10 25 -12 16 14 -14 -16 -1 -18 -15 -19 -3 22 23 -22 -24 -6 29 -11 -9 -23
right_child=1 20 -4 4 8 -7 7 28 9 27 11 -13 13 18 15 -17 17 19 -20 -21 21 26 24 -25 -26 -27 -28 -29 -30 -31
leaf_value=-0.0050106396506241387 -0.0088540340957838741 0.0041141279689223551 0.0029260976860920594 0.0029371981023930812 0.00412200573166092 -0.0040318315428378836 -0.0076377924761674562 -0.00054248401220977397 -0.004267963631636661 -0.00076854877946661406 0.0094658193156640646 0.0014379093070088032 0.0042801273286009025 -0.0055025500192489489 0.00071252102949037805 -0.0059609221687685413 0.0060415333433991667 -0.00079426614130497951 -0.00055759669253276631 0.0014122841139737022 -0.00017353087432035245 8.0817035431001078e-05 -0.005133529855333707 0.0047257540329910912 0.0022334274339743262 -0.0023909094782593376 -0.0049427916062601837 0.0052121574498280874 -0.0054825572161984817 -0.0013394550567204537
leaf_weight=93 51 77 83 55 56 98 57 220 76 51 114 70 200 80 2024 50 51 2355 427 380 134 2341 80 248 57 65 59 93 61 702
leaf_count=93 51 77 83 55 56 98 57 220 76 51 114 70 200 80 2024 50 51 2355 427 380 134 2341 80 248 57 65 59 93 61 702
internal_value=0 -0.000232708 -0.00235074 0.000152811 0.00168699 -0.00149368 -0.00348996 -0.00266342 0.00262356 0.000505166 0.00413453 0.00644132 -3.01079e-05 0.00047144 0.00087948 0.000548947 -0.000516319 -0.000364325 -0.00134866 -0.00048582 3.63353e-05 -4.91087e-05 0.00165772 0.00299448 -0.00203258 0.000582959 -0.000336337 0.00306023 -0.00163424 -0.000245221
internal_weight=10508 4170 472 6338 678 153 389 338 525 220 305 184 5660 2781 2274 2074 2879 2786 507 2735 3698 3621 519 382 137 121 3102 144 281 3043
internal_count=10508 4170 472 6338 678 153 389 338 525 220 305 184 5660 2781 2274 2074 2879 2786 507 2735 3698 3621 519 382 137 121 3102 144 281 3043
is_linear=0
shrinkage=0.05


Tree=173
num_leaves=19
num_cat=0
split_feature=8 32 23 8 14 23 15 9 35 15 11 7 14 11 2 6 9 11
split_gain=0.150568 0.581019 0.380079 0.340219 0.629465 0.224403 0.757712 0.747519 0.673151 0.573405 0.732329 0.759491 0.610875 0.71707 0.599906 0.50418 0.49083 0.557159
threshold=-2.1078829216025663 0.043456018975840907 -0.32594017573228018 -1.8511445386620422 2.971105939907345 0.043497739588190455 7.9999846405773098 -0.5389431827361375 0.99944630601664541 6.9969080886795529 -0.89501271170880481 0.30027087239924971 3.9492373842713415 -2.0097688564783547 -0.65548971004637913 -0.043083079737062539 -0.65305735918336183 -1.3424386564789084
decision_type=2 2 2 2 2 2 2 2 2 2 2 2 2 2 2 2 2 2
left_child=1 2 -1 4 -2 9 7 -7 -9 12 15 -12 13 -5 -14 -11 -8 -18
right_child=3 -3 -4 5 -6 6 16 8 -10 10 11 -13 14 -15 -16 -17 17 -19
leaf_value=0.00032778933897679177 0.00073739992517556736 -0.003134400177694157 0.0056020318135236828 -0.0051026805554183034 -0.0061110519472794408 -0.0074103602755988349 0.0039086885308187306 -0.0001097401992247884 -0.0047057948138378878 -0.0042224198440264232 0.0011667546280234792 0.0053389152190615619 0.0027499622774255655 -0.00016933510472903895 0.00031019984808658153 0.0020904751297691564 0.0020214333778526931 -0.00030981656698065782
leaf_weight=69 68 51 72 75 64 60 77 290 111 80 367 158 352 4146 907 51 278 3232
leaf_count=69 68 51 72 75 64 60 77 290 111 80 367 158 352 4146 907 51 278 3232
internal_value=0 0.00138672 0.00305852 -2.60751e-05 -0.00254732 6.13783e-06 -0.000282318 -0.00219044 -0.00139529 0.000197252 0.00159428 0.00243268 2.90784e-05 -0.000258296 0.000996461 -0.00172687 -3.56382e-05 -0.000123699
internal_weight=10508 192 141 10316 132 10184 4048 461 401 6136 656 525 5480 4221 1259 131 3587 3510
internal_count=10508 192 141 10316 132 10184 4048 461 401 6136 656 525 5480 4221 1259 131 3587 3510
is_linear=0
shrinkage=0.05


Tree=174
num_leaves=30
num_cat=0
split_feature=43 11 14 32 12 35 12 35 8 30 0 45 12 11 0 23 29 12 23 25 13 0 29 29 14 29 23 17 12
split_gain=0.139194 0.604542 0.932698 0.85725 0.649847 0.588504 0.61013 0.5272 0.48225 0.430719 0.636452 0.374431 0.733242 0.365665 0.337344 0.795463 0.413636 0.992784 0.975656 0.913842 0.595658 0.380222 0.655536 0.371008 0.504884 0.47125 0.367305 0.325936 0.248221
threshold=1.0000000180025095e-35 0.24584334640806907 1.6310185419582235 0.029112689244621303 0.2011560768743588 0.013772275336770601 -0.13157858136049025 0.99944630601664541 0.060979111758852809 -0.14763947614101694 0.42664165684556127 1.0000000180025095e-35 -0.27890086301326095 0.91491263361532782 -2.0255244191036303 -0.88293138434784846 -1.4840607490421875 0.90944817247524556 -0.20165460307852237 0.010836341618995151 17.976033820462973 -1.7043795702481404 -0.16571408544957869 -0.98360033547347892 0.7404664573759886 -1.2153272562963462 0.040335859251777052 2.0142179103795104 0.020157916985335051
decision_type=2 2 2 2 2 2 2 2 2 2 2 2 2 2 2 2 2 2 2 2 2 2 2 2 2 2 2 2 2
left_child=14 2 4 5 7 13 -7 -2 -5 11 27 12 -4 -3 15 -1 17 18 19 -16 -20 22 28 25 -25 -23 -17 -11 -18
right_child=1 3 9 8 -6 6 -8 -9 -10 10 -12 -13 -14 -15 16 26 21 -19 20 -21 -22 23 -24 24 -26 -27 -28 -29 -30
leaf_value=-0.003199947504201571 -0.0037406524976794486 0.0028334771541508406 0.0011565532513929376 0.00078412859825651446 -0.00024245548451811317 0.0037244868668637647 -0.0031557966289079719 -0.010111816917973323 -0.0054194495748651986 0.0060035787221824509 -0.0019117574799548305 0.0013463295513965322 -0.0056797748161880879 0.0082525584049255203 -0.0049406239319051267 0.0064950435331904135 -0.00658821108055219 -0.0059552391010840615 -5.1354085632040538e-05 0.0026612767119502125 0.0066970670472788546 -0.00011791818911819988 0.002479235814166759 0.0014598756179501002 -9.7950567958084489e-05 0.0020447566962567896 0.0014556778078714998 0.00065853540820239118 -0.001863904564929795
leaf_weight=52 98 95 64 58 76 61 68 52 65 72 78 73 97 50 124 73 60 97 66 57 62 465 50 561 7107 539 78 51 59
leaf_count=52 98 95 64 58 76 61 68 52 65 72 78 73 97 50 124 73 60 97 66 57 62 465 50 561 7107 539 78 51 59
internal_value=0 -0.000544054 -0.00147328 0.000990493 -0.00407888 0.0025559 5.93059e-05 -0.0059879 -0.00245531 -0.000107455 0.00157733 -0.00157605 -0.00293216 0.00474098 6.0677e-05 0.00207661 1.58585e-05 -0.00154379 -0.000141311 -0.0025189 0.00318106 8.80635e-05 -0.00225842 0.000134394 1.53873e-05 0.00103823 0.0039277 0.00383029 -0.00429142
internal_weight=10508 1058 661 397 226 274 129 150 123 435 201 234 161 145 9450 203 9247 406 309 181 128 8841 169 8672 7668 1004 151 123 119
internal_count=10508 1058 661 397 226 274 129 150 123 435 201 234 161 145 9450 203 9247 406 309 181 128 8841 169 8672 7668 1004 151 123 119
is_linear=0
shrinkage=0.05


end of trees

feature_importances:
sodium=207
length_of_stay=197
vital_instability=197
systolic_bp=185
follow_up_within_7_days=181
heart_rate=179
bnp_missing=175
age=168
medication_changes=165
medication_complexity=162
diastolic_bp=161
hemoglobin=154
frailty_score=151
creatinine=147
respiratory_rate=146
functional_status=141
social_isolation=136
charlson_score=129
prior_admissions_12mo=113
egfr=109
bnp=107
num_medications=95
num_comorbidities=91
moderate_kidney_disease=91
hypertension=84
num_high_risk_meds=64
discharge_disposition_Home_with_Services=57
has_caregiver=54
hemoglobin_missing=46
creatinine_missing=45
age_group_65-80=42
race_White=38
high_utilizer=37
discharge_disposition_Home=37
lives_alone=32
insurance_Medicare=32
sodium_missing=31
race_Black=30
transportation_access=28
admission_diagnosis_Pneumonia=28
race_Hispanic=27
gender_male=23
discharge_disposition_Rehabilitation=22
admission_diagnosis_Renal_Failure=21
discharge_disposition_SNF=21
admission_diagnosis_Diabetes=20
admission_diagnosis_COPD=19
insurance_Private=19
admission_diagnosis_MI=17
admission_diagnosis_Sepsis=17
admission_diagnosis_Stroke=15
age_group_<50=13
elevated_bnp=12
severe_kidney_disease=11
anemia=11
insurance_Uninsured=4
age_group_80+=4
race_Other=1

parameters:
[boosting: gbdt]
[objective: regression]
[metric: l2]
[tree_learner: serial]
[device_type: cpu]
[data_sample_strategy: bagging]
[data: ]
[valid: ]
[num_iterations: 500]
[learning_rate: 0.05]
[num_leaves: 31]
[num_threads: 0]
[seed: 0]
[deterministic: 0]
[force_col_wise: 0]
[force_row_wise: 0]
[histogram_pool_size: -1]
[max_depth: 6]
[min_data_in_leaf: 50]
[min_sum_hessian_in_leaf: 0.001]
[bagging_fraction: 0.8]
[pos_bagging_fraction: 1]
[neg_bagging_fraction: 1]
[bagging_freq: 0]
[bagging_seed: 3]
[bagging_by_query: 0]
[feature_fraction: 0.8]
[feature_fraction_bynode: 1]
[feature_fraction_seed: 2]
[extra_trees: 0]
[extra_seed: 6]
[early_stopping_round: 0]
[early_stopping_min_delta: 0]
[first_metric_only: 0]
[max_delta_step: 0]
[lambda_l1: 0.1]
[lambda_l2: 0.1]
[linear_lambda: 0]
[min_gain_to_split: 0]
[drop_rate: 0.1]
[max_drop: 50]
[skip_drop: 0.5]
[xgboost_dart_mode: 0]
[uniform_drop: 0]
[drop_seed: 4]
[top_rate: 0.2]
[other_rate: 0.1]
[min_data_per_group: 100]
[max_cat_threshold: 32]
[cat_l2: 10]
[cat_smooth: 10]
[max_cat_to_onehot: 4]
[top_k: 20]
[monotone_constraints: ]
[monotone_constraints_method: basic]
[monotone_penalty: 0]
[feature_contri: ]
[forcedsplits_filename: ]
[refit_decay_rate: 0.9]
[cegb_tradeoff: 1]
[cegb_penalty_split: 0]
[cegb_penalty_feature_lazy: ]
[cegb_penalty_feature_coupled: ]
[path_smooth: 0]
[interaction_constraints: ]
[verbosity: 1]
[saved_feature_importance_type: 0]
[use_quantized_grad: 0]
[num_grad_quant_bins: 4]
[quant_train_renew_leaf: 0]
[stochastic_rounding: 1]
[linear_tree: 0]
[max_bin: 255]
[max_bin_by_feature: ]
[min_data_in_bin: 3]
[bin_construct_sample_cnt: 200000]
[data_random_seed: 1]
[is_enable_sparse: 1]
[enable_bundle: 1]
[use_missing: 1]
[zero_as_missing: 0]
[feature_pre_filter: 1]
[pre_partition: 0]
[two_round: 0]
[header: 0]
[label_column: ]
[weight_column: ]
[group_column: ]
[ignore_column: ]
[categorical_feature: ]
[forcedbins_filename: ]
[precise_float_parser: 0]
[parser_config_file: ]
[objective_seed: 5]
[num_class: 1]
[is_unbalance: 0]
[scale_pos_weight: 1]
[sigmoid: 1]
[boost_from_average: 1]
[reg_sqrt: 0]
[alpha: 0.9]
[fair_c: 1]
[poisson_max_delta_step: 0.7]
[tweedie_variance_power: 1.5]
[lambdarank_truncation_level: 30]
[lambdarank_norm: 1]
[label_gain: ]
[lambdarank_position_bias_regularization: 0]
[eval_at: ]
[multi_error_top_k: 1]
[auc_mu_weights: ]
[num_machines: 1]
[local_listen_port: 12400]
[time_out: 120]
[machine_list_filename: ]
[machines: ]
[gpu_platform_id: -1]
[gpu_device_id: -1]
[gpu_use_dp: 0]
[num_gpu: 1]

end of parameters

pandas_categorical:[]
